{
    "combination": [
        0,
        1
    ],
    "permutation": [
        0,
        1
    ],
    "bass": {
        "SI-SDR": [
            1.7271425018876643,
            1.6167901947095462
        ],
        "SI-SIR": [
            8.954155623205438,
            8.736825862386546
        ],
        "SI-SAR": [
            2.638886599831381,
            2.553908547725716
        ],
        "SD-SDR": [
            0.19054715483040008,
            0.3363597896713877
        ],
        "SNR": [
            3.9073019826880095,
            3.777434119061601
        ],
        "SRR": [
            5.448463505744043,
            6.265140146440929
        ],
        "SI-SDRi": [
            6.207540640618138,
            7.043370205394778
        ],
        "SD-SDRi": [
            4.670961022369287,
            5.763144377354781
        ],
        "SNRi": [
            8.360071964926775,
            9.316287156929565
        ],
        "MIX-SI-SDR": [
            -4.480398138730473,
            -5.426580010685232
        ],
        "MIX-SD-SDR": [
            -4.480413867538887,
            -5.426784587683393
        ],
        "MIX-SNR": [
            -4.452769982238766,
            -5.5388530378679635
        ]
    },
    "drums+other+vocals": {
        "SI-SDR": [
            7.437366479428556,
            8.559067172763196
        ],
        "SI-SIR": [
            12.341628649734808,
            14.048736075374917
        ],
        "SI-SAR": [
            9.133252214128444,
            10.000905831102981
        ],
        "SD-SDR": [
            6.793262819137075,
            7.884886154310915
        ],
        "SNR": [
            8.155731163026198,
            9.121270171480667
        ],
        "SRR": [
            15.399620518444525,
            16.307694730997543
        ],
        "SI-SDRi": [
            2.9944863227398493,
            2.988559872418528
        ],
        "SD-SDRi": [
            2.3503983912567827,
            2.314583430964407
        ],
        "SNRi": [
            3.7029611807874314,
            3.5824171336127044
        ],
        "MIX-SI-SDR": [
            4.442880156688707,
            5.570507300344668
        ],
        "MIX-SD-SDR": [
            4.442864427880292,
            5.570302723346508
        ],
        "MIX-SNR": [
            4.452769982238767,
            5.538853037867963
        ]
    }
}