{
    "combination": [
        0,
        1
    ],
    "permutation": [
        0,
        1
    ],
    "bass": {
        "SI-SDR": [
            -3.089199215745733,
            -2.008166193649085
        ],
        "SI-SIR": [
            -0.7812948091434024,
            0.9196159418750703
        ],
        "SI-SAR": [
            0.7594354050498997,
            1.086249875468382
        ],
        "SD-SDR": [
            -3.4060011785755266,
            -2.2431317081167728
        ],
        "SNR": [
            -0.529588193504132,
            0.016411629751955217
        ],
        "SRR": [
            8.121401423669845,
            10.541623234047862
        ],
        "SI-SDRi": [
            2.8021525172406676,
            3.598735618040276
        ],
        "SD-SDRi": [
            2.491489765242507,
            3.3641225138150497
        ],
        "SNRi": [
            4.746915974416083,
            5.475722153328696
        ],
        "MIX-SI-SDR": [
            -5.891351732986401,
            -5.606901811689361
        ],
        "MIX-SD-SDR": [
            -5.897490943818034,
            -5.607254221931822
        ],
        "MIX-SNR": [
            -5.276504167920216,
            -5.4593105235767405
        ]
    },
    "drums+other+vocals": {
        "SI-SDR": [
            3.26246962137611,
            4.214385649122365
        ],
        "SI-SIR": [
            12.38065281725498,
            14.563366385264185
        ],
        "SI-SAR": [
            3.83006202035369,
            4.63486085108609
        ],
        "SD-SDR": [
            -0.33060759447264054,
            1.3089188196939663
        ],
        "SNR": [
            4.674358795652653,
            5.395193596667431
        ],
        "SRR": [
            2.165945711958339,
            4.426645168124778
        ],
        "SI-SDRi": [
            -1.8405003320350355,
            -1.203444432354349
        ],
        "SD-SDRi": [
            -5.427438337052157,
            -4.10855885154029
        ],
        "SNRi": [
            -0.6021453722675627,
            -0.06411692690930959
        ],
        "MIX-SI-SDR": [
            5.1029699534111455,
            5.417830081476714
        ],
        "MIX-SD-SDR": [
            5.096830742579517,
            5.4174776712342565
        ],
        "MIX-SNR": [
            5.276504167920216,
            5.4593105235767405
        ]
    }
}