{
    "combination": [
        0,
        1
    ],
    "permutation": [
        0,
        1
    ],
    "bass": {
        "SI-SDR": [
            -3.5582754040159097,
            -3.3523762908905788
        ],
        "SI-SIR": [
            -0.07489864675834478,
            1.5178162444307899
        ],
        "SI-SAR": [
            -0.9745446393947523,
            -1.6401204052844238
        ],
        "SD-SDR": [
            -3.8064016072495646,
            -3.5792797958987674
        ],
        "SNR": [
            -1.1021557996863705,
            -1.0327878168384639
        ],
        "SRR": [
            8.748187645637307,
            9.353109081043483
        ],
        "SI-SDRi": [
            5.078564440002704,
            6.529143293823379
        ],
        "SD-SDRi": [
            4.831397609146953,
            6.30231089394198
        ],
        "SNRi": [
            7.193506270612028,
            8.739853737045973
        ],
        "MIX-SI-SDR": [
            -8.636839844018613,
            -9.881519584713958
        ],
        "MIX-SD-SDR": [
            -8.637799216396518,
            -9.881590689840747
        ],
        "MIX-SNR": [
            -8.295662070298398,
            -9.772641553884437
        ]
    },
    "drums+other+vocals": {
        "SI-SDR": [
            6.608086744049202,
            8.282194545356393
        ],
        "SI-SIR": [
            17.319233423196557,
            19.941709601850594
        ],
        "SI-SAR": [
            6.993380447952811,
            8.589160860954355
        ],
        "SD-SDR": [
            4.171050372193428,
            6.648480161314287
        ],
        "SNR": [
            7.12715480767517,
            8.658924504115697
        ],
        "SRR": [
            7.8419595498121915,
            11.68584238453075
        ],
        "SI-SDRi": [
            -1.6387204677120932,
            -1.47910184634914
        ],
        "SD-SDRi": [
            -4.074797467189964,
            -3.112745125264455
        ],
        "SNRi": [
            -1.168507262623228,
            -1.1137170497687396
        ],
        "MIX-SI-SDR": [
            8.246807211761295,
            9.761296391705534
        ],
        "MIX-SD-SDR": [
            8.245847839383392,
            9.761225286578743
        ],
        "MIX-SNR": [
            8.295662070298398,
            9.772641553884437
        ]
    }
}