{
    "combination": [
        0,
        1
    ],
    "permutation": [
        0,
        1
    ],
    "bass": {
        "SI-SDR": [
            -0.47343694717174584,
            -0.6444027907334094
        ],
        "SI-SIR": [
            0.9642363263631151,
            0.5052006060534863
        ],
        "SI-SAR": [
            5.026828790454583,
            5.690089579364193
        ],
        "SD-SDR": [
            -0.8793016037798083,
            -1.1465178048832967
        ],
        "SNR": [
            1.601117572022856,
            1.6325007421434865
        ],
        "SRR": [
            9.616081214383374,
            8.471932146246214
        ],
        "SI-SDRi": [
            2.4552552696596397,
            2.009934816817325
        ],
        "SD-SDRi": [
            2.0501374522023137,
            1.5103959944217968
        ],
        "SNRi": [
            4.372421052200959,
            4.006855373005416
        ],
        "MIX-SI-SDR": [
            -2.9286922168313856,
            -2.6543376075507346
        ],
        "MIX-SD-SDR": [
            -2.929439055982122,
            -2.6569137993050935
        ],
        "MIX-SNR": [
            -2.771303480178103,
            -2.374354630861929
        ]
    },
    "drums+other+vocals": {
        "SI-SDR": [
            3.192429278895221,
            2.685583766280928
        ],
        "SI-SIR": [
            9.353155291533763,
            7.7063660086584935
        ],
        "SI-SAR": [
            4.396094960581766,
            4.326891407524845
        ],
        "SD-SDR": [
            -1.5269435696180045,
            -2.511511071350023
        ],
        "SNR": [
            4.3645686800150685,
            3.996457566188631
        ],
        "SRR": [
            0.2601227769352427,
            -0.9488378018398305
        ],
        "SI-SDRi": [
            0.5035610321257011,
            0.471089470740647
        ],
        "SD-SDRi": [
            -4.215064977236789,
            -4.723429175135946
        ],
        "SNRi": [
            1.5932651998369645,
            1.6221029353267022
        ],
        "MIX-SI-SDR": [
            2.6888682467695197,
            2.214494295540281
        ],
        "MIX-SD-SDR": [
            2.688121407618785,
            2.2119181037859232
        ],
        "MIX-SNR": [
            2.771303480178104,
            2.3743546308619288
        ]
    }
}