{
    "combination": [
        0,
        1
    ],
    "permutation": [
        0,
        1
    ],
    "bass": {
        "SI-SDR": [
            1.092342828756527,
            0.276099343088959
        ],
        "SI-SIR": [
            3.9851448738187174,
            2.523325768732387
        ],
        "SI-SAR": [
            4.22340819722913,
            4.212744500624896
        ],
        "SD-SDR": [
            0.670020398251364,
            -0.13015662174240283
        ],
        "SNR": [
            2.826493460487887,
            2.1710380591266936
        ],
        "SRR": [
            11.000872208908179,
            10.361233635218667
        ],
        "SI-SDRi": [
            4.701408513140131,
            3.6287317914438093
        ],
        "SD-SDRi": [
            4.279429316534995,
            3.2234299767079393
        ],
        "SNRi": [
            6.319685171709233,
            5.337257538735828
        ],
        "MIX-SI-SDR": [
            -3.6090656843836038,
            -3.3526324483548504
        ],
        "MIX-SD-SDR": [
            -3.609408918283631,
            -3.353586598450342
        ],
        "MIX-SNR": [
            -3.493191711221346,
            -3.166219479609134
        ]
    },
    "drums+other+vocals": {
        "SI-SDR": [
            5.514001621412365,
            4.273098008951451
        ],
        "SI-SIR": [
            13.39036154316582,
            11.732230306951038
        ],
        "SI-SAR": [
            6.2870906583946375,
            5.1323609799016605
        ],
        "SD-SDR": [
            2.7381555512864306,
            0.7910599230970821
        ],
        "SNR": [
            6.268090831051229,
            5.286707910617467
        ],
        "SRR": [
            5.9962922994657974,
            3.3758791935148786
        ],
        "SI-SDRi": [
            2.07226831156288,
            1.195799734391299
        ],
        "SD-SDRi": [
            -0.7032345246630256,
            -2.2852842013675767
        ],
        "SNRi": [
            2.7748991198298825,
            2.120488431008332
        ],
        "MIX-SI-SDR": [
            3.4417333098494844,
            3.0772982745601523
        ],
        "MIX-SD-SDR": [
            3.4413900759494562,
            3.0763441244646588
        ],
        "MIX-SNR": [
            3.493191711221346,
            3.1662194796091345
        ]
    }
}