{
    "combination": [
        0,
        1
    ],
    "permutation": [
        0,
        1
    ],
    "bass": {
        "SI-SDR": [
            -1.331307439844209,
            -3.3694973535450234
        ],
        "SI-SIR": [
            1.7405989572805152,
            0.18002817467720036
        ],
        "SI-SAR": [
            1.6182477793906487,
            -0.8388060700305835
        ],
        "SD-SDR": [
            -1.6914292257510761,
            -3.8693261117658806
        ],
        "SNR": [
            0.868401009382987,
            -0.26242174976986105
        ],
        "SRR": [
            9.30073666193361,
            5.767822359951184
        ],
        "SI-SDRi": [
            4.01027875796945,
            3.6936367385492987
        ],
        "SD-SDRi": [
            3.650157456524605,
            3.19412759802232
        ],
        "SNRi": [
            6.215355110922598,
            6.634600727773008
        ],
        "MIX-SI-SDR": [
            -5.341586197813659,
            -7.063134092094322
        ],
        "MIX-SD-SDR": [
            -5.341586682275681,
            -7.063453709788201
        ],
        "MIX-SNR": [
            -5.346954101539611,
            -6.897022477542869
        ]
    },
    "drums+other+vocals": {
        "SI-SDR": [
            5.29304185663859,
            5.744054724722142
        ],
        "SI-SIR": [
            13.813686955007132,
            13.401969927831558
        ],
        "SI-SAR": [
            5.951006844617676,
            6.561014421231114
        ],
        "SD-SDR": [
            2.6560428921058357,
            3.5298401242834503
        ],
        "SNR": [
            6.159847381445429,
            6.581336740187459
        ],
        "SRR": [
            6.074774541003367,
            7.515657447402397
        ],
        "SI-SDRi": [
            -0.05548007622432394,
            -1.1195414079981703
        ],
        "SD-SDRi": [
            -2.692478556295055,
            -3.3334363907429836
        ],
        "SNRi": [
            0.8128932799058184,
            -0.31568573735540983
        ],
        "MIX-SI-SDR": [
            5.348521932862914,
            6.863596132720312
        ],
        "MIX-SD-SDR": [
            5.3485214484008905,
            6.863276515026434
        ],
        "MIX-SNR": [
            5.346954101539611,
            6.897022477542869
        ]
    }
}