{
    "combination": [
        0,
        1
    ],
    "permutation": [
        0,
        1
    ],
    "bass": {
        "SI-SDR": [
            0.280549369182787,
            0.3557487071410983
        ],
        "SI-SIR": [
            4.055195169839773,
            3.4332197220195204
        ],
        "SI-SAR": [
            2.641107342107581,
            3.2999007165938323
        ],
        "SD-SDR": [
            0.11378745522678702,
            0.13190478198940303
        ],
        "SNR": [
            1.6361262554283051,
            1.8644846018788672
        ],
        "SRR": [
            14.353776011317848,
            13.121736018400117
        ],
        "SI-SDRi": [
            5.364263534890996,
            4.241184259487193
        ],
        "SD-SDRi": [
            5.199224599820715,
            4.0186832039992595
        ],
        "SNRi": [
            7.0379192019865,
            5.99352593334797
        ],
        "MIX-SI-SDR": [
            -5.0837141657082086,
            -3.8854355523460953
        ],
        "MIX-SD-SDR": [
            -5.085437144593928,
            -3.886778422009857
        ],
        "MIX-SNR": [
            -5.401792946558195,
            -4.129041331469102
        ]
    },
    "drums+other+vocals": {
        "SI-SDR": [
            6.2743030801249775,
            5.002967557138818
        ],
        "SI-SIR": [
            17.941316284256736,
            14.988465451755069
        ],
        "SI-SAR": [
            6.580720743899416,
            5.462156801113488
        ],
        "SD-SDR": [
            4.047934675870854,
            2.291142054414205
        ],
        "SNR": [
            6.954321753597147,
            5.947892591957432
        ],
        "SRR": [
            8.015540150236017,
            5.621953328348566
        ],
        "SI-SDRi": [
            0.7783987112225272,
            0.7781575584289548
        ],
        "SD-SDRi": [
            -1.4462467141458735,
            -1.9323250746318936
        ],
        "SNRi": [
            1.5525288070389518,
            1.81885126048833
        ],
        "MIX-SI-SDR": [
            5.49590436890245,
            4.224809998709863
        ],
        "MIX-SD-SDR": [
            5.494181390016728,
            4.223467129046099
        ],
        "MIX-SNR": [
            5.401792946558195,
            4.129041331469102
        ]
    }
}