{
    "combination": [
        0,
        1
    ],
    "permutation": [
        0,
        1
    ],
    "bass": {
        "SI-SDR": [
            -1.794813996253771,
            -2.4869600700965484
        ],
        "SI-SIR": [
            1.281407836269761,
            -0.012264440033206703
        ],
        "SI-SAR": [
            1.150549774246372,
            1.134415676177315
        ],
        "SD-SDR": [
            -1.8902800549402563,
            -2.5766434352144003
        ],
        "SNR": [
            -0.42837781035327044,
            -1.048679468537161
        ],
        "SRR": [
            14.736718718316963,
            14.318845238420385
        ],
        "SI-SDRi": [
            4.125728314242707,
            3.4731243149522233
        ],
        "SD-SDRi": [
            4.03739266633451,
            3.3930141037437798
        ],
        "SNRi": [
            6.224897138739568,
            5.771700226513229
        ],
        "MIX-SI-SDR": [
            -5.920542310496478,
            -5.960084385048772
        ],
        "MIX-SD-SDR": [
            -5.927672721274766,
            -5.96965753895818
        ],
        "MIX-SNR": [
            -6.653274949092838,
            -6.82037969505039
        ]
    },
    "drums+other+vocals": {
        "SI-SDR": [
            5.400192674897667,
            4.980476096127113
        ],
        "SI-SIR": [
            17.89110788861432,
            16.678968169927963
        ],
        "SI-SAR": [
            5.652091926092718,
            5.284601457219731
        ],
        "SD-SDR": [
            2.606501356329566,
            1.5703936030978092
        ],
        "SNR": [
            6.187328399025604,
            5.736840964544179
        ],
        "SRR": [
            5.844783255494125,
            4.214630171587703
        ],
        "SI-SDRi": [
            -1.422237127307067,
            -2.033378454562449
        ],
        "SD-SDRi": [
            -4.20879803509688,
            -5.433887793682341
        ],
        "SNRi": [
            -0.4659465500672342,
            -1.083538730506211
        ],
        "MIX-SI-SDR": [
            6.822429802204734,
            7.013854550689562
        ],
        "MIX-SD-SDR": [
            6.8152993914264455,
            7.00428139678015
        ],
        "MIX-SNR": [
            6.653274949092838,
            6.82037969505039
        ]
    }
}