{
    "combination": [
        0,
        1
    ],
    "permutation": [
        0,
        1
    ],
    "bass": {
        "SI-SDR": [
            -2.1752018662114097,
            -1.3657321604144235
        ],
        "SI-SIR": [
            0.39140794578070426,
            1.705093058678842
        ],
        "SI-SAR": [
            1.3293295563057141,
            1.5848744606390865
        ],
        "SD-SDR": [
            -2.3315640198782797,
            -1.5533411308879939
        ],
        "SNR": [
            -0.4215212737755122,
            0.3562035053869044
        ],
        "SRR": [
            12.182909169132463,
            12.185432785541138
        ],
        "SI-SDRi": [
            4.351538312360089,
            5.088786545985237
        ],
        "SD-SDRi": [
            4.199886651891984,
            4.90404833361808
        ],
        "SNRi": [
            6.7387635740020935,
            7.296352950351615
        ],
        "MIX-SI-SDR": [
            -6.526740178571498,
            -6.454518706399661
        ],
        "MIX-SD-SDR": [
            -6.531450671770264,
            -6.457389464506074
        ],
        "MIX-SNR": [
            -7.160284847777605,
            -6.94014944496471
        ]
    },
    "drums+other+vocals": {
        "SI-SDR": [
            6.331231745446525,
            6.871251713569386
        ],
        "SI-SIR": [
            16.781029298383537,
            17.409792059116434
        ],
        "SI-SAR": [
            6.741587768351264,
            7.272911637446098
        ],
        "SD-SDR": [
            3.091225052576151,
            4.163331708719205
        ],
        "SNR": [
            6.659038231118879,
            7.219869739183898
        ],
        "SRR": [
            5.883359996873145,
            7.498651104637998
        ],
        "SI-SDRi": [
            -0.9582743487977741,
            -0.17161723301739418
        ],
        "SD-SDRi": [
            -4.1935705484693795,
            -2.8766664797611634
        ],
        "SNRi": [
            -0.5012466166587259,
            0.27972029421918787
        ],
        "MIX-SI-SDR": [
            7.289506094244299,
            7.04286894658678
        ],
        "MIX-SD-SDR": [
            7.284795601045531,
            7.039998188480369
        ],
        "MIX-SNR": [
            7.160284847777605,
            6.94014944496471
        ]
    }
}