{
    "combination": [
        0,
        1
    ],
    "permutation": [
        0,
        1
    ],
    "bass": {
        "SI-SDR": [
            -11.671352704412008,
            -9.863888081644006
        ],
        "SI-SIR": [
            -7.412978942704463,
            -5.338300302906539
        ],
        "SI-SAR": [
            -9.629364550498536,
            -7.974749277397909
        ],
        "SD-SDR": [
            -11.802654230870157,
            -9.990751301059802
        ],
        "SNR": [
            -7.3400834146953295,
            -6.263034298711446
        ],
        "SRR": [
            3.4579764928914187,
            5.417011729387456
        ],
        "SI-SDRi": [
            4.320503285755128,
            5.567373998368147
        ],
        "SD-SDRi": [
            4.189235501870849,
            5.4405318968407315
        ],
        "SNRi": [
            8.500513922978659,
            9.282183670245093
        ],
        "MIX-SI-SDR": [
            -15.991855990167137,
            -15.431262080012154
        ],
        "MIX-SD-SDR": [
            -15.991889732741006,
            -15.431283197900534
        ],
        "MIX-SNR": [
            -15.840597337673989,
            -15.545217968956539
        ]
    },
    "drums+other+vocals": {
        "SI-SDR": [
            8.140533268649326,
            9.030674131048382
        ],
        "SI-SIR": [
            21.643040068739605,
            22.682594189949285
        ],
        "SI-SAR": [
            8.338874474729746,
            9.222157606814683
        ],
        "SD-SDR": [
            6.169451398552911,
            7.22242119794236
        ],
        "SNR": [
            8.427402215036944,
            9.188949696483718
        ],
        "SRR": [
            10.548577921937099,
            11.900473592668865
        ],
        "SI-SDRi": [
            -7.696188698202176,
            -6.517763158693974
        ],
        "SD-SDRi": [
            -9.667236825724718,
            -8.325994973911618
        ],
        "SNRi": [
            -7.413195122637045,
            -6.356268272472821
        ],
        "MIX-SI-SDR": [
            15.836721966851503,
            15.548437289742356
        ],
        "MIX-SD-SDR": [
            15.83668822427763,
            15.548416171853978
        ],
        "MIX-SNR": [
            15.840597337673989,
            15.545217968956539
        ]
    }
}