{
    "combination": [
        0,
        1
    ],
    "permutation": [
        0,
        1
    ],
    "bass": {
        "SI-SDR": [
            -8.52705857595885,
            -9.415084929737649
        ],
        "SI-SIR": [
            -6.9426494507963525,
            -7.858091226865593
        ],
        "SI-SAR": [
            -3.3797421757145516,
            -4.20484697566193
        ],
        "SD-SDR": [
            -8.703094124445771,
            -9.596459652866915
        ],
        "SNR": [
            -4.936642026966432,
            -5.457131706882476
        ],
        "SRR": [
            5.3064656820955864,
            4.285987586141132
        ],
        "SI-SDRi": [
            1.2667023513560753,
            0.9352250430339843
        ],
        "SD-SDRi": [
            1.095422903784618,
            0.7602957646861785
        ],
        "SNRi": [
            4.016500990212297,
            3.8620302615037216
        ],
        "MIX-SI-SDR": [
            -9.793760927314926,
            -10.350309972771633
        ],
        "MIX-SD-SDR": [
            -9.798517028230389,
            -10.356755417553094
        ],
        "MIX-SNR": [
            -8.953143017178729,
            -9.319161968386197
        ]
    },
    "drums+other+vocals": {
        "SI-SDR": [
            2.5767968731904896,
            2.278082241890496
        ],
        "SI-SIR": [
            13.045550484797758,
            12.744337932885173
        ],
        "SI-SAR": [
            2.985278925676467,
            2.686810721608672
        ],
        "SD-SDR": [
            -2.348780922146446,
            -2.718163126846213
        ],
        "SNR": [
            4.009664654874612,
            3.8515360336160986
        ],
        "SRR": [
            -0.6630410200483177,
            -1.0655402180313658
        ],
        "SI-SDRi": [
            -6.277981245425743,
            -6.932364224819517
        ],
        "SD-SDRi": [
            -11.198802939847214,
            -11.922164148774765
        ],
        "SNRi": [
            -4.943478362304116,
            -5.467625934770099
        ],
        "MIX-SI-SDR": [
            8.854778118616233,
            9.210446466710014
        ],
        "MIX-SD-SDR": [
            8.850022017700768,
            9.204001021928553
        ],
        "MIX-SNR": [
            8.953143017178729,
            9.319161968386197
        ]
    }
}