{
    "combination": [
        0,
        1
    ],
    "permutation": [
        0,
        1
    ],
    "bass": {
        "SI-SDR": [
            -10.335681178635818,
            -11.071228826175457
        ],
        "SI-SIR": [
            -6.167282414324617,
            -6.601462823826899
        ],
        "SI-SAR": [
            -8.238772722299979,
            -9.151365285585332
        ],
        "SD-SDR": [
            -10.7915931709151,
            -11.499943877062588
        ],
        "SNR": [
            -4.374017656932134,
            -4.841950655978386
        ],
        "SRR": [
            -0.77659822847003,
            -1.2311937646113402
        ],
        "SI-SDRi": [
            1.2727036278518131,
            1.0422901753133562
        ],
        "SD-SDRi": [
            0.816827302350374,
            0.6135857333847188
        ],
        "SNRi": [
            7.329650238664909,
            7.2169944446708305
        ],
        "MIX-SI-SDR": [
            -11.608384806487631,
            -12.113519001488813
        ],
        "MIX-SD-SDR": [
            -11.608420473265474,
            -12.113529610447307
        ],
        "MIX-SNR": [
            -11.703667895597043,
            -12.058945100649217
        ]
    },
    "drums+other+vocals": {
        "SI-SDR": [
            6.53932341598166,
            6.360999060028499
        ],
        "SI-SIR": [
            14.770744676022733,
            15.04332145257937
        ],
        "SI-SAR": [
            7.246488414585435,
            6.993080285648673
        ],
        "SD-SDR": [
            4.696852035255166,
            4.648052995573208
        ],
        "SNR": [
            7.25447099763942,
            7.153236634904891
        ],
        "SRR": [
            9.309402927970206,
            9.516817789952706
        ],
        "SI-SDRi": [
            -5.170847224649024,
            -5.694569021732212
        ],
        "SD-SDRi": [
            -7.013282938597676,
            -7.407504477229006
        ],
        "SNRi": [
            -4.449196897957623,
            -4.9057084657443255
        ],
        "MIX-SI-SDR": [
            11.710170640630684,
            12.055568081760711
        ],
        "MIX-SD-SDR": [
            11.710134973852842,
            12.055557472802214
        ],
        "MIX-SNR": [
            11.703667895597043,
            12.058945100649217
        ]
    }
}