{
    "combination": [
        0,
        1
    ],
    "permutation": [
        0,
        1
    ],
    "bass": {
        "SI-SDR": [
            -3.229384163450817,
            -2.526804626328951
        ],
        "SI-SIR": [
            -0.4452865486628974,
            0.6318830300537663
        ],
        "SI-SAR": [
            0.019550385758478703,
            0.34001061032033536
        ],
        "SD-SDR": [
            -3.535775898739831,
            -2.909241007132507
        ],
        "SNR": [
            -0.6622345214035772,
            0.04949938245429783
        ],
        "SRR": [
            8.131592000937056,
            7.8328251805344955
        ],
        "SI-SDRi": [
            4.678849726763907,
            5.601223224567219
        ],
        "SD-SDRi": [
            4.374176248282568,
            5.221456161855924
        ],
        "SNRi": [
            6.828538904453046,
            7.647826973949274
        ],
        "MIX-SI-SDR": [
            -7.908233890214724,
            -8.12802785089617
        ],
        "MIX-SD-SDR": [
            -7.909952147022399,
            -8.130697168988432
        ],
        "MIX-SNR": [
            -7.490773425856623,
            -7.598327591494977
        ]
    },
    "drums+other+vocals": {
        "SI-SDR": [
            6.399927763958644,
            7.3623329311581305
        ],
        "SI-SIR": [
            15.635617141479381,
            16.091453156247795
        ],
        "SI-SAR": [
            6.951364249170169,
            7.987127983886724
        ],
        "SD-SDR": [
            3.3900229546492935,
            4.7459502826499715
        ],
        "SNR": [
            6.786981324940077,
            7.603221431020969
        ],
        "SRR": [
            6.400718094575712,
            8.189493575844551
        ],
        "SI-SDRi": [
            -1.0193296867847268,
            -0.14842519666362897
        ],
        "SD-SDRi": [
            -4.027516239286408,
            -2.762138527079528
        ],
        "SNRi": [
            -0.7037921009165453,
            0.004893839525991872
        ],
        "MIX-SI-SDR": [
            7.419257450743371,
            7.5107581278217594
        ],
        "MIX-SD-SDR": [
            7.417539193935702,
            7.508088809729499
        ],
        "MIX-SNR": [
            7.490773425856623,
            7.598327591494977
        ]
    }
}