{
    "combination": [
        0,
        1
    ],
    "permutation": [
        0,
        1
    ],
    "bass": {
        "SI-SDR": [
            -2.944150633542049,
            -3.510712791647241
        ],
        "SI-SIR": [
            1.3182355028391575,
            0.980634149045394
        ],
        "SI-SAR": [
            -0.9045692905317102,
            -1.602800238534062
        ],
        "SD-SDR": [
            -3.028320222666297,
            -3.5946869919081004
        ],
        "SNR": [
            -1.471254560464268,
            -1.9438330878535195
        ],
        "SRR": [
            14.13998764386344,
            13.583616802276683
        ],
        "SI-SDRi": [
            6.661322679144311,
            6.698220632039578
        ],
        "SD-SDRi": [
            6.577177035279913,
            6.614246493403142
        ],
        "SNRi": [
            8.196094387029202,
            8.268452590821974
        ],
        "MIX-SI-SDR": [
            -9.60547331268636,
            -10.208933423686819
        ],
        "MIX-SD-SDR": [
            -9.60549725794621,
            -10.208933485311242
        ],
        "MIX-SNR": [
            -9.66734894749347,
            -10.212285678675494
        ]
    },
    "drums+other+vocals": {
        "SI-SDR": [
            7.7081674408027805,
            7.736534105346795
        ],
        "SI-SIR": [
            23.08858187600019,
            23.395618014907917
        ],
        "SI-SAR": [
            7.835843965991106,
            7.856165107224028
        ],
        "SD-SDR": [
            5.720906955750865,
            5.870136373035368
        ],
        "SNR": [
            8.090281902151084,
            8.15357844710817
        ],
        "SRR": [
            10.072009154509036,
            10.437767164957377
        ],
        "SI-SDRi": [
            -1.9659042425456068,
            -2.4760709183384755
        ],
        "SD-SDRi": [
            -3.9531407823376723,
            -4.342468589025481
        ],
        "SNRi": [
            -1.5770670453423872,
            -2.0587072315673236
        ],
        "MIX-SI-SDR": [
            9.674071683348387,
            10.21260502368527
        ],
        "MIX-SD-SDR": [
            9.674047738088538,
            10.21260496206085
        ],
        "MIX-SNR": [
            9.66734894749347,
            10.212285678675494
        ]
    }
}