{
    "combination": [
        0,
        1
    ],
    "permutation": [
        0,
        1
    ],
    "bass": {
        "SI-SDR": [
            -1.7243744079323928,
            -1.6426190140216308
        ],
        "SI-SIR": [
            1.3317454460198552,
            1.4495699514603013
        ],
        "SI-SAR": [
            1.2405840279302676,
            1.2873074711780204
        ],
        "SD-SDR": [
            -2.0401716690110945,
            -2.17619268345058
        ],
        "SNR": [
            0.4690958651513536,
            0.9719115975906487
        ],
        "SRR": [
            9.500529726326944,
            7.193762257404213
        ],
        "SI-SDRi": [
            4.703795091665462,
            5.458167604921566
        ],
        "SD-SDRi": [
            4.390246139799526,
            4.931329258691576
        ],
        "SNRi": [
            7.3240201263932905,
            7.3370680186710855
        ],
        "MIX-SI-SDR": [
            -6.428169499597855,
            -7.1007866189431965
        ],
        "MIX-SD-SDR": [
            -6.4304178088106205,
            -7.107521942142156
        ],
        "MIX-SNR": [
            -6.854924261241937,
            -6.365156421080437
        ]
    },
    "drums+other+vocals": {
        "SI-SDR": [
            6.797221875944323,
            6.810762621896263
        ],
        "SI-SIR": [
            15.469075505242005,
            14.501587249053287
        ],
        "SI-SAR": [
            7.430945493947069,
            7.620942138057876
        ],
        "SD-SDR": [
            4.187156284123483,
            4.221823541650581
        ],
        "SNR": [
            7.202485626250549,
            7.219467048914318
        ],
        "SRR": [
            7.638354299084453,
            7.698801749358513
        ],
        "SI-SDRi": [
            -0.14924289702172455,
            0.6047591928991327
        ],
        "SD-SDRi": [
            -2.7570601796298035,
            -1.9774445641475902
        ],
        "SNRi": [
            0.34756136500861157,
            0.8543106278338808
        ],
        "MIX-SI-SDR": [
            6.946464772966047,
            6.20600342899713
        ],
        "MIX-SD-SDR": [
            6.944216463753286,
            6.199268105798171
        ],
        "MIX-SNR": [
            6.854924261241937,
            6.365156421080437
        ]
    }
}