{
    "combination": [
        0,
        1
    ],
    "permutation": [
        0,
        1
    ],
    "bass": {
        "SI-SDR": [
            -6.017055030890828,
            -5.202895809110375
        ],
        "SI-SIR": [
            -2.577142719685282,
            -2.057101552185178
        ],
        "SI-SAR": [
            -3.3976687985190193,
            -2.3239904864772765
        ],
        "SD-SDR": [
            -6.5482536198222405,
            -5.671644784237494
        ],
        "SNR": [
            -1.8320572521184846,
            -1.5106932523558239
        ],
        "SRR": [
            2.8399128108958505,
            4.229061638597339
        ],
        "SI-SDRi": [
            2.141224550078099,
            2.3394153526979196
        ],
        "SD-SDRi": [
            1.6135874868987905,
            1.872555637635548
        ],
        "SNRi": [
            5.715600337101906,
            5.612146292615129
        ],
        "MIX-SI-SDR": [
            -8.158279580968927,
            -7.5423111618082945
        ],
        "MIX-SD-SDR": [
            -8.161841106721031,
            -7.544200421873042
        ],
        "MIX-SNR": [
            -7.547657589220391,
            -7.122839544970953
        ]
    },
    "drums+other+vocals": {
        "SI-SDR": [
            4.425115751702469,
            4.3243442164229435
        ],
        "SI-SIR": [
            12.113786924946083,
            12.21369015699127
        ],
        "SI-SAR": [
            5.235737042561395,
            5.0949076014001875
        ],
        "SD-SDR": [
            2.1102481738183796,
            1.7761399499349864
        ],
        "SNR": [
            5.656014465880781,
            5.543592435657198
        ],
        "SRR": [
            5.948973643856178,
            5.303622737458681
        ],
        "SI-SDRi": [
            -3.0211759834592264,
            -2.7202387603243574
        ],
        "SD-SDRi": [
            -5.332482035591206,
            -5.266553766747566
        ],
        "SNRi": [
            -1.8916431233396098,
            -1.5792471093137568
        ],
        "MIX-SI-SDR": [
            7.4462917351616955,
            7.044582976747301
        ],
        "MIX-SD-SDR": [
            7.442730209409586,
            7.042693716682552
        ],
        "MIX-SNR": [
            7.547657589220391,
            7.1228395449709545
        ]
    }
}