{
    "combination": [
        0,
        1
    ],
    "permutation": [
        0,
        1
    ],
    "bass": {
        "SI-SDR": [
            -3.541400054973871,
            -4.151452864538372
        ],
        "SI-SIR": [
            -1.593675767526745,
            -2.010799091313145
        ],
        "SI-SAR": [
            0.87869473275453,
            -0.052622514427528216
        ],
        "SD-SDR": [
            -3.785132808189264,
            -4.470595786665434
        ],
        "SNR": [
            -1.1066469366586305,
            -1.2711409856204627
        ],
        "SRR": [
            8.844867809058112,
            7.02598947870399
        ],
        "SI-SDRi": [
            2.1762610477408044,
            2.896623161117902
        ],
        "SD-SDRi": [
            1.9334755868455575,
            2.5907394296517694
        ],
        "SNRi": [
            4.367647249439025,
            4.771154787808774
        ],
        "MIX-SI-SDR": [
            -5.7176611027146755,
            -7.0480760256562744
        ],
        "MIX-SD-SDR": [
            -5.718608395034821,
            -7.061335216317203
        ],
        "MIX-SNR": [
            -5.474294186097655,
            -6.042295773429236
        ]
    },
    "drums+other+vocals": {
        "SI-SDR": [
            2.8621796575931397,
            3.5075702107494755
        ],
        "SI-SIR": [
            11.94171506558462,
            12.706522305528893
        ],
        "SI-SAR": [
            3.4351954426838285,
            4.064004391109075
        ],
        "SD-SDR": [
            -1.24618177912566,
            -0.3744911626123928
        ],
        "SNR": [
            4.341566262717615,
            4.743449209725484
        ],
        "SRR": [
            0.8884109812438347,
            1.9101223673431362
        ],
        "SI-SDRi": [
            -2.5444910692894074,
            -2.3054444744832225
        ],
        "SD-SDRi": [
            -6.651905213688065,
            -6.174246657184167
        ],
        "SNRi": [
            -1.13272792338004,
            -1.2988465637037523
        ],
        "MIX-SI-SDR": [
            5.406670726882547,
            5.813014685232698
        ],
        "MIX-SD-SDR": [
            5.405723434562405,
            5.799755494571774
        ],
        "MIX-SNR": [
            5.474294186097655,
            6.042295773429236
        ]
    }
}