{
    "combination": [
        0,
        1
    ],
    "permutation": [
        0,
        1
    ],
    "bass": {
        "SI-SDR": [
            2.3866355259968732,
            -0.44843124709544857
        ],
        "SI-SIR": [
            8.321143199960247,
            5.268586658889717
        ],
        "SI-SAR": [
            3.665103782884016,
            0.9070563928482654
        ],
        "SD-SDR": [
            1.9520093271567074,
            -0.7756025476540866
        ],
        "SNR": [
            3.865749619176968,
            1.4667221935784411
        ],
        "SRR": [
            12.164194348929822,
            10.61704729715955
        ],
        "SI-SDRi": [
            8.681519123653999,
            8.309473594291882
        ],
        "SD-SDRi": [
            8.247874073169324,
            7.983074187324213
        ],
        "SNRi": [
            9.89621112258709,
            9.913654649842712
        ],
        "MIX-SI-SDR": [
            -6.294883597657125,
            -8.757904841387331
        ],
        "MIX-SD-SDR": [
            -6.295864746012617,
            -8.7586767349783
        ],
        "MIX-SNR": [
            -6.030461503410121,
            -8.446932456264271
        ]
    },
    "drums+other+vocals": {
        "SI-SDR": [
            9.44189767153922,
            9.500122326465194
        ],
        "SI-SIR": [
            19.00912742249505,
            20.144245266257087
        ],
        "SI-SAR": [
            9.95033225155577,
            9.891686677292883
        ],
        "SD-SDR": [
            8.27545068450263,
            8.247751391823897
        ],
        "SNR": [
            9.76578050709952,
            9.785329904689071
        ],
        "SRR": [
            14.554821347698368,
            14.259412877877482
        ],
        "SI-SDRi": [
            3.4759000974748018,
            1.0963146798056158
        ],
        "SD-SDRi": [
            2.310434258793701,
            -0.15528436124471234
        ],
        "SNRi": [
            3.7353190036893977,
            1.3383974484248
        ],
        "MIX-SI-SDR": [
            5.965997574064418,
            8.403807646659578
        ],
        "MIX-SD-SDR": [
            5.965016425708929,
            8.40303575306861
        ],
        "MIX-SNR": [
            6.030461503410121,
            8.446932456264271
        ]
    }
}