{
    "combination": [
        0,
        1
    ],
    "permutation": [
        0,
        1
    ],
    "bass": {
        "SI-SDR": [
            -14.225884961098409,
            -14.149151621042966
        ],
        "SI-SIR": [
            -12.509088400254246,
            -12.506732777722668
        ],
        "SI-SAR": [
            -9.365072753058568,
            -9.130787978450554
        ],
        "SD-SDR": [
            -14.405218268451204,
            -14.305283635208124
        ],
        "SNR": [
            -8.144063542119971,
            -8.391751577262841
        ],
        "SRR": [
            -0.47462662825462415,
            0.21547198676066576
        ],
        "SI-SDRi": [
            -1.2128421998687902,
            -0.8736576414990953
        ],
        "SD-SDRi": [
            -1.3919645524689948,
            -1.02932041394698
        ],
        "SNRi": [
            4.602510345561514,
            4.477579755750211
        ],
        "MIX-SI-SDR": [
            -13.013042761229618,
            -13.275493979543871
        ],
        "MIX-SD-SDR": [
            -13.01325371598221,
            -13.275963221261144
        ],
        "MIX-SNR": [
            -12.746573887681485,
            -12.869331333013053
        ]
    },
    "drums+other+vocals": {
        "SI-SDR": [
            3.5311194008518862,
            3.3807416343305263
        ],
        "SI-SIR": [
            13.230428476288738,
            13.637275413412269
        ],
        "SI-SAR": [
            4.023426687793087,
            3.8107261241095514
        ],
        "SD-SDR": [
            -1.017567848225359,
            -1.3673166938619303
        ],
        "SNR": [
            4.584130316390161,
            4.453036341855793
        ],
        "SRR": [
            0.8590344738343583,
            0.4052194634757469
        ],
        "SI-SDRi": [
            -9.201700731911203,
            -9.468516330194829
        ],
        "SD-SDRi": [
            -13.750177026235857,
            -14.216105416670018
        ],
        "SNRi": [
            -8.162443571291323,
            -8.41629499115726
        ],
        "MIX-SI-SDR": [
            12.732820132763088,
            12.849257964525355
        ],
        "MIX-SD-SDR": [
            12.732609178010499,
            12.848788722808088
        ],
        "MIX-SNR": [
            12.746573887681485,
            12.869331333013053
        ]
    }
}