{
    "combination": [
        0,
        1
    ],
    "permutation": [
        0,
        1
    ],
    "bass": {
        "SI-SDR": [
            -3.3249052858878043,
            -4.676004618828361
        ],
        "SI-SIR": [
            -0.7071916166218385,
            -2.483756484900306
        ],
        "SI-SAR": [
            0.11702827427987325,
            -0.6569458215839051
        ],
        "SD-SDR": [
            -3.3407591232322753,
            -4.683204083123086
        ],
        "SNR": [
            -2.6027687464778344,
            -4.097305187302058
        ],
        "SRR": [
            21.043664515508844,
            23.125236442795458
        ],
        "SI-SDRi": [
            4.150363939729563,
            3.2260759159188366
        ],
        "SD-SDRi": [
            4.136366022584123,
            3.222948396865779
        ],
        "SNRi": [
            5.309718123029391,
            4.496067933911077
        ],
        "MIX-SI-SDR": [
            -7.475269225617367,
            -7.902080534747197
        ],
        "MIX-SD-SDR": [
            -7.477125145816398,
            -7.906152479988865
        ],
        "MIX-SNR": [
            -7.912486869507226,
            -8.593373121213135
        ]
    },
    "drums+other+vocals": {
        "SI-SDR": [
            4.191325693096802,
            3.0019945998681665
        ],
        "SI-SIR": [
            23.31706430057046,
            23.043489292543136
        ],
        "SI-SAR": [
            4.244767334992309,
            3.045225531582794
        ],
        "SD-SDR": [
            0.7699925485037005,
            -0.9797638681452936
        ],
        "SNR": [
            5.253959017422885,
            4.444267726300043
        ],
        "SRR": [
            3.4048197562737084,
            1.2371520850164837
        ],
        "SI-SDRi": [
            -3.7949176621889995,
            -5.6937593197297085
        ],
        "SD-SDRi": [
            -7.214394886583071,
            -9.671445842501502
        ],
        "SNRi": [
            -2.6585278520843403,
            -4.149105394913092
        ],
        "MIX-SI-SDR": [
            7.986243355285802,
            8.695753919597875
        ],
        "MIX-SD-SDR": [
            7.984387435086772,
            8.691681974356209
        ],
        "MIX-SNR": [
            7.912486869507226,
            8.593373121213135
        ]
    }
}