{
    "combination": [
        0,
        1
    ],
    "permutation": [
        0,
        1
    ],
    "bass": {
        "SI-SDR": [
            -1.7490042220086424,
            -3.6392860480440365
        ],
        "SI-SIR": [
            2.1205410680008567,
            0.08524795166545661
        ],
        "SI-SAR": [
            0.5442945876361169,
            -1.242179928940751
        ],
        "SD-SDR": [
            -2.0619370201845757,
            -3.8727810055388927
        ],
        "SNR": [
            0.4432204649484556,
            -1.2190459960322675
        ],
        "SRR": [
            9.516922176238566,
            8.93851146847448
        ],
        "SI-SDRi": [
            5.279942049823438,
            4.999263379425207
        ],
        "SD-SDRi": [
            4.967454343526221,
            4.76616034205975
        ],
        "SNRi": [
            7.2773066989725566,
            7.645888769875796
        ],
        "MIX-SI-SDR": [
            -7.02894627183208,
            -8.638549427469243
        ],
        "MIX-SD-SDR": [
            -7.029391363710797,
            -8.638941347598642
        ],
        "MIX-SNR": [
            -6.834086234024101,
            -8.864934765908064
        ]
    },
    "drums+other+vocals": {
        "SI-SDR": [
            6.595620725314545,
            7.135355829232881
        ],
        "SI-SIR": [
            16.455324455228823,
            17.69614519034341
        ],
        "SI-SAR": [
            7.069067594913756,
            7.534865927232732
        ],
        "SD-SDR": [
            4.463467482037975,
            4.90579652366067
        ],
        "SNR": [
            7.214203015308698,
            7.577980156544211
        ],
        "SRR": [
            8.57567479224754,
            8.868641641223743
        ],
        "SI-SDRi": [
            -0.19878381874819961,
            -1.7596548339974172
        ],
        "SD-SDRi": [
            -2.3304919701460527,
            -3.988822219440233
        ],
        "SNRi": [
            0.38011678128459625,
            -1.2869546093638533
        ],
        "MIX-SI-SDR": [
            6.794404544062744,
            8.895010663230298
        ],
        "MIX-SD-SDR": [
            6.793959452184028,
            8.894618743100903
        ],
        "MIX-SNR": [
            6.8340862340241015,
            8.864934765908064
        ]
    }
}