{
    "combination": [
        0,
        1
    ],
    "permutation": [
        0,
        1
    ],
    "bass": {
        "SI-SDR": [
            -2.2135501175371104,
            -0.28176711136032
        ],
        "SI-SIR": [
            1.6796018865130562,
            3.977379948264008
        ],
        "SI-SAR": [
            0.06340261549895329,
            1.759756905321337
        ],
        "SD-SDR": [
            -2.406529011254356,
            -0.5227889329777631
        ],
        "SNR": [
            -0.29611005434963583,
            1.3928802756237488
        ],
        "SRR": [
            11.21234813774754,
            12.154444124243282
        ],
        "SI-SDRi": [
            5.976089287032114,
            6.786657750805527
        ],
        "SD-SDRi": [
            5.783538014347416,
            6.545846863437464
        ],
        "SNRi": [
            7.675447556575522,
            8.325987891300672
        ],
        "MIX-SI-SDR": [
            -8.189639404569224,
            -7.068424862165847
        ],
        "MIX-SD-SDR": [
            -8.190067025601772,
            -7.068635796415227
        ],
        "MIX-SNR": [
            -7.971557610925157,
            -6.933107615676923
        ]
    },
    "drums+other+vocals": {
        "SI-SDR": [
            7.180768831365812,
            7.915868430700201
        ],
        "SI-SIR": [
            19.019663781447388,
            18.948566045439645
        ],
        "SI-SAR": [
            7.474884113519811,
            8.272503703102904
        ],
        "SD-SDR": [
            5.004708948807663,
            5.985804511096429
        ],
        "SNR": [
            7.629613105272064,
            8.26935877908672
        ],
        "SRR": [
            9.048537893311309,
            10.43728185360932
        ],
        "SI-SDRi": [
            -0.7567238637125007,
            1.009840735702893
        ],
        "SD-SDRi": [
            -2.932356125238103,
            -0.9200122496515037
        ],
        "SNRi": [
            -0.3419445056530934,
            1.3362511634097958
        ],
        "MIX-SI-SDR": [
            7.937492695078313,
            6.9060276949973085
        ],
        "MIX-SD-SDR": [
            7.9370650740457656,
            6.905816760747933
        ],
        "MIX-SNR": [
            7.971557610925157,
            6.933107615676923
        ]
    }
}