{
    "combination": [
        0,
        1
    ],
    "permutation": [
        0,
        1
    ],
    "bass": {
        "SI-SDR": [
            -3.3772598630760005,
            -1.986336651948073
        ],
        "SI-SIR": [
            0.4052445691555545,
            2.0348812707533077
        ],
        "SI-SAR": [
            -1.0223676994447342,
            0.20449432486950675
        ],
        "SD-SDR": [
            -3.4614401489639235,
            -2.084408926119024
        ],
        "SNR": [
            -1.8317016891039775,
            -0.5737870163216224
        ],
        "SRR": [
            13.706321156910304,
            14.42691558510708
        ],
        "SI-SDRi": [
            5.807010705211132,
            6.227991072918283
        ],
        "SD-SDRi": [
            5.722862318391352,
            6.130538764761842
        ],
        "SNRi": [
            7.420634653929132,
            7.91255779777523
        ],
        "MIX-SI-SDR": [
            -9.184270568287133,
            -8.214327724866356
        ],
        "MIX-SD-SDR": [
            -9.184302467355275,
            -8.214947690880866
        ],
        "MIX-SNR": [
            -9.25233634303311,
            -8.486344814096853
        ]
    },
    "drums+other+vocals": {
        "SI-SDR": [
            6.790572619577096,
            7.392602841632917
        ],
        "SI-SIR": [
            21.783785654762582,
            21.63121629107881
        ],
        "SI-SAR": [
            6.9303487685981935,
            7.559418593123758
        ],
        "SD-SDR": [
            4.510031201214997,
            5.275154217463625
        ],
        "SNR": [
            7.309360898707871,
            7.807057661878689
        ],
        "SRR": [
            8.397981858711228,
            9.41066169888565
        ],
        "SI-SDRi": [
            -2.4699050609968243,
            -1.1333380568645692
        ],
        "SD-SDRi": [
            -4.750414580290783,
            -3.250166715019347
        ],
        "SNRi": [
            -1.9429754443252385,
            -0.6792871522181638
        ],
        "MIX-SI-SDR": [
            9.26047768057392,
            8.525940898497486
        ],
        "MIX-SD-SDR": [
            9.26044578150578,
            8.525320932482972
        ],
        "MIX-SNR": [
            9.25233634303311,
            8.486344814096853
        ]
    }
}