{
    "combination": [
        0,
        1
    ],
    "permutation": [
        0,
        1
    ],
    "bass": {
        "SI-SDR": [
            -1.5017003744887827,
            -2.695734635330796
        ],
        "SI-SIR": [
            2.0997433069391978,
            0.6314747861108356
        ],
        "SI-SAR": [
            0.9883643930183676,
            0.01921668571687927
        ],
        "SD-SDR": [
            -1.67777303944329,
            -2.845404387686912
        ],
        "SNR": [
            0.20325704630315428,
            -0.8697895984190123
        ],
        "SRR": [
            12.330889602045243,
            11.85571828500504
        ],
        "SI-SDRi": [
            4.4499854418658416,
            4.113462281505463
        ],
        "SD-SDRi": [
            4.276541344806092,
            3.964773504848666
        ],
        "SNRi": [
            6.592337429779503,
            6.231114056565823
        ],
        "MIX-SI-SDR": [
            -5.951685816354624,
            -6.8091969168362585
        ],
        "MIX-SD-SDR": [
            -5.954314384249382,
            -6.810177892535578
        ],
        "MIX-SNR": [
            -6.389080383476349,
            -7.100903654984835
        ]
    },
    "drums+other+vocals": {
        "SI-SDR": [
            5.756105642201442,
            5.336454881049794
        ],
        "SI-SIR": [
            16.876353692823564,
            17.087825953620133
        ],
        "SI-SAR": [
            6.105329326451741,
            5.636769454645547
        ],
        "SD-SDR": [
            3.4301390023443346,
            2.7567555243106465
        ],
        "SNR": [
            6.56023129817741,
            6.204391278140966
        ],
        "SRR": [
            7.253148863451015,
            6.245096731381286
        ],
        "SI-SDRi": [
            -0.7373955627250517,
            -1.8228737501922732
        ],
        "SD-SDRi": [
            -3.0607336346874026,
            -4.401592131232102
        ],
        "SNRi": [
            0.17115091470106236,
            -0.8965123768438694
        ],
        "MIX-SI-SDR": [
            6.493501204926494,
            7.159328631242067
        ],
        "MIX-SD-SDR": [
            6.490872637031737,
            7.158347655542748
        ],
        "MIX-SNR": [
            6.389080383476347,
            7.100903654984835
        ]
    }
}