{
    "combination": [
        0,
        1
    ],
    "permutation": [
        0,
        1
    ],
    "bass": {
        "SI-SDR": [
            -0.6605441776388488,
            -0.5337299137862405
        ],
        "SI-SIR": [
            6.154476643367368,
            5.765942263421191
        ],
        "SI-SAR": [
            0.3533460567720998,
            0.6264810239558262
        ],
        "SD-SDR": [
            -0.7248976544742706,
            -0.6642527539364559
        ],
        "SNR": [
            0.35076744221974276,
            0.8155473112589483
        ],
        "SRR": [
            17.599362308578733,
            14.621823179402513
        ],
        "SI-SDRi": [
            8.74049702248684,
            7.678392452176006
        ],
        "SD-SDRi": [
            8.67760219997437,
            7.548294357870391
        ],
        "SNRi": [
            10.236334532343779,
            9.252064854667221
        ],
        "MIX-SI-SDR": [
            -9.40104120012569,
            -8.212122365962246
        ],
        "MIX-SD-SDR": [
            -9.40249985444864,
            -8.212547111806847
        ],
        "MIX-SNR": [
            -9.885567090124036,
            -8.436517543408273
        ]
    },
    "drums+other+vocals": {
        "SI-SDR": [
            9.86036612760202,
            8.740021779849451
        ],
        "SI-SIR": [
            26.868919455121194,
            22.907105586613508
        ],
        "SI-SAR": [
            9.947721460686097,
            8.909662599448431
        ],
        "SD-SDR": [
            8.8659213393234,
            7.616861885427406
        ],
        "SNR": [
            10.177592929932953,
            9.190453756786471
        ],
        "SRR": [
            15.75569642209652,
            14.039772961320997
        ],
        "SI-SDRi": [
            -0.07751203301415899,
            0.27062023983916106
        ],
        "SD-SDRi": [
            -1.0704981669698252,
            -0.8521149087382831
        ],
        "SNRi": [
            0.2920258398089164,
            0.7539362133781982
        ],
        "MIX-SI-SDR": [
            9.93787816061618,
            8.46940154001029
        ],
        "MIX-SD-SDR": [
            9.936419506293225,
            8.46897679416569
        ],
        "MIX-SNR": [
            9.885567090124036,
            8.436517543408273
        ]
    }
}