{
    "combination": [
        0,
        1
    ],
    "permutation": [
        0,
        1
    ],
    "bass": {
        "SI-SDR": [
            -6.098463241540215,
            -7.393341232753445
        ],
        "SI-SIR": [
            -3.9497778883261874,
            -5.720900077889501
        ],
        "SI-SAR": [
            -2.0122102114616025,
            -2.439588197142422
        ],
        "SD-SDR": [
            -6.152921783738641,
            -7.448227067686634
        ],
        "SNR": [
            -4.378245480330264,
            -5.412137788597952
        ],
        "SRR": [
            12.891462031615514,
            11.562427309433879
        ],
        "SI-SDRi": [
            3.6341443867098233,
            2.8018308419370017
        ],
        "SD-SDRi": [
            3.5825229709598823,
            2.750159556194083
        ],
        "SNRi": [
            6.0662350188557745,
            5.586398738248282
        ],
        "MIX-SI-SDR": [
            -9.732607628250038,
            -10.195172074690447
        ],
        "MIX-SD-SDR": [
            -9.735444754698523,
            -10.198386623880717
        ],
        "MIX-SNR": [
            -10.444480499186039,
            -10.998536526846234
        ]
    },
    "drums+other+vocals": {
        "SI-SDR": [
            5.7594186464085535,
            5.456892665504485
        ],
        "SI-SIR": [
            19.632188356137156,
            18.240575322901883
        ],
        "SI-SAR": [
            5.941206571017997,
            5.691917799398116
        ],
        "SD-SDR": [
            1.7918499203619183,
            0.6700400957377965
        ],
        "SNR": [
            6.033648999944284,
            5.563290713610034
        ],
        "SRR": [
            4.018242934911795,
            2.423153745777625
        ],
        "SI-SDRi": [
            -4.7543351488644525,
            -5.61120449484058
        ],
        "SD-SDRi": [
            -8.719066748462602,
            -10.394842515416999
        ],
        "SNRi": [
            -4.4108314992417545,
            -5.4352458132362
        ],
        "MIX-SI-SDR": [
            10.513753795273006,
            11.068097160345065
        ],
        "MIX-SD-SDR": [
            10.510916668824521,
            11.064882611154795
        ],
        "MIX-SNR": [
            10.444480499186039,
            10.998536526846234
        ]
    }
}