{
    "combination": [
        0,
        1
    ],
    "permutation": [
        0,
        1
    ],
    "bass": {
        "SI-SDR": [
            -3.7582340434008232,
            -3.0490222883715967
        ],
        "SI-SIR": [
            2.1209660264636865,
            2.1426169803648447
        ],
        "SI-SAR": [
            -2.4606714934667617,
            -1.4839842487488608
        ],
        "SD-SDR": [
            -3.9521601065928773,
            -3.1714274963027984
        ],
        "SNR": [
            -1.4791445691396299,
            -1.3017741488023347
        ],
        "SRR": [
            9.645923424210201,
            12.38947551304861
        ],
        "SI-SDRi": [
            6.270083647441772,
            6.157166990291436
        ],
        "SD-SDRi": [
            6.0795573943285675,
            6.037761397280748
        ],
        "SNRi": [
            9.360148826061376,
            8.592679433977128
        ],
        "MIX-SI-SDR": [
            -10.028317690842595,
            -9.206189278663032
        ],
        "MIX-SD-SDR": [
            -10.031717500921445,
            -9.209188893583546
        ],
        "MIX-SNR": [
            -10.839293395201006,
            -9.894453582779462
        ]
    },
    "drums+other+vocals": {
        "SI-SDR": [
            8.920296183548643,
            8.091909723089575
        ],
        "SI-SIR": [
            20.899740011798347,
            21.62395915938591
        ],
        "SI-SAR": [
            9.204731878079988,
            8.288875343599464
        ],
        "SD-SDR": [
            7.716204836072064,
            6.602288327683439
        ],
        "SNR": [
            9.317216431259194,
            8.554188585276153
        ],
        "SRR": [
            13.875598288417264,
            11.972914908330136
        ],
        "SI-SDRi": [
            -1.9918773169528272,
            -1.8782941788361267
        ],
        "SD-SDRi": [
            -3.1925688543505544,
            -3.364915959321749
        ],
        "SNRi": [
            -1.522076963941812,
            -1.3402649975033114
        ],
        "MIX-SI-SDR": [
            10.91217350050147,
            9.970203901925702
        ],
        "MIX-SD-SDR": [
            10.908773690422619,
            9.967204287005188
        ],
        "MIX-SNR": [
            10.839293395201006,
            9.894453582779464
        ]
    }
}