{
    "combination": [
        0,
        1
    ],
    "permutation": [
        0,
        1
    ],
    "bass": {
        "SI-SDR": [
            -6.905557282547913,
            -6.898254853849234
        ],
        "SI-SIR": [
            -6.06594053121464,
            -5.99626996239645
        ],
        "SI-SAR": [
            0.644521940334824,
            0.3707853381243127
        ],
        "SD-SDR": [
            -6.984180718442184,
            -6.974105180050784
        ],
        "SNR": [
            -4.709883439405035,
            -4.737459111805401
        ],
        "SRR": [
            10.47739461688192,
            10.642033370187583
        ],
        "SI-SDRi": [
            1.3662722781124872,
            1.4355427883133176
        ],
        "SD-SDRi": [
            1.2889476261705912,
            1.36129425012001
        ],
        "SNRi": [
            3.961567147686491,
            4.044701842555258
        ],
        "MIX-SI-SDR": [
            -8.2718295606604,
            -8.333797642162551
        ],
        "MIX-SD-SDR": [
            -8.273128344612775,
            -8.335399430170794
        ],
        "MIX-SNR": [
            -8.671450587091526,
            -8.78216095436066
        ]
    },
    "drums+other+vocals": {
        "SI-SDR": [
            3.7366681429673436,
            3.7643618479346697
        ],
        "SI-SIR": [
            13.185581762515461,
            13.519924299046938
        ],
        "SI-SAR": [
            4.260025154310591,
            4.2499656048711305
        ],
        "SD-SDR": [
            -3.3616434656397765,
            -3.093262895793819
        ],
        "SNR": [
            3.9525541311556536,
            4.035331629842296
        ],
        "SRR": [
            -2.419277058859726,
            -2.090506662380861
        ],
        "SI-SDRi": [
            -4.991251563157699,
            -5.079874222322513
        ],
        "SD-SDRi": [
            -12.08826438781244,
            -11.935897178042762
        ],
        "SNRi": [
            -4.718896455935872,
            -4.746829324518363
        ],
        "MIX-SI-SDR": [
            8.727919706125043,
            8.844236070257182
        ],
        "MIX-SD-SDR": [
            8.726620922172664,
            8.842634282248943
        ],
        "MIX-SNR": [
            8.671450587091526,
            8.78216095436066
        ]
    }
}