{
    "combination": [
        0,
        1
    ],
    "permutation": [
        0,
        1
    ],
    "bass": {
        "SI-SDR": [
            -6.3014079019651925,
            -6.01961024449857
        ],
        "SI-SIR": [
            -5.263699315994314,
            -4.884904960239005
        ],
        "SI-SAR": [
            0.42420900705391296,
            0.3644088091064623
        ],
        "SD-SDR": [
            -7.787716544185247,
            -6.087533516273524
        ],
        "SNR": [
            -0.47937670708748487,
            -4.141888762132958
        ],
        "SRR": [
            -2.408982956793875,
            12.004040998272693
        ],
        "SI-SDRi": [
            1.244718392071273,
            1.5312639199500238
        ],
        "SD-SDRi": [
            -0.23722330753401,
            1.4677807854115752
        ],
        "SNRi": [
            7.754065491325165,
            4.102701314709763
        ],
        "MIX-SI-SDR": [
            -7.5461262940364655,
            -7.550874164448594
        ],
        "MIX-SD-SDR": [
            -7.550493236651237,
            -7.555314301685099
        ],
        "MIX-SNR": [
            -8.23344219841265,
            -8.244590076842721
        ]
    },
    "drums+other+vocals": {
        "SI-SDR": [
            0.31413400803841807,
            2.2491474166709646
        ],
        "SI-SIR": [
            7.004580200816212,
            7.41871672648224
        ],
        "SI-SAR": [
            1.3613843235437852,
            3.823795509259336
        ],
        "SD-SDR": [
            -12.880496965580228,
            -2.946680357064756
        ],
        "SNR": [
            1.6032778817701505,
            3.793163664329044
        ],
        "SRR": [
            -12.667221273873121,
            -1.3834582457853046
        ],
        "SI-SDRi": [
            -8.029740909725103,
            -6.10669156275695
        ],
        "SD-SDRi": [
            -21.22000494072898,
            -11.298079199256165
        ],
        "SNRi": [
            -6.6301643166424995,
            -4.451426412513677
        ],
        "MIX-SI-SDR": [
            8.343874917763522,
            8.355838979427915
        ],
        "MIX-SD-SDR": [
            8.339507975148752,
            8.35139884219141
        ],
        "MIX-SNR": [
            8.23344219841265,
            8.244590076842721
        ]
    }
}