{
    "combination": [
        0,
        1
    ],
    "permutation": [
        0,
        1
    ],
    "bass": {
        "SI-SDR": [
            -1.213500588878183,
            -1.1375397564512348
        ],
        "SI-SIR": [
            0.9198504225783416,
            1.2809362514359488
        ],
        "SI-SAR": [
            2.896817756643297,
            2.558151665860036
        ],
        "SD-SDR": [
            -2.1098189901831903,
            -1.9278315630500797
        ],
        "SNR": [
            1.699970905057614,
            1.6474214963292337
        ],
        "SRR": [
            5.183855156516075,
            5.861292207147928
        ],
        "SI-SDRi": [
            1.900572361015013,
            2.314646153992126
        ],
        "SD-SDRi": [
            1.023811348876455,
            1.5392854345392601
        ],
        "SNRi": [
            4.036189620306276,
            4.387354806204624
        ],
        "MIX-SI-SDR": [
            -3.114072949893196,
            -3.4521859104433608
        ],
        "MIX-SD-SDR": [
            -3.1336303390596454,
            -3.46711699758934
        ],
        "MIX-SNR": [
            -2.3362187152486618,
            -2.7399333098753904
        ]
    },
    "drums+other+vocals": {
        "SI-SDR": [
            1.9781856322259472,
            2.554396753030923
        ],
        "SI-SIR": [
            6.987290517143958,
            8.191438019690235
        ],
        "SI-SAR": [
            3.62486668070782,
            3.9395530358153885
        ],
        "SD-SDR": [
            -1.3743369379034611,
            -0.5558238325366611
        ],
        "SNR": [
            4.011892223672865,
            4.366066614192262
        ],
        "SRR": [
            1.318748774120086,
            2.356802818000002
        ],
        "SI-SDRi": [
            0.07912503889547495,
            0.1788887635624885
        ],
        "SD-SDRi": [
            -3.2538401420674825,
            -2.9164007348591143
        ],
        "SNRi": [
            1.675673508424203,
            1.626133304316872
        ],
        "MIX-SI-SDR": [
            1.8990605933304723,
            2.3755079894684346
        ],
        "MIX-SD-SDR": [
            1.8795032041640212,
            2.360576902322453
        ],
        "MIX-SNR": [
            2.3362187152486618,
            2.7399333098753904
        ]
    }
}