{
    "combination": [
        0,
        1
    ],
    "permutation": [
        0,
        1
    ],
    "bass": {
        "SI-SDR": [
            -1.7883323747194921,
            -2.3751445231180037
        ],
        "SI-SIR": [
            0.4721798215105413,
            -0.06780257954728913
        ],
        "SI-SAR": [
            2.128783438167516,
            1.4742922100834022
        ],
        "SD-SDR": [
            -1.9495115891266408,
            -2.593029386788499
        ],
        "SNR": [
            -0.08876812225855993,
            -0.326468985030715
        ],
        "SRR": [
            12.435581544447995,
            10.511030087676314
        ],
        "SI-SDRi": [
            3.214933315731682,
            3.210220012135464
        ],
        "SD-SDRi": [
            3.058158605723464,
            2.993280509990631
        ],
        "SNRi": [
            5.425600989281454,
            5.507115896177313
        ],
        "MIX-SI-SDR": [
            -5.003265690451174,
            -5.5853645352534675
        ],
        "MIX-SD-SDR": [
            -5.007670194850105,
            -5.58630989677913
        ],
        "MIX-SNR": [
            -5.514369111540014,
            -5.8335848812080275
        ]
    },
    "drums+other+vocals": {
        "SI-SDR": [
            4.5179611198839105,
            4.604095264619451
        ],
        "SI-SIR": [
            14.422167942585691,
            13.907656705111073
        ],
        "SI-SAR": [
            4.986311320889676,
            5.14642379014939
        ],
        "SD-SDR": [
            0.9155426458627147,
            1.0827322244312212
        ],
        "SNR": [
            5.399495764668502,
            5.474285873697523
        ],
        "SRR": [
            3.404852863649613,
            3.6358270236155303
        ],
        "SI-SDRi": [
            -1.1461586006753919,
            -1.2956558639184053
        ],
        "SD-SDRi": [
            -4.744172570297654,
            -4.8160735425809715
        ],
        "SNRi": [
            -0.11487334687151218,
            -0.35929900751050425
        ],
        "MIX-SI-SDR": [
            5.664119720559302,
            5.899751128537856
        ],
        "MIX-SD-SDR": [
            5.659715216160369,
            5.898805767012193
        ],
        "MIX-SNR": [
            5.514369111540014,
            5.8335848812080275
        ]
    }
}