{
    "combination": [
        0,
        1
    ],
    "permutation": [
        0,
        1
    ],
    "bass": {
        "SI-SDR": [
            1.840801126471527,
            3.5165735232755506
        ],
        "SI-SIR": [
            5.795544991017346,
            8.344479207926954
        ],
        "SI-SAR": [
            4.075804216251797,
            5.249414680047861
        ],
        "SD-SDR": [
            1.1926607982652402,
            2.4104144145990745
        ],
        "SNR": [
            3.6341538114880043,
            5.076569419384737
        ],
        "SRR": [
            9.773854028159882,
            8.891428191934342
        ],
        "SI-SDRi": [
            5.141843545225672,
            6.283849321852378
        ],
        "SD-SDRi": [
            4.4966990959926125,
            5.179046857690878
        ],
        "SNRi": [
            7.278435441362925,
            8.058941676756138
        ],
        "MIX-SI-SDR": [
            -3.301042418754146,
            -2.7672757985768266
        ],
        "MIX-SD-SDR": [
            -3.304038297727372,
            -2.768632443091804
        ],
        "MIX-SNR": [
            -3.6442816298749205,
            -2.9823722573714013
        ]
    },
    "drums+other+vocals": {
        "SI-SDR": [
            6.526615163481152,
            7.368163956263588
        ],
        "SI-SIR": [
            13.018373541328918,
            12.493494612838811
        ],
        "SI-SAR": [
            7.629662469212992,
            8.96228792552379
        ],
        "SD-SDR": [
            4.742629362624296,
            6.130708491119639
        ],
        "SNR": [
            7.260055138907028,
            8.039884244269793
        ],
        "SRR": [
            9.468060014849648,
            12.187302069023236
        ],
        "SI-SDRi": [
            2.730684652537236,
            4.276218319159939
        ],
        "SD-SDRi": [
            0.9496947306536065,
            3.0401194985309665
        ],
        "SNRi": [
            3.615773509032107,
            5.057511986898391
        ],
        "MIX-SI-SDR": [
            3.795930510943916,
            3.091945637103649
        ],
        "MIX-SD-SDR": [
            3.7929346319706894,
            3.090588992588672
        ],
        "MIX-SNR": [
            3.6442816298749205,
            2.9823722573714013
        ]
    }
}