{
    "combination": [
        0,
        1
    ],
    "permutation": [
        0,
        1
    ],
    "bass": {
        "SI-SDR": [
            3.9820358977558024,
            4.315040086068174
        ],
        "SI-SIR": [
            7.131753558190347,
            7.623670217179182
        ],
        "SI-SAR": [
            6.857254895588307,
            7.046192428909769
        ],
        "SD-SDR": [
            2.775854225259827,
            3.0567000366323533
        ],
        "SNR": [
            5.4321702192721535,
            5.681078907889648
        ],
        "SRR": [
            8.928711668091132,
            9.050552102139838
        ],
        "SI-SDRi": [
            4.696183428704376,
            4.962487202250247
        ],
        "SD-SDRi": [
            3.4902322133160224,
            3.7043178061226927
        ],
        "SNRi": [
            6.215517127254871,
            6.38755756685627
        ],
        "MIX-SI-SDR": [
            -0.7141475309485743,
            -0.6474471161820733
        ],
        "MIX-SD-SDR": [
            -0.7143779880561951,
            -0.6476177694903391
        ],
        "MIX-SNR": [
            -0.7833469079827176,
            -0.706478658966621
        ]
    },
    "drums+other+vocals": {
        "SI-SDR": [
            5.041451898154593,
            5.2378598687082265
        ],
        "SI-SIR": [
            9.305706263666927,
            9.476582711883163
        ],
        "SI-SAR": [
            7.079913802561939,
            7.291687131970396
        ],
        "SD-SDR": [
            3.047576094876678,
            3.366721016901053
        ],
        "SNR": [
            6.137294992098109,
            6.298799158912129
        ],
        "SRR": [
            7.387301098575854,
            7.925534699148386
        ],
        "SI-SDRi": [
            4.200250625666433,
            4.481161087863844
        ],
        "SD-SDRi": [
            2.206605279496138,
            2.61019288936494
        ],
        "SNRi": [
            5.353948084115392,
            5.592320499945508
        ],
        "MIX-SI-SDR": [
            0.8412012724881603,
            0.756698780844382
        ],
        "MIX-SD-SDR": [
            0.8409708153805397,
            0.7565281275361131
        ],
        "MIX-SNR": [
            0.7833469079827176,
            0.7064786589666203
        ]
    }
}