{
    "combination": [
        0,
        1
    ],
    "permutation": [
        0,
        1
    ],
    "bass": {
        "SI-SDR": [
            -3.2345654749083086,
            -4.9183681256231235
        ],
        "SI-SIR": [
            -0.6663023088675736,
            -2.525783436251742
        ],
        "SI-SAR": [
            0.26791491387471633,
            -1.1876887012371633
        ],
        "SD-SDR": [
            -3.468782235257297,
            -5.158331374887337
        ],
        "SNR": [
            -0.9162755401068324,
            -2.113297755442135
        ],
        "SRR": [
            9.329463266313711,
            7.537493586158814
        ],
        "SI-SDRi": [
            5.669258218998678,
            5.188206780978135
        ],
        "SD-SDRi": [
            5.4361911313904585,
            4.9534429401606515
        ],
        "SNRi": [
            7.603430732402867,
            7.085751566832824
        ],
        "MIX-SI-SDR": [
            -8.903823693906986,
            -10.106574906601258
        ],
        "MIX-SD-SDR": [
            -8.904973366647756,
            -10.111774315047988
        ],
        "MIX-SNR": [
            -8.5197062725097,
            -9.19904932227496
        ]
    },
    "drums+other+vocals": {
        "SI-SDR": [
            7.64646871950644,
            7.088279192529732
        ],
        "SI-SIR": [
            17.8096117052307,
            17.37528974548273
        ],
        "SI-SAR": [
            8.086289214509645,
            7.515104074879795
        ],
        "SD-SDR": [
            4.37559073514228,
            3.5460023715047466
        ],
        "SNR": [
            7.540054955666388,
            7.047264672927001
        ],
        "SRR": [
            7.140066373750838,
            6.082435172122047
        ],
        "SI-SDRi": [
            -0.8212347684276091,
            -2.0111518716661303
        ],
        "SD-SDRi": [
            -4.090963080051003,
            -5.548229284244384
        ],
        "SNRi": [
            -0.9796513168433112,
            -2.1517846493479578
        ],
        "MIX-SI-SDR": [
            8.467703487934049,
            9.099431064195862
        ],
        "MIX-SD-SDR": [
            8.466553815193283,
            9.09423165574913
        ],
        "MIX-SNR": [
            8.5197062725097,
            9.19904932227496
        ]
    }
}