{
    "combination": [
        0,
        1
    ],
    "permutation": [
        0,
        1
    ],
    "bass": {
        "SI-SDR": [
            -4.261365659014949,
            -5.357857543436047
        ],
        "SI-SIR": [
            -1.2437715346307374,
            -2.60874374365529
        ],
        "SI-SAR": [
            -1.258347639780837,
            -2.0696527811891907
        ],
        "SD-SDR": [
            -4.472649236425407,
            -5.5763258308790595
        ],
        "SNR": [
            -1.7720297317049638,
            -2.5250519900239397
        ],
        "SRR": [
            8.76174996924098,
            7.516409481413415
        ],
        "SI-SDRi": [
            3.734364741732416,
            3.3492243483838298
        ],
        "SD-SDRi": [
            3.523118300366673,
            3.131004107181284
        ],
        "SNRi": [
            6.287741719838633,
            6.0052202514713535
        ],
        "MIX-SI-SDR": [
            -7.995730400747365,
            -8.707081891819877
        ],
        "MIX-SD-SDR": [
            -7.99576753679208,
            -8.707329938060344
        ],
        "MIX-SNR": [
            -8.059771451543597,
            -8.530272241495293
        ]
    },
    "drums+other+vocals": {
        "SI-SDR": [
            5.45485945802503,
            5.163556894718749
        ],
        "SI-SIR": [
            15.9626736781476,
            15.556908995547893
        ],
        "SI-SAR": [
            5.859508247619376,
            5.579546592573134
        ],
        "SD-SDR": [
            2.653735508647743,
            2.075067260611813
        ],
        "SNR": [
            6.221401009598213,
            5.947505454019952
        ],
        "SRR": [
            5.883798406952199,
            5.00856039412146
        ],
        "SI-SDRi": [
            -2.614985565996415,
            -3.3423436218769886
        ],
        "SD-SDRi": [
            -5.416072379328986,
            -6.430585209743463
        ],
        "SNRi": [
            -1.8383704419453837,
            -2.5827667874753413
        ],
        "MIX-SI-SDR": [
            8.069845024021445,
            8.505900516595737
        ],
        "MIX-SD-SDR": [
            8.06980788797673,
            8.505652470355276
        ],
        "MIX-SNR": [
            8.059771451543597,
            8.530272241495293
        ]
    }
}