{
    "combination": [
        0,
        1
    ],
    "permutation": [
        0,
        1
    ],
    "bass": {
        "SI-SDR": [
            -5.666760983717838,
            -5.962426590291702
        ],
        "SI-SIR": [
            -2.464406819497481,
            -2.8751522210059215
        ],
        "SI-SAR": [
            -2.8403806504292763,
            -3.027760476562254
        ],
        "SD-SDR": [
            -5.799164546255768,
            -6.088365023514401
        ],
        "SNR": [
            -3.2710650563425645,
            -3.5412639331400966
        ],
        "SRR": [
            9.425715451162095,
            9.350712279774863
        ],
        "SI-SDRi": [
            4.421859941172226,
            4.011572845868194
        ],
        "SD-SDRi": [
            4.291711225295718,
            3.8865321345811683
        ],
        "SNRi": [
            6.2094050277930055,
            6.048551528771141
        ],
        "MIX-SI-SDR": [
            -10.088620924890064,
            -9.973999436159897
        ],
        "MIX-SD-SDR": [
            -10.090875771551486,
            -9.974897158095569
        ],
        "MIX-SNR": [
            -9.48047008413557,
            -9.589815461911238
        ]
    },
    "drums+other+vocals": {
        "SI-SDR": [
            5.347899054433429,
            5.155172482004429
        ],
        "SI-SIR": [
            18.759045868341968,
            18.4367455033333
        ],
        "SI-SAR": [
            5.550556755888167,
            5.364117674705073
        ],
        "SD-SDR": [
            2.585919747408817,
            2.3027629818901385
        ],
        "SNR": [
            6.161742309686752,
            6.00962505116239
        ],
        "SRR": [
            5.859604507162426,
            5.476910869244856
        ],
        "SI-SDRi": [
            -4.068134912772542,
            -4.394043686005957
        ],
        "SD-SDRi": [
            -6.827859373135731,
            -7.2455554641845765
        ],
        "SNRi": [
            -3.318727774448818,
            -3.5801904107488483
        ],
        "MIX-SI-SDR": [
            9.416033967205971,
            9.549216168010386
        ],
        "MIX-SD-SDR": [
            9.413779120544548,
            9.548318446074715
        ],
        "MIX-SNR": [
            9.48047008413557,
            9.589815461911238
        ]
    }
}