{
    "combination": [
        0,
        1
    ],
    "permutation": [
        0,
        1
    ],
    "bass": {
        "SI-SDR": [
            3.7519221567538414,
            4.108012631157138
        ],
        "SI-SIR": [
            7.623689652181918,
            8.289606595620576
        ],
        "SI-SAR": [
            6.043675814468163,
            6.196751524679337
        ],
        "SD-SDR": [
            2.358599990993053,
            2.7592888128163344
        ],
        "SNR": [
            5.276826548162714,
            5.532044921140247
        ],
        "SRR": [
            7.973979192058089,
            8.494825355378186
        ],
        "SI-SDRi": [
            4.852438422655943,
            5.15304415595274
        ],
        "SD-SDRi": [
            3.4610679284324433,
            3.8062116183559844
        ],
        "SNRi": [
            6.172744043618194,
            6.376881340910234
        ],
        "MIX-SI-SDR": [
            -1.100516265902102,
            -1.045031524795602
        ],
        "MIX-SD-SDR": [
            -1.1024679374393904,
            -1.0469228055396502
        ],
        "MIX-SNR": [
            -0.8959174954554804,
            -0.8448364197699877
        ]
    },
    "drums+other+vocals": {
        "SI-SDR": [
            4.793612252259419,
            5.039155304116893
        ],
        "SI-SIR": [
            9.177597417865185,
            9.670794042431236
        ],
        "SI-SAR": [
            6.761905895369708,
            6.87157376600029
        ],
        "SD-SDR": [
            3.1611150095752296,
            3.519250362044818
        ],
        "SNR": [
            6.015121975679147,
            6.205208843642466
        ],
        "SRR": [
            8.20114347726124,
            8.816740805476684
        ],
        "SI-SDRi": [
            4.0634171759424955,
            4.358445492446654
        ],
        "SD-SDRi": [
            2.4328716047955954,
            2.8404318311186305
        ],
        "SNRi": [
            5.119204480223667,
            5.3603724238724775
        ],
        "MIX-SI-SDR": [
            0.7301950763169234,
            0.6807098116702384
        ],
        "MIX-SD-SDR": [
            0.7282434047796341,
            0.6788185309261878
        ],
        "MIX-SNR": [
            0.8959174954554805,
            0.8448364197699885
        ]
    }
}