{
    "combination": [
        0,
        1
    ],
    "permutation": [
        0,
        1
    ],
    "bass": {
        "SI-SDR": [
            8.121642772225979,
            9.031875932543809
        ],
        "SI-SIR": [
            12.363447665715894,
            13.869537775042994
        ],
        "SI-SAR": [
            10.173607506918284,
            10.7599412925493
        ],
        "SD-SDR": [
            6.697696543081966,
            7.772523683296965
        ],
        "SNR": [
            8.597846382778705,
            9.392529588911314
        ],
        "SRR": [
            12.233141044048725,
            13.7633654034728
        ],
        "SI-SDRi": [
            9.033695707289317,
            9.826346147580155
        ],
        "SD-SDRi": [
            7.610770087514708,
            8.568621811043808
        ],
        "SNRi": [
            9.660097726688369,
            10.374900938548098
        ],
        "MIX-SI-SDR": [
            -0.9120529350633386,
            -0.7944702150363457
        ],
        "MIX-SD-SDR": [
            -0.9130735444327419,
            -0.796098127746843
        ],
        "MIX-SNR": [
            -1.0622513439096632,
            -0.9823713496367841
        ]
    },
    "drums+other+vocals": {
        "SI-SDR": [
            9.31774928912345,
            10.105623756737444
        ],
        "SI-SIR": [
            13.468742402832296,
            14.845310147259356
        ],
        "SI-SAR": [
            11.425495856509846,
            11.882385663137512
        ],
        "SD-SDR": [
            7.967674427553559,
            8.911442613303333
        ],
        "SNR": [
            9.598579654790134,
            10.31775616783359
        ],
        "SRR": [
            13.699503330002823,
            15.102000964691806
        ],
        "SI-SDRi": [
            8.137450653551335,
            8.972739474905012
        ],
        "SD-SDRi": [
            6.788396401350848,
            7.780186244181393
        ],
        "SNRi": [
            8.53632831088047,
            9.335384818196806
        ],
        "MIX-SI-SDR": [
            1.180298635572115,
            1.1328842818324318
        ],
        "MIX-SD-SDR": [
            1.179278026202711,
            1.13125636912194
        ],
        "MIX-SNR": [
            1.0622513439096632,
            0.9823713496367843
        ]
    }
}