{
    "combination": [
        0,
        1
    ],
    "permutation": [
        0,
        1
    ],
    "bass": {
        "SI-SDR": [
            3.7295397651365336,
            3.9662870990855756
        ],
        "SI-SIR": [
            6.30170834362441,
            6.906249164739398
        ],
        "SI-SAR": [
            7.227182314399241,
            7.0480829120305515
        ],
        "SD-SDR": [
            1.5775493116222097,
            1.7540413773707382
        ],
        "SNR": [
            5.221710099566162,
            5.369450071866426
        ],
        "SRR": [
            5.65864390364993,
            5.742820978340433
        ],
        "SI-SDRi": [
            2.501314621820316,
            3.2682170887591244
        ],
        "SD-SDRi": [
            0.34932421903732513,
            1.056300237004365
        ],
        "SNRi": [
            3.992670061283886,
            4.602238331014316
        ],
        "MIX-SI-SDR": [
            1.2282251433162177,
            0.6980700103264514
        ],
        "MIX-SD-SDR": [
            1.2282250925848845,
            0.6977411403663731
        ],
        "MIX-SNR": [
            1.2290400382822766,
            0.7672117408521104
        ]
    },
    "drums+other+vocals": {
        "SI-SDR": [
            1.7826534750039005,
            2.731668645674452
        ],
        "SI-SIR": [
            4.095003068689554,
            5.18004387354712
        ],
        "SI-SAR": [
            5.624957796111821,
            6.387558908986113
        ],
        "SD-SDR": [
            -0.019231949485033706,
            1.090907219239969
        ],
        "SNR": [
            3.976080422055625,
            4.582081488957906
        ],
        "SRR": [
            4.671176663365385,
            6.112879052755527
        ],
        "SI-SDRi": [
            3.012774994469736,
            3.581509640460466
        ],
        "SD-SDRi": [
            1.2108896207121407,
            1.9410770839860665
        ],
        "SNRi": [
            5.205120460337901,
            5.349293229810015
        ],
        "MIX-SI-SDR": [
            -1.230121519465836,
            -0.8498409947860139
        ],
        "MIX-SD-SDR": [
            -1.2301215701971744,
            -0.8501698647460975
        ],
        "MIX-SNR": [
            -1.2290400382822761,
            -0.7672117408521093
        ]
    }
}