{
    "combination": [
        0,
        1
    ],
    "permutation": [
        0,
        1
    ],
    "bass": {
        "SI-SDR": [
            -2.1012232038749223,
            -2.2570442949426237
        ],
        "SI-SIR": [
            1.7607770718500673,
            1.6480109325889285
        ],
        "SI-SAR": [
            0.19733184967212603,
            0.011723030679364605
        ],
        "SD-SDR": [
            -2.47380390504501,
            -2.634878372500874
        ],
        "SNR": [
            0.3313683068810741,
            0.23137299375359968
        ],
        "SRR": [
            8.376794264567607,
            8.157500973027705
        ],
        "SI-SDRi": [
            4.220407890782398,
            4.041644471176388
        ],
        "SD-SDRi": [
            3.849212360049222,
            3.6652399940151703
        ],
        "SNRi": [
            6.338970739256678,
            6.211979214956966
        ],
        "MIX-SI-SDR": [
            -6.32163109465732,
            -6.298688766119012
        ],
        "MIX-SD-SDR": [
            -6.323016265094232,
            -6.3001183665160445
        ],
        "MIX-SNR": [
            -6.007602432375604,
            -5.980606221203367
        ]
    },
    "drums+other+vocals": {
        "SI-SDR": [
            5.288351529899689,
            5.107282125738573
        ],
        "SI-SIR": [
            14.472757031181864,
            14.255189618679925
        ],
        "SI-SAR": [
            5.846777927301893,
            5.6707406202639525
        ],
        "SD-SDR": [
            3.182524887300654,
            3.0283810548697243
        ],
        "SNR": [
            6.287453235034422,
            6.166711742718861
        ],
        "SRR": [
            7.336593096564714,
            7.225951276707772
        ],
        "SI-SDRi": [
            -0.6426156935232195,
            -0.7952385622363529
        ],
        "SD-SDRi": [
            -2.747057165685341,
            -2.872710032708169
        ],
        "SNRi": [
            0.27985080265882,
            0.1861055215154961
        ],
        "MIX-SI-SDR": [
            5.9309672234229085,
            5.902520687974926
        ],
        "MIX-SD-SDR": [
            5.929582052985995,
            5.9010910875778935
        ],
        "MIX-SNR": [
            6.007602432375602,
            5.980606221203365
        ]
    }
}