{
    "combination": [
        0,
        1
    ],
    "permutation": [
        0,
        1
    ],
    "bass": {
        "SI-SDR": [
            -5.924638574795125,
            -7.088221160201678
        ],
        "SI-SIR": [
            -3.4751925173881664,
            -4.6813221127158595
        ],
        "SI-SAR": [
            -2.2701619801133646,
            -3.376945914274815
        ],
        "SD-SDR": [
            -6.016810359182585,
            -7.152577237840379
        ],
        "SNR": [
            -3.8070424475528992,
            -5.033332682441804
        ],
        "SRR": [
            10.761057185906584,
            11.171508508701823
        ],
        "SI-SDRi": [
            3.0308801017582816,
            2.8353285065767038
        ],
        "SD-SDRi": [
            2.9403208936968035,
            2.7733140906502705
        ],
        "SNRi": [
            5.632597813750952,
            5.549050255052968
        ],
        "MIX-SI-SDR": [
            -8.955518676553407,
            -9.923549666778381
        ],
        "MIX-SD-SDR": [
            -8.957131252879389,
            -9.92589132849065
        ],
        "MIX-SNR": [
            -9.43964026130385,
            -10.582382937494772
        ]
    },
    "drums+other+vocals": {
        "SI-SDR": [
            4.756668732709418,
            4.653705191684573
        ],
        "SI-SIR": [
            17.362178612504678,
            18.36707190676233
        ],
        "SI-SAR": [
            5.001819469125719,
            4.842439201124902
        ],
        "SD-SDR": [
            1.2440262532688173,
            1.0518131522093022
        ],
        "SNR": [
            5.569185198669722,
            5.480911250680788
        ],
        "SRR": [
            3.804111470726994,
            3.541530825557656
        ],
        "SI-SDRi": [
            -4.740850946099304,
            -5.990451346217657
        ],
        "SD-SDRi": [
            -8.251880849213926,
            -9.590001723980661
        ],
        "SNRi": [
            -3.8704550626341288,
            -5.101471686813984
        ],
        "MIX-SI-SDR": [
            9.497519678808722,
            10.64415653790223
        ],
        "MIX-SD-SDR": [
            9.495907102482743,
            10.641814876189963
        ],
        "MIX-SNR": [
            9.43964026130385,
            10.582382937494772
        ]
    }
}