{
    "combination": [
        0,
        1
    ],
    "permutation": [
        0,
        1
    ],
    "bass": {
        "SI-SDR": [
            1.7177235240050623,
            0.9540926199921719
        ],
        "SI-SIR": [
            3.788934524569573,
            2.577385421933972
        ],
        "SI-SAR": [
            5.927848533557361,
            6.014361645007302
        ],
        "SD-SDR": [
            1.0595376293712997,
            0.34098005064853654
        ],
        "SNR": [
            3.549224799941361,
            2.940474076608271
        ],
        "SRR": [
            9.578832527274129,
            9.146371359492083
        ],
        "SI-SDRi": [
            2.514979810746963,
            1.9342488003308103
        ],
        "SD-SDRi": [
            1.8570877534607944,
            1.3212230326582541
        ],
        "SNRi": [
            4.2688107205745744,
            3.8773548228369394
        ],
        "MIX-SI-SDR": [
            -0.7972562867419006,
            -0.9801561803386383
        ],
        "MIX-SD-SDR": [
            -0.7975501240894947,
            -0.9802429820097176
        ],
        "MIX-SNR": [
            -0.7195859206332131,
            -0.9368807462286686
        ]
    },
    "drums+other+vocals": {
        "SI-SDR": [
            2.4073229708224635,
            1.8679110614566987
        ],
        "SI-SIR": [
            7.7701856798621725,
            6.812215124513211
        ],
        "SI-SAR": [
            3.9001250837686765,
            3.544797998737929
        ],
        "SD-SDR": [
            -0.9600356388770495,
            -2.1277249405642085
        ],
        "SNR": [
            4.242914482971499,
            3.8529808943596455
        ],
        "SRR": [
            1.720344412008878,
            0.07997223502855852
        ],
        "SI-SDRi": [
            1.753457558111446,
            0.9658746707666802
        ],
        "SD-SDRi": [
            -1.6136072142404692,
            -3.029674529583146
        ],
        "SNRi": [
            3.523328562338286,
            2.916100148130977
        ],
        "MIX-SI-SDR": [
            0.6538654127110176,
            0.9020363906900185
        ],
        "MIX-SD-SDR": [
            0.6535715753634197,
            0.9019495890189378
        ],
        "MIX-SNR": [
            0.7195859206332131,
            0.9368807462286687
        ]
    }
}