{
    "combination": [
        0,
        1
    ],
    "permutation": [
        0,
        1
    ],
    "bass": {
        "SI-SDR": [
            1.147075359782772,
            0.15443064935115727
        ],
        "SI-SIR": [
            4.371179526621495,
            2.9658667816729483
        ],
        "SI-SAR": [
            3.9536047128277545,
            3.373139226942575
        ],
        "SD-SDR": [
            0.7537752556704551,
            -0.21301078979075738
        ],
        "SNR": [
            2.8284003869868246,
            2.0115539898344377
        ],
        "SRR": [
            11.379543844612897,
            10.695376455226405
        ],
        "SI-SDRi": [
            3.8596738191834,
            3.2908924346265107
        ],
        "SD-SDRi": [
            3.4688357668843444,
            2.9242252368866484
        ],
        "SNRi": [
            5.830820966699964,
            5.316823901037083
        ],
        "MIX-SI-SDR": [
            -2.712598459400628,
            -3.1364617852753534
        ],
        "MIX-SD-SDR": [
            -2.7150605112138892,
            -3.1372360266774058
        ],
        "MIX-SNR": [
            -3.0024205797131396,
            -3.305269911202645
        ]
    },
    "drums+other+vocals": {
        "SI-SDR": [
            4.6965316513304485,
            4.043210100022306
        ],
        "SI-SIR": [
            12.533660060213954,
            11.922571405937461
        ],
        "SI-SAR": [
            5.477305889181359,
            4.815714595692765
        ],
        "SD-SDR": [
            2.272225876257491,
            1.228101757468341
        ],
        "SNR": [
            5.8142623483407245,
            5.308324738738962
        ],
        "SRR": [
            5.960106585161537,
            4.442780663184704
        ],
        "SI-SDRi": [
            1.5465197916613018,
            0.658261154844074
        ],
        "SD-SDRi": [
            -0.8753239315983934,
            -2.15607294630784
        ],
        "SNRi": [
            2.8118417686275854,
            2.0030548275363165
        ],
        "MIX-SI-SDR": [
            3.1500118596691467,
            3.384948945178232
        ],
        "MIX-SD-SDR": [
            3.1475498078558846,
            3.384174703776181
        ],
        "MIX-SNR": [
            3.002420579713139,
            3.305269911202646
        ]
    }
}