{
    "combination": [
        0,
        1
    ],
    "permutation": [
        0,
        1
    ],
    "bass": {
        "SI-SDR": [
            1.63056065659582,
            1.8009562477008725
        ],
        "SI-SIR": [
            4.268109650936082,
            4.629106882018187
        ],
        "SI-SAR": [
            5.048633891470413,
            5.001380846485746
        ],
        "SD-SDR": [
            1.4308947347191263,
            1.6030904226689744
        ],
        "SNR": [
            2.8669189264436827,
            3.0073452323275274
        ],
        "SRR": [
            14.90514885546126,
            15.11578293444348
        ],
        "SI-SDRi": [
            5.482209257140745,
            5.769189750316949
        ],
        "SD-SDRi": [
            5.286643459172565,
            5.577240959143552
        ],
        "SNRi": [
            7.148871242175208,
            7.503307430816333
        ],
        "MIX-SI-SDR": [
            -3.8516486005449253,
            -3.968233502616077
        ],
        "MIX-SD-SDR": [
            -3.8557487244534387,
            -3.9741505364745775
        ],
        "MIX-SNR": [
            -4.281952315731525,
            -4.495962198488806
        ]
    },
    "drums+other+vocals": {
        "SI-SDR": [
            6.913563505697149,
            7.310239057491107
        ],
        "SI-SIR": [
            16.58828413895354,
            17.093927191001054
        ],
        "SI-SAR": [
            7.408831591256395,
            7.7925274147322465
        ],
        "SD-SDR": [
            3.7887239591393254,
            4.3941987385884325
        ],
        "SNR": [
            7.093911927372525,
            7.450084641602118
        ],
        "SRR": [
            6.687427698926147,
            7.500849625532968
        ],
        "SI-SDRi": [
            2.466046340036379,
            2.619431794507795
        ],
        "SD-SDRi": [
            -0.6546930826129325,
            -0.2906914905363731
        ],
        "SNRi": [
            2.811959611641,
            2.954122443113312
        ],
        "MIX-SI-SDR": [
            4.44751716566077,
            4.690807262983312
        ],
        "MIX-SD-SDR": [
            4.443417041752258,
            4.684890229124806
        ],
        "MIX-SNR": [
            4.281952315731525,
            4.495962198488805
        ]
    }
}