{
    "combination": [
        0,
        1
    ],
    "permutation": [
        0,
        1
    ],
    "bass": {
        "SI-SDR": [
            -3.4896334235743867,
            -3.879791420459312
        ],
        "SI-SIR": [
            0.6863516711428317,
            0.17233764668756937
        ],
        "SI-SAR": [
            -1.3974268126694112,
            -1.7091219642208695
        ],
        "SD-SDR": [
            -3.985060269527417,
            -4.343931049832914
        ],
        "SNR": [
            -0.35106578707734115,
            -0.6787458291400288
        ],
        "SRR": [
            5.688346308012699,
            5.597428747613731
        ],
        "SI-SDRi": [
            3.042057327133633,
            2.747534931914509
        ],
        "SD-SDRi": [
            2.5467736226912567,
            2.2836139426384285
        ],
        "SNRi": [
            6.07562956303382,
            5.817616888803584
        ],
        "MIX-SI-SDR": [
            -6.5316907507080195,
            -6.627326352373821
        ],
        "MIX-SD-SDR": [
            -6.531833892218674,
            -6.627544992471343
        ],
        "MIX-SNR": [
            -6.426695350111161,
            -6.4963627179436125
        ]
    },
    "drums+other+vocals": {
        "SI-SDR": [
            4.719482123070461,
            4.371774321209719
        ],
        "SI-SIR": [
            12.817558337841442,
            12.69787493689634
        ],
        "SI-SAR": [
            5.450659525326539,
            5.062409141859925
        ],
        "SD-SDR": [
            2.873041091164312,
            2.4434734702639056
        ],
        "SNR": [
            5.935683653197241,
            5.682534352278941
        ],
        "SRR": [
            7.478089817911503,
            6.898103321810076
        ],
        "SI-SDRi": [
            -1.6835297653491432,
            -2.095586124341885
        ],
        "SD-SDRi": [
            -3.529827655744634,
            -4.023668335190182
        ],
        "SNRi": [
            -0.49101169691391977,
            -0.8138283656646719
        ],
        "MIX-SI-SDR": [
            6.403011888419604,
            6.467360445551604
        ],
        "MIX-SD-SDR": [
            6.402868746908946,
            6.467141805454087
        ],
        "MIX-SNR": [
            6.426695350111161,
            6.4963627179436125
        ]
    }
}