{
    "combination": [
        0,
        1
    ],
    "permutation": [
        0,
        1
    ],
    "bass": {
        "SI-SDR": [
            -8.688892214749226,
            -8.048954586045888
        ],
        "SI-SIR": [
            -7.331001562995488,
            -6.66387391856308
        ],
        "SI-SAR": [
            -2.9784276243074785,
            -2.4117120340988443
        ],
        "SD-SDR": [
            -8.705097674592933,
            -8.07512128792754
        ],
        "SNR": [
            -7.369188292434817,
            -6.517780071085104
        ],
        "SRR": [
            15.584232058576422,
            14.138308742004357
        ],
        "SI-SDRi": [
            1.9342205545243463,
            1.651726688220288
        ],
        "SD-SDRi": [
            1.9210674514849906,
            1.6275228893207672
        ],
        "SNRi": [
            4.07697017127283,
            3.768252504180982
        ],
        "MIX-SI-SDR": [
            -10.623112769273572,
            -9.700681274266175
        ],
        "MIX-SD-SDR": [
            -10.626165126077924,
            -9.702644177248308
        ],
        "MIX-SNR": [
            -11.446158463707647,
            -10.286032575266086
        ]
    },
    "drums+other+vocals": {
        "SI-SDR": [
            3.0327557885291063,
            2.3331593249136975
        ],
        "SI-SIR": [
            19.11049014332449,
            17.348725131641004
        ],
        "SI-SAR": [
            3.1412544840022876,
            2.4722062950700843
        ],
        "SD-SDR": [
            -2.606326699860909,
            -3.1928523918035006
        ],
        "SNR": [
            4.046711887774067,
            3.7551347537377704
        ],
        "SRR": [
            -1.2219370038075466,
            -1.7652405627113885
        ],
        "SI-SDRi": [
            -8.477876350533194,
            -8.011149621104819
        ],
        "SD-SDRi": [
            -14.113906482118853,
            -13.535198434839879
        ],
        "SNRi": [
            -7.39944657593358,
            -6.530897821528315
        ],
        "MIX-SI-SDR": [
            11.5106321390623,
            10.344308946018517
        ],
        "MIX-SD-SDR": [
            11.507579782257944,
            10.342346043036379
        ],
        "MIX-SNR": [
            11.446158463707647,
            10.286032575266086
        ]
    }
}