{
    "combination": [
        0,
        1
    ],
    "permutation": [
        0,
        1
    ],
    "bass": {
        "SI-SDR": [
            -7.619446153417327,
            -4.703792918013612
        ],
        "SI-SIR": [
            -6.839708438320097,
            -3.8230698758902792
        ],
        "SI-SAR": [
            0.2229488439749857,
            2.6585787879802725
        ],
        "SD-SDR": [
            -7.911380150230131,
            -5.3455383451172755
        ],
        "SNR": [
            -3.6465527981963533,
            -0.8092337914203105
        ],
        "SRR": [
            3.9587655984064405,
            3.2755991641124664
        ],
        "SI-SDRi": [
            0.6735966702328877,
            0.10146372374871238
        ],
        "SD-SDRi": [
            0.38608875195564085,
            -0.5357641537688718
        ],
        "SNRi": [
            3.958650225750807,
            3.5264690517424677
        ],
        "MIX-SI-SDR": [
            -8.293042823650215,
            -4.805256641762324
        ],
        "MIX-SD-SDR": [
            -8.297468902185772,
            -4.809774191348404
        ],
        "MIX-SNR": [
            -7.60520302394716,
            -4.335702843162778
        ]
    },
    "drums+other+vocals": {
        "SI-SDR": [
            3.5906589396392463,
            1.8351037970951691
        ],
        "SI-SIR": [
            9.645508623766894,
            5.578130023552856
        ],
        "SI-SAR": [
            4.828689476709958,
            4.218637931455482
        ],
        "SD-SDR": [
            -3.3083847256343044,
            -3.778979612859817
        ],
        "SNR": [
            3.9473618559534667,
            3.515819564323581
        ],
        "SRR": [
            -2.3163216965501117,
            -2.3851671959772967
        ],
        "SI-SDRi": [
            -3.902701038665288,
            -2.3334203177267
        ],
        "SD-SDRi": [
            -10.797318625403282,
            -7.942986178095607
        ],
        "SNRi": [
            -3.6578411679936935,
            -0.8198832788391974
        ],
        "MIX-SI-SDR": [
            7.493359978304534,
            4.168524114821869
        ],
        "MIX-SD-SDR": [
            7.488933899768978,
            4.164006565235789
        ],
        "MIX-SNR": [
            7.60520302394716,
            4.335702843162778
        ]
    }
}