{
    "combination": [
        0,
        1
    ],
    "permutation": [
        0,
        1
    ],
    "bass": {
        "SI-SDR": [
            5.9108097366328565,
            7.0308286288861135
        ],
        "SI-SIR": [
            14.188245749376833,
            15.2446717886823
        ],
        "SI-SAR": [
            6.609888090481939,
            7.74110951160364
        ],
        "SD-SDR": [
            4.980353206016262,
            6.090112811676896
        ],
        "SNR": [
            6.901230785540349,
            7.809446040420659
        ],
        "SRR": [
            12.128160785103008,
            13.195242420401796
        ],
        "SI-SDRi": [
            11.03519451605878,
            11.208931435708354
        ],
        "SD-SDRi": [
            10.104764712348857,
            10.268218615228943
        ],
        "SNRi": [
            12.064599693082563,
            11.999231851635212
        ],
        "MIX-SI-SDR": [
            -5.124384779425925,
            -4.178102806822242
        ],
        "MIX-SD-SDR": [
            -5.124411506332596,
            -4.178105803552047
        ],
        "MIX-SNR": [
            -5.163368907542215,
            -4.189785811214553
        ]
    },
    "drums+other+vocals": {
        "SI-SDR": [
            11.640656175942183,
            11.59217169436584
        ],
        "SI-SIR": [
            18.456903374697223,
            18.34480716328798
        ],
        "SI-SAR": [
            12.65422398159952,
            12.622616580290396
        ],
        "SD-SDR": [
            11.0715001717855,
            11.029580634124061
        ],
        "SNR": [
            11.883277282223863,
            11.840889068001157
        ],
        "SRR": [
            20.178500614357752,
            20.183754816202814
        ],
        "SI-SDRi": [
            6.465377427190196,
            7.397929962742069
        ],
        "SD-SDRi": [
            5.8962481499401855,
            6.835341899230095
        ],
        "SNRi": [
            6.719908374681649,
            7.651103256786604
        ],
        "MIX-SI-SDR": [
            5.175278748751987,
            4.194241731623771
        ],
        "MIX-SD-SDR": [
            5.175252021845314,
            4.194238734893966
        ],
        "MIX-SNR": [
            5.163368907542215,
            4.189785811214553
        ]
    }
}