{
    "combination": [
        0,
        1
    ],
    "permutation": [
        0,
        1
    ],
    "bass": {
        "SI-SDR": [
            -9.667540154786048,
            -9.599771513738876
        ],
        "SI-SIR": [
            -7.333563848428504,
            -6.7143957410466975
        ],
        "SI-SAR": [
            -5.855811463929159,
            -6.460847250780243
        ],
        "SD-SDR": [
            -9.684364371807025,
            -9.625498831441142
        ],
        "SNR": [
            -8.176234675228242,
            -7.807819288456543
        ],
        "SRR": [
            14.442539515872834,
            12.661256494378797
        ],
        "SI-SDRi": [
            3.663239265064105,
            4.09316330385032
        ],
        "SD-SDRi": [
            3.6473811702132863,
            4.067675415158945
        ],
        "SNRi": [
            5.77850367395027,
            6.203102899899149
        ],
        "MIX-SI-SDR": [
            -13.330779419850153,
            -13.692934817589196
        ],
        "MIX-SD-SDR": [
            -13.331745542020311,
            -13.693174246600087
        ],
        "MIX-SNR": [
            -13.954738349178513,
            -14.010922188355693
        ]
    },
    "drums+other+vocals": {
        "SI-SDR": [
            5.157990726016384,
            5.492735825427566
        ],
        "SI-SIR": [
            24.278162098542204,
            24.28105057235866
        ],
        "SI-SAR": [
            5.211501342909395,
            5.550524008751977
        ],
        "SD-SDR": [
            1.366198094254333,
            2.375486275201797
        ],
        "SNR": [
            5.726648240132416,
            6.150763372247962
        ],
        "SRR": [
            3.714416472288451,
            5.2814072085022055
        ],
        "SI-SDRi": [
            -8.82365723284715,
            -8.53126793042424
        ],
        "SD-SDRi": [
            -12.61448374243904,
            -11.648278051639117
        ],
        "SNRi": [
            -8.228090109046097,
            -7.860158816107731
        ],
        "MIX-SI-SDR": [
            13.981647958863533,
            14.024003755851806
        ],
        "MIX-SD-SDR": [
            13.980681836693373,
            14.023764326840913
        ],
        "MIX-SNR": [
            13.954738349178513,
            14.010922188355693
        ]
    }
}