{
    "combination": [
        0,
        1
    ],
    "permutation": [
        0,
        1
    ],
    "bass": {
        "SI-SDR": [
            -3.632908265654746,
            -3.6160653800570337
        ],
        "SI-SIR": [
            1.5892362294249005,
            1.377254640671558
        ],
        "SI-SAR": [
            -2.0810385704414474,
            -1.962087190303134
        ],
        "SD-SDR": [
            -4.02097736572553,
            -3.9842099322351694
        ],
        "SNR": [
            -0.7072149894009655,
            -0.7507846919115124
        ],
        "SRR": [
            6.66036490906542,
            6.916221460292844
        ],
        "SI-SDRi": [
            6.436877786345099,
            5.581526457302665
        ],
        "SD-SDRi": [
            6.04880908449055,
            5.213503960891112
        ],
        "SNRi": [
            9.370959889922748,
            8.580719433707852
        ],
        "MIX-SI-SDR": [
            -10.069786051999845,
            -9.197591837359699
        ],
        "MIX-SD-SDR": [
            -10.06978645021608,
            -9.19771389312628
        ],
        "MIX-SNR": [
            -10.078174879323713,
            -9.331504125619364
        ]
    },
    "drums+other+vocals": {
        "SI-SDR": [
            8.990055246183214,
            8.053354200216319
        ],
        "SI-SIR": [
            18.394617322201864,
            17.51184357642624
        ],
        "SI-SAR": [
            9.519125177716111,
            8.57548637681302
        ],
        "SD-SDR": [
            7.584306120595537,
            6.562114966787035
        ],
        "SNR": [
            9.308717525705312,
            8.522913856526218
        ],
        "SRR": [
            13.167002898248906,
            11.928790092077964
        ],
        "SI-SDRi": [
            -1.0889442686718596,
            -1.2939839347349338
        ],
        "SD-SDRi": [
            -2.4946929960433017,
            -2.7851011123976344
        ],
        "SNRi": [
            -0.7694573536184013,
            -0.8085902690931484
        ],
        "MIX-SI-SDR": [
            10.078999514855074,
            9.347338134951253
        ],
        "MIX-SD-SDR": [
            10.078999116638839,
            9.347216079184669
        ],
        "MIX-SNR": [
            10.078174879323713,
            9.331504125619366
        ]
    }
}