{
    "combination": [
        0,
        1
    ],
    "permutation": [
        0,
        1
    ],
    "drums": {
        "SI-SDR": [
            -5.127470507435677,
            -4.811780536875599
        ],
        "SI-SIR": [
            -0.6703919046393325,
            -0.34353943349148186
        ],
        "SI-SAR": [
            -3.200537766219649,
            -2.8910690478030694
        ],
        "SD-SDR": [
            -7.324736647446927,
            -7.252285009389416
        ],
        "SNR": [
            0.5095553438827739,
            0.7450644062307467
        ],
        "SRR": [
            -3.3133088206081505,
            -3.5859791965698715
        ],
        "SI-SDRi": [
            3.521719366726537,
            3.7674336847307988
        ],
        "SD-SDRi": [
            1.3244647012912596,
            1.3276176710656422
        ],
        "SNRi": [
            9.197057455282946,
            9.62370203736119
        ],
        "MIX-SI-SDR": [
            -8.649189874162214,
            -8.579214221606398
        ],
        "MIX-SD-SDR": [
            -8.649201348738186,
            -8.579902680455058
        ],
        "MIX-SNR": [
            -8.687502111400173,
            -8.878637631130443
        ]
    },
    "bass+other+vocals": {
        "SI-SDR": [
            8.6481786944595,
            9.136103287158795
        ],
        "SI-SIR": [
            11.769702810667999,
            11.91846706376868
        ],
        "SI-SAR": [
            11.550031992014446,
            12.38696836155693
        ],
        "SD-SDR": [
            7.5541324315374165,
            8.15580174605559
        ],
        "SNR": [
            9.12153953644013,
            9.562267498149989
        ],
        "SRR": [
            14.077164331978748,
            15.100982838103219
        ],
        "SI-SDRi": [
            -0.04452630104632149,
            0.21751901126986972
        ],
        "SD-SDRi": [
            -1.1385610893924323,
            -0.7620940709846753
        ],
        "SNRi": [
            0.4340374250399588,
            0.6836298670195458
        ],
        "MIX-SI-SDR": [
            8.69270499550582,
            8.918584275888925
        ],
        "MIX-SD-SDR": [
            8.692693520929849,
            8.917895817040264
        ],
        "MIX-SNR": [
            8.687502111400171,
            8.878637631130443
        ]
    }
}