{
    "combination": [
        0,
        1
    ],
    "permutation": [
        0,
        1
    ],
    "drums": {
        "SI-SDR": [
            -1.7720096954191824,
            -1.9495220568760587
        ],
        "SI-SIR": [
            2.882273758464872,
            3.4265858998701755
        ],
        "SI-SAR": [
            0.048569603298606004,
            -0.4621414609678692
        ],
        "SD-SDR": [
            -8.460532514086339,
            -9.022574544623225
        ],
        "SNR": [
            2.0343318976814024,
            1.9412741050815634
        ],
        "SRR": [
            -7.412757552319409,
            -8.07406494140854
        ],
        "SI-SDRi": [
            0.542345993062693,
            0.5888575714802518
        ],
        "SD-SDRi": [
            -6.145868378157834,
            -6.484177129682525
        ],
        "SNRi": [
            4.25396612253162,
            4.503247900533411
        ],
        "MIX-SI-SDR": [
            -2.3143556884818755,
            -2.5383796283563105
        ],
        "MIX-SD-SDR": [
            -2.314664135928505,
            -2.5383974149407
        ],
        "MIX-SNR": [
            -2.219634224850217,
            -2.5619737954518476
        ]
    },
    "bass+other+vocals": {
        "SI-SDR": [
            2.974002576724696,
            3.448154427211532
        ],
        "SI-SIR": [
            3.7155566696261655,
            4.161357570362841
        ],
        "SI-SAR": [
            11.015919832881643,
            11.64558759827067
        ],
        "SD-SDR": [
            2.603431990177174,
            3.182936682368667
        ],
        "SNR": [
            4.272915859990246,
            4.537143404516708
        ],
        "SRR": [
            13.476533540235,
            15.45668805598037
        ],
        "SI-SDRi": [
            0.8109379275278252,
            0.8730848159442375
        ],
        "SD-SDRi": [
            0.44067578842693456,
            0.6078848576857596
        ],
        "SNRi": [
            2.0532816351400287,
            1.9751696090648614
        ],
        "MIX-SI-SDR": [
            2.163064649196871,
            2.5750696112672946
        ],
        "MIX-SD-SDR": [
            2.1627562017502395,
            2.5750518246829075
        ],
        "MIX-SNR": [
            2.2196342248502177,
            2.5619737954518462
        ]
    }
}