{
    "combination": [
        0,
        1
    ],
    "permutation": [
        0,
        1
    ],
    "drums": {
        "SI-SDR": [
            -2.6556195493677768,
            -2.745997428918259
        ],
        "SI-SIR": [
            1.1986296597925026,
            2.1235068392106546
        ],
        "SI-SAR": [
            -0.3516485373557978,
            -1.0334088726896649
        ],
        "SD-SDR": [
            -6.942482713438096,
            -9.07967993140296
        ],
        "SNR": [
            1.8803252285186853,
            1.7809986069183916
        ],
        "SRR": [
            -4.917507139508421,
            -7.929831076215249
        ],
        "SI-SDRi": [
            3.322774489279178,
            4.481763236409268
        ],
        "SD-SDRi": [
            -0.9639304006162979,
            -1.8517804728915337
        ],
        "SNRi": [
            7.963873624220982,
            9.122486559389602
        ],
        "MIX-SI-SDR": [
            -5.978394038646955,
            -7.227760665327527
        ],
        "MIX-SD-SDR": [
            -5.978552312821798,
            -7.227899458511427
        ],
        "MIX-SNR": [
            -6.083548395702297,
            -7.341487952471209
        ]
    },
    "bass+other+vocals": {
        "SI-SDR": [
            7.153336369086206,
            8.546236347323603
        ],
        "SI-SIR": [
            8.520885652547047,
            9.41641407845134
        ],
        "SI-SAR": [
            12.837596255186467,
            15.95582635983699
        ],
        "SD-SDR": [
            6.428840452154182,
            8.1968408439253
        ],
        "SNR": [
            7.917796619968264,
            9.089244509490943
        ],
        "SRR": [
            14.563537377424453,
            19.31503743560295
        ],
        "SI-SDRi": [
            1.0436403199231172,
            1.183547500513976
        ],
        "SD-SDRi": [
            0.3193026771659353,
            0.8342907902995753
        ],
        "SNRi": [
            1.8342482242659672,
            1.7477565570197324
        ],
        "MIX-SI-SDR": [
            6.109696049163089,
            7.362688846809627
        ],
        "MIX-SD-SDR": [
            6.1095377749882465,
            7.362550053625724
        ],
        "MIX-SNR": [
            6.083548395702297,
            7.34148795247121
        ]
    }
}