{
    "combination": [
        0,
        1
    ],
    "permutation": [
        0,
        1
    ],
    "drums": {
        "SI-SDR": [
            -1.8007049412746436,
            -3.856117262239614
        ],
        "SI-SIR": [
            0.8134840567536379,
            -1.8215045225794735
        ],
        "SI-SAR": [
            1.64549372742762,
            0.41457078929760355
        ],
        "SD-SDR": [
            -4.6256169395493885,
            -8.115530949253925
        ],
        "SNR": [
            2.1348673706205497,
            1.4626421725165017
        ],
        "SRR": [
            -1.4216610942746943,
            -6.074166932993535
        ],
        "SI-SDRi": [
            5.939678927460154,
            5.132212719090234
        ],
        "SD-SDRi": [
            3.1151955900101447,
            0.875085433150538
        ],
        "SNRi": [
            9.667805156874966,
            9.909620093394802
        ],
        "MIX-SI-SDR": [
            -7.7403838687347974,
            -8.988329981329848
        ],
        "MIX-SD-SDR": [
            -7.740812529559533,
            -8.990616382404463
        ],
        "MIX-SNR": [
            -7.532937786254416,
            -8.4469779208783
        ]
    },
    "bass+other+vocals": {
        "SI-SDR": [
            9.457111668232056,
            9.664317064018661
        ],
        "SI-SIR": [
            11.230221197585362,
            10.584778697363696
        ],
        "SI-SAR": [
            14.204032622751443,
            16.85420852326028
        ],
        "SD-SDR": [
            7.926936417466992,
            8.383202902973554
        ],
        "SNR": [
            9.645412819600981,
            9.912595941674441
        ],
        "SRR": [
            13.20001463107091,
            14.3099898237894
        ],
        "SI-SDRi": [
            1.9600722016840653,
            1.2907330585735188
        ],
        "SD-SDRi": [
            0.4303256117437373,
            0.011905298603029024
        ],
        "SNRi": [
            2.1124750333465663,
            1.465618020796141
        ],
        "MIX-SI-SDR": [
            7.4970394665479905,
            8.373584005445142
        ],
        "MIX-SD-SDR": [
            7.496610805723255,
            8.371297604370525
        ],
        "MIX-SNR": [
            7.532937786254415,
            8.4469779208783
        ]
    }
}