{
    "combination": [
        0,
        1
    ],
    "permutation": [
        0,
        1
    ],
    "drums": {
        "SI-SDR": [
            -0.2341978246931012,
            0.5200647282515043
        ],
        "SI-SIR": [
            2.5265615521133573,
            3.0534552313942065
        ],
        "SI-SAR": [
            3.040859823268879,
            4.066179771358539
        ],
        "SD-SDR": [
            -2.477127173443285,
            -2.720592105795509
        ],
        "SNR": [
            2.8414262375658055,
            3.264602021135537
        ],
        "SRR": [
            1.4658661349500588,
            0.07095648614690567
        ],
        "SI-SDRi": [
            3.6436830771603375,
            3.180937097959589
        ],
        "SD-SDRi": [
            1.4010169503484118,
            -0.05799676040459634
        ],
        "SNRi": [
            6.614530251033665,
            5.6952777267149575
        ],
        "MIX-SI-SDR": [
            -3.877880901853439,
            -2.6608723697080845
        ],
        "MIX-SD-SDR": [
            -3.8781441237916967,
            -2.662595345390913
        ],
        "MIX-SNR": [
            -3.7731040134678597,
            -2.4306757055794206
        ]
    },
    "bass+other+vocals": {
        "SI-SDR": [
            5.607624996902358,
            4.312239368251372
        ],
        "SI-SIR": [
            7.9592183734948705,
            5.830699121649527
        ],
        "SI-SAR": [
            9.394716228839062,
            9.61318067607164
        ],
        "SD-SDR": [
            3.8889224063356713,
            2.857256952463872
        ],
        "SNR": [
            6.593805448322279,
            5.679882531835359
        ],
        "SRR": [
            8.745805999200739,
            8.313722321537204
        ],
        "SI-SDRi": [
            1.8781632269699622,
            2.0115979714560264
        ],
        "SD-SDRi": [
            0.15972385834153657,
            0.5583385313513527
        ],
        "SNRi": [
            2.8207014348544193,
            3.2492068262559384
        ],
        "MIX-SI-SDR": [
            3.729461769932396,
            2.300641396795346
        ],
        "MIX-SD-SDR": [
            3.7291985479941347,
            2.298918421112519
        ],
        "MIX-SNR": [
            3.77310401346786,
            2.4306757055794206
        ]
    }
}