{
    "combination": [
        0,
        1
    ],
    "permutation": [
        0,
        1
    ],
    "drums": {
        "SI-SDR": [
            2.0672937163304046,
            1.9259227277592503
        ],
        "SI-SIR": [
            5.574132065433231,
            6.389202338022248
        ],
        "SI-SAR": [
            4.632045581108905,
            3.8493963564684277
        ],
        "SD-SDR": [
            -2.011855400473695,
            -2.441685407603709
        ],
        "SNR": [
            3.9383405642885867,
            3.813999058603972
        ],
        "SRR": [
            0.1413832265899625,
            -0.4639738244891662
        ],
        "SI-SDRi": [
            4.2937813801458,
            5.337912611972503
        ],
        "SD-SDRi": [
            0.21480442421423174,
            0.970361470914233
        ],
        "SNRi": [
            6.235956656941383,
            7.272777096464202
        ],
        "MIX-SI-SDR": [
            -2.226487663815396,
            -3.411989884213253
        ],
        "MIX-SD-SDR": [
            -2.2266598246879266,
            -3.412046878517942
        ],
        "MIX-SNR": [
            -2.297616092652796,
            -3.4587780378602293
        ]
    },
    "bass+other+vocals": {
        "SI-SDR": [
            5.069143296818547,
            6.379769287097843
        ],
        "SI-SIR": [
            6.417519430938913,
            7.786126884041958
        ],
        "SI-SAR": [
            10.805634681082665,
            11.960874497845683
        ],
        "SD-SDR": [
            4.2344616018164,
            5.763070894996052
        ],
        "SNR": [
            6.219855544463993,
            7.254967819760334
        ],
        "SRR": [
            11.807754574972815,
            14.544886855753772
        ],
        "SI-SDRi": [
            2.729479836047912,
            2.899830008887992
        ],
        "SD-SDRi": [
            1.8949703019182933,
            2.2831886110908908
        ],
        "SNRi": [
            3.9222394518111967,
            3.7961897819001047
        ],
        "MIX-SI-SDR": [
            2.3396634607706353,
            3.479939278209851
        ],
        "MIX-SD-SDR": [
            2.3394912998981066,
            3.4798822839051615
        ],
        "MIX-SNR": [
            2.297616092652796,
            3.4587780378602293
        ]
    }
}