{
    "combination": [
        0,
        1
    ],
    "permutation": [
        0,
        1
    ],
    "drums": {
        "SI-SDR": [
            -1.240429824752188,
            -2.157415529566495
        ],
        "SI-SIR": [
            3.9725990561603606,
            1.7131719211753262
        ],
        "SI-SAR": [
            0.3153609924748849,
            0.1351584741956725
        ],
        "SD-SDR": [
            -5.723916883749757,
            -7.805360108185534
        ],
        "SNR": [
            2.4099435736330825,
            2.0082674355597394
        ],
        "SRR": [
            -3.811662401790223,
            -6.424292856565521
        ],
        "SI-SDRi": [
            2.1288614688983607,
            1.4176869538859105
        ],
        "SD-SDRi": [
            -2.3541937009278087,
            -4.229102147837067
        ],
        "SNRi": [
            5.908282787646581,
            5.801040616935583
        ],
        "MIX-SI-SDR": [
            -3.369291293650549,
            -3.5751024834524054
        ],
        "MIX-SD-SDR": [
            -3.3697231828219483,
            -3.5762579603484665
        ],
        "MIX-SNR": [
            -3.4983392140134977,
            -3.7927731813758436
        ]
    },
    "bass+other+vocals": {
        "SI-SDR": [
            4.835420427272014,
            4.698963017977112
        ],
        "SI-SIR": [
            6.272068599260871,
            5.571996593519627
        ],
        "SI-SAR": [
            10.338299577946337,
            12.095703408617286
        ],
        "SD-SDR": [
            4.347648646874194,
            4.2125664101312745
        ],
        "SNR": [
            5.913774287698173,
            5.799188444321704
        ],
        "SRR": [
            14.084928538221087,
            13.961432900246267
        ],
        "SI-SDRi": [
            1.2789411877786008,
            0.8139682890010556
        ],
        "SD-SDRi": [
            0.7916012965521815,
            0.3287271580512794
        ],
        "SNRi": [
            2.415435073684676,
            2.006415262945862
        ],
        "MIX-SI-SDR": [
            3.5564792394934135,
            3.8849947289760567
        ],
        "MIX-SD-SDR": [
            3.5560473503220122,
            3.883839252079995
        ],
        "MIX-SNR": [
            3.498339214013497,
            3.792773181375842
        ]
    }
}