{
    "combination": [
        0,
        1
    ],
    "permutation": [
        0,
        1
    ],
    "drums": {
        "SI-SDR": [
            -1.5034778422191137,
            -2.2906346231804706
        ],
        "SI-SIR": [
            2.7908482561082,
            1.6823951607211733
        ],
        "SI-SAR": [
            0.5170705598017262,
            -0.0678950613944784
        ],
        "SD-SDR": [
            -5.8379152305390765,
            -7.0095862035501115
        ],
        "SNR": [
            2.313766693520854,
            2.0088759193966803
        ],
        "SRR": [
            -3.840955575255105,
            -5.222305390353047
        ],
        "SI-SDRi": [
            3.3701669670690664,
            3.2205357407565565
        ],
        "SD-SDRi": [
            -0.963185459955131,
            -1.4984129889995899
        ],
        "SNRi": [
            7.4325161417614325,
            7.5333316983697864
        ],
        "MIX-SI-SDR": [
            -4.87364480928818,
            -5.511170363937027
        ],
        "MIX-SD-SDR": [
            -4.874729770583945,
            -5.511173214550522
        ],
        "MIX-SNR": [
            -5.118749448240579,
            -5.524455778973106
        ]
    },
    "bass+other+vocals": {
        "SI-SDR": [
            6.53686693997574,
            6.655241971842612
        ],
        "SI-SIR": [
            7.934981383403514,
            7.848031021254864
        ],
        "SI-SAR": [
            12.139602395574393,
            12.850201775025937
        ],
        "SD-SDR": [
            5.929830572373998,
            6.014631375863679
        ],
        "SNR": [
            7.385735136173701,
            7.491132896991851
        ],
        "SRR": [
            14.775509978018446,
            14.642902075228164
        ],
        "SI-SDRi": [
            1.3412153081784117,
            1.1270587791062674
        ],
        "SD-SDRi": [
            0.7352639018724361,
            0.4864510337408303
        ],
        "SNRi": [
            2.266985687933121,
            1.9666771180187448
        ],
        "MIX-SI-SDR": [
            5.195651631797328,
            5.5281831927363445
        ],
        "MIX-SD-SDR": [
            5.194566670501562,
            5.528180342122849
        ],
        "MIX-SNR": [
            5.11874944824058,
            5.524455778973106
        ]
    }
}