{
    "combination": [
        0,
        1
    ],
    "permutation": [
        0,
        1
    ],
    "drums": {
        "SI-SDR": [
            5.739167763104551,
            3.9277597532348367
        ],
        "SI-SIR": [
            10.4249332692083,
            9.250147162221467
        ],
        "SI-SAR": [
            7.543442692877928,
            5.437274493064585
        ],
        "SD-SDR": [
            1.29906959658135,
            -1.5595581352518595
        ],
        "SNR": [
            5.851703995080497,
            4.519634793768098
        ],
        "SRR": [
            3.235514057762661,
            -0.11679342342430966
        ],
        "SI-SDRi": [
            7.880377298276741,
            6.580651325218172
        ],
        "SD-SDRi": [
            3.441573253689423,
            1.0939926145488807
        ],
        "SNRi": [
            8.188226546304202,
            7.319652966983332
        ],
        "MIX-SI-SDR": [
            -2.1412095351721896,
            -2.6528915719833353
        ],
        "MIX-SD-SDR": [
            -2.142503657108073,
            -2.6535507498007402
        ],
        "MIX-SNR": [
            -2.336522551223705,
            -2.8000181732152334
        ]
    },
    "bass+other+vocals": {
        "SI-SDR": [
            7.351760153768354,
            6.424181843966451
        ],
        "SI-SIR": [
            8.83123864213105,
            7.5772429696840256
        ],
        "SI-SAR": [
            12.747276114657279,
            12.747283857387242
        ],
        "SD-SDR": [
            6.8089029719576315,
            6.061077164963638
        ],
        "SNR": [
            8.071980995768063,
            7.206385834821065
        ],
        "SRR": [
            16.10849184196453,
            17.018889303250752
        ],
        "SI-SDRi": [
            4.900127625029585,
            3.546329738181244
        ],
        "SD-SDRi": [
            4.3585645651547456,
            3.183884236995835
        ],
        "SNRi": [
            5.735458444544358,
            4.406367661605831
        ],
        "MIX-SI-SDR": [
            2.451632528738769,
            2.877852105785207
        ],
        "MIX-SD-SDR": [
            2.4503384068028855,
            2.8771929279678035
        ],
        "MIX-SNR": [
            2.336522551223705,
            2.8000181732152334
        ]
    }
}