{
    "combination": [
        0,
        1
    ],
    "permutation": [
        0,
        1
    ],
    "drums": {
        "SI-SDR": [
            -1.2633303408743244,
            -2.052942424561094
        ],
        "SI-SIR": [
            4.925278577391868,
            3.5687800277370045
        ],
        "SI-SAR": [
            -0.06853203575960888,
            -0.6620172653969926
        ],
        "SD-SDR": [
            -8.214786453950799,
            -8.083308206440119
        ],
        "SNR": [
            2.1565488152579686,
            2.0119363116213735
        ],
        "SRR": [
            -7.236072487426176,
            -6.837171255921821
        ],
        "SI-SDRi": [
            4.5161475897094165,
            4.578021620403838
        ],
        "SD-SDRi": [
            -2.435191110058873,
            -1.452326688853704
        ],
        "SNRi": [
            8.024444684723683,
            8.680379403775678
        ],
        "MIX-SI-SDR": [
            -5.779477930583741,
            -6.630964044964932
        ],
        "MIX-SD-SDR": [
            -5.779595343891926,
            -6.630981517586415
        ],
        "MIX-SNR": [
            -5.8678958694657135,
            -6.668443092154304
        ]
    },
    "bass+other+vocals": {
        "SI-SDR": [
            7.409542782422922,
            8.05939324302096
        ],
        "SI-SIR": [
            8.22498174868743,
            9.067216836022084
        ],
        "SI-SAR": [
            15.074813134586588,
            14.897562500308354
        ],
        "SD-SDR": [
            7.194645494046308,
            7.749526400677567
        ],
        "SNR": [
            7.990628038798978,
            8.636614667799991
        ],
        "SRR": [
            20.357184841444624,
            19.369630706914098
        ],
        "SI-SDRi": [
            1.518578100095147,
            1.382851465348395
        ],
        "SD-SDRi": [
            1.303798225026715,
            1.0730020956264843
        ],
        "SNRi": [
            2.122732169333265,
            1.9681715756456883
        ],
        "MIX-SI-SDR": [
            5.890964682327775,
            6.676541777672565
        ],
        "MIX-SD-SDR": [
            5.890847269019593,
            6.676524305051083
        ],
        "MIX-SNR": [
            5.8678958694657135,
            6.668443092154303
        ]
    }
}