{
    "combination": [
        0,
        1
    ],
    "permutation": [
        0,
        1
    ],
    "drums": {
        "SI-SDR": [
            7.430425425216316,
            7.757702861918099
        ],
        "SI-SIR": [
            12.018963524127486,
            12.98771026144819
        ],
        "SI-SAR": [
            9.285639842510406,
            9.306199732349953
        ],
        "SD-SDR": [
            3.754512832907422,
            3.1039142967074334
        ],
        "SNR": [
            7.220965772298379,
            7.006592487366861
        ],
        "SRR": [
            6.187787012821633,
            4.924751331214958
        ],
        "SI-SDRi": [
            7.030861114543014,
            7.0663856581696205
        ],
        "SD-SDRi": [
            3.3549952187854295,
            2.412622086029175
        ],
        "SNRi": [
            6.794289496587226,
            6.296078828919914
        ],
        "MIX-SI-SDR": [
            0.3995643106733019,
            0.6913172037484787
        ],
        "MIX-SD-SDR": [
            0.39951761412199294,
            0.6912922106782581
        ],
        "MIX-SNR": [
            0.42667627571115296,
            0.7105136584469476
        ]
    },
    "bass+other+vocals": {
        "SI-SDR": [
            5.7680927548255445,
            5.274520220550198
        ],
        "SI-SIR": [
            7.530686058010717,
            6.64283947947254
        ],
        "SI-SAR": [
            10.535945826807005,
            10.956700383833473
        ],
        "SD-SDR": [
            5.042454122928638,
            4.783831634079607
        ],
        "SNR": [
            6.7661707692972275,
            6.283359150525981
        ],
        "SRR": [
            13.17086197876101,
            14.49664969962782
        ],
        "SI-SDRi": [
            6.224689533972793,
            6.007651311651737
        ],
        "SD-SDRi": [
            5.499097598627196,
            5.5169877182513645
        ],
        "SNRi": [
            7.192847045008381,
            6.993872808972928
        ],
        "MIX-SI-SDR": [
            -0.4565967791472487,
            -0.7331310911015386
        ],
        "MIX-SD-SDR": [
            -0.45664347569855723,
            -0.7331560841717581
        ],
        "MIX-SNR": [
            -0.426676275711153,
            -0.7105136584469475
        ]
    }
}