{
    "combination": [
        0,
        1
    ],
    "permutation": [
        0,
        1
    ],
    "drums": {
        "SI-SDR": [
            1.9186096323491966,
            1.4214009101436442
        ],
        "SI-SIR": [
            6.467788592887541,
            5.785999057066416
        ],
        "SI-SAR": [
            3.794946210104074,
            3.4008495441007973
        ],
        "SD-SDR": [
            -2.2889224927368232,
            -3.8032764931631577
        ],
        "SNR": [
            3.840412737790299,
            3.4163837057529003
        ],
        "SRR": [
            -0.21612623153385066,
            -2.252494252116304
        ],
        "SI-SDRi": [
            2.265539490331189,
            2.814319917940377
        ],
        "SD-SDRi": [
            -1.9418226400223757,
            -2.410311335853549
        ],
        "SNRi": [
            4.244255083972402,
            4.842651998873821
        ],
        "MIX-SI-SDR": [
            -0.3469298579819924,
            -1.3929190077967326
        ],
        "MIX-SD-SDR": [
            -0.34709985271444743,
            -1.3929651573096087
        ],
        "MIX-SNR": [
            -0.4038423461821033,
            -1.4262682931209207
        ]
    },
    "bass+other+vocals": {
        "SI-SDR": [
            2.6832732048454666,
            3.5172272341400386
        ],
        "SI-SIR": [
            4.150913814148293,
            4.578828658753939
        ],
        "SI-SAR": [
            8.10809364946795,
            10.155448979061518
        ],
        "SD-SDR": [
            2.0631723548322314,
            3.0055591120085547
        ],
        "SNR": [
            4.259119695043391,
            4.844958549605403
        ],
        "SRR": [
            10.822754079100477,
            12.546841194374377
        ],
        "SI-SDRi": [
            2.2275418899767327,
            2.0669194259236217
        ],
        "SD-SDRi": [
            1.6076110346959458,
            1.555297453305013
        ],
        "SNRi": [
            3.8552773488612875,
            3.4186902564844823
        ],
        "MIX-SI-SDR": [
            0.4557313148687337,
            1.450307808216417
        ],
        "MIX-SD-SDR": [
            0.45556132013628553,
            1.4502616587035417
        ],
        "MIX-SNR": [
            0.4038423461821037,
            1.4262682931209205
        ]
    }
}