{
    "combination": [
        0,
        1
    ],
    "permutation": [
        0,
        1
    ],
    "drums": {
        "SI-SDR": [
            -1.0489446692052318,
            1.2400234979352063
        ],
        "SI-SIR": [
            3.5421200914120208,
            6.044091402695734
        ],
        "SI-SAR": [
            0.8049238223292641,
            2.9846011513649224
        ],
        "SD-SDR": [
            -6.739107331189712,
            -3.5757749970665293
        ],
        "SNR": [
            2.3774742966106137,
            3.4117902808623524
        ],
        "SRR": [
            -5.3737406821119285,
            -1.8369848973196796
        ],
        "SI-SDRi": [
            5.0688130830863845,
            7.466239035328295
        ],
        "SD-SDRi": [
            -0.6196484295927025,
            2.6523407457984516
        ],
        "SNRi": [
            8.155997472165712,
            9.275538479652313
        ],
        "MIX-SI-SDR": [
            -6.117757752291616,
            -6.226215537393088
        ],
        "MIX-SD-SDR": [
            -6.119458901597009,
            -6.228115742864981
        ],
        "MIX-SNR": [
            -5.778523175555098,
            -5.863748198789962
        ]
    },
    "bass+other+vocals": {
        "SI-SDR": [
            7.437738722521071,
            8.710681518757715
        ],
        "SI-SIR": [
            8.414586124889906,
            10.00378648050903
        ],
        "SI-SAR": [
            14.396587143212772,
            14.602708668226665
        ],
        "SD-SDR": [
            6.943477305297094,
            8.13923567991213
        ],
        "SNR": [
            8.138225184492562,
            9.258750735677605
        ],
        "SRR": [
            16.626540493163596,
            17.229918459891497
        ],
        "SI-SDRi": [
            1.7463410829325552,
            2.9380175066001755
        ],
        "SD-SDRi": [
            1.2537808150139673,
            2.3684718732264836
        ],
        "SNRi": [
            2.3597020089374627,
            3.3950025368876435
        ],
        "MIX-SI-SDR": [
            5.691397639588516,
            5.77266401215754
        ],
        "MIX-SD-SDR": [
            5.689696490283127,
            5.770763806685646
        ],
        "MIX-SNR": [
            5.778523175555099,
            5.863748198789962
        ]
    }
}