{
    "combination": [
        0,
        1
    ],
    "permutation": [
        0,
        1
    ],
    "drums": {
        "SI-SDR": [
            2.1368471317857445,
            1.7599087331609407
        ],
        "SI-SIR": [
            6.248277497719911,
            5.738690671257048
        ],
        "SI-SAR": [
            4.2694929223585545,
            3.978808377292287
        ],
        "SD-SDR": [
            -1.5571598140927776,
            -2.448593025018405
        ],
        "SNR": [
            4.042857205467019,
            3.762240395839161
        ],
        "SRR": [
            0.8625719068467484,
            -0.376389765206162
        ],
        "SI-SDRi": [
            5.849587809370278,
            5.767467294432464
        ],
        "SD-SDRi": [
            2.1555813856075,
            1.5591059214285758
        ],
        "SNRi": [
            7.760217512615045,
            7.691953975214574
        ],
        "MIX-SI-SDR": [
            -3.7127406775845335,
            -4.007558561271523
        ],
        "MIX-SD-SDR": [
            -3.7127411997002775,
            -4.007698946446981
        ],
        "MIX-SNR": [
            -3.7173603071480263,
            -3.929713579375413
        ]
    },
    "bass+other+vocals": {
        "SI-SDR": [
            6.881335496591474,
            6.789482956314263
        ],
        "SI-SIR": [
            8.593102337216187,
            8.2392098425565
        ],
        "SI-SAR": [
            11.752540118169549,
            12.25918226379732
        ],
        "SD-SDR": [
            6.0734936144241995,
            6.032013808819412
        ],
        "SNR": [
            7.691396142423626,
            7.6139664332241015
        ],
        "SRR": [
            13.775734626594943,
            13.989438698934514
        ],
        "SI-SDRi": [
            3.1620118113066544,
            2.8910977835962615
        ],
        "SD-SDRi": [
            2.3541704512551234,
            2.1337690212768687
        ],
        "SNRi": [
            3.9740358352755996,
            3.684252853848688
        ],
        "MIX-SI-SDR": [
            3.7193236852848193,
            3.8983851727180014
        ],
        "MIX-SD-SDR": [
            3.719323163169076,
            3.8982447875425437
        ],
        "MIX-SNR": [
            3.7173603071480263,
            3.9297135793754134
        ]
    }
}