{
    "combination": [
        0,
        1
    ],
    "permutation": [
        0,
        1
    ],
    "drums": {
        "SI-SDR": [
            2.020624175582921,
            0.35531032152364966
        ],
        "SI-SIR": [
            6.913380355064028,
            4.929017079764452
        ],
        "SI-SAR": [
            3.7220171900794004,
            2.2184494966207176
        ],
        "SD-SDR": [
            -0.8116091103734515,
            -2.8232181796986904
        ],
        "SNR": [
            4.098366313006806,
            3.184827090612525
        ],
        "SRR": [
            2.3843718020246825,
            0.02512745877202805
        ],
        "SI-SDRi": [
            5.7242827029182015,
            6.0782634770754695
        ],
        "SD-SDRi": [
            2.8923822877063263,
            2.911547035788983
        ],
        "SNRi": [
            7.6866518508393735,
            8.084960130495165
        ],
        "MIX-SI-SDR": [
            -3.7036585273352807,
            -5.72295315555182
        ],
        "MIX-SD-SDR": [
            -3.703991398079778,
            -5.734765215487673
        ],
        "MIX-SNR": [
            -3.5882855378325678,
            -4.900133039882641
        ]
    },
    "bass+other+vocals": {
        "SI-SDR": [
            6.917337675974618,
            7.412507516100427
        ],
        "SI-SIR": [
            9.38116462867635,
            9.6205542614064
        ],
        "SI-SAR": [
            10.55290719183481,
            11.407615943587766
        ],
        "SD-SDR": [
            6.048827690665034,
            6.411959547697883
        ],
        "SNR": [
            7.720164369655828,
            8.116471379428328
        ],
        "SRR": [
            13.465943122342178,
            13.278097122828058
        ],
        "SI-SDRi": [
            3.3791735590239385,
            2.761960041465401
        ],
        "SD-SDRi": [
            2.510996444458851,
            1.7732241329987115
        ],
        "SNRi": [
            4.131878831823261,
            3.216338339545686
        ],
        "MIX-SI-SDR": [
            3.53816411695068,
            4.650547474635026
        ],
        "MIX-SD-SDR": [
            3.5378312462061827,
            4.6387354146991715
        ],
        "MIX-SNR": [
            3.5882855378325673,
            4.9001330398826415
        ]
    }
}