{
    "combination": [
        0,
        1
    ],
    "permutation": [
        0,
        1
    ],
    "drums": {
        "SI-SDR": [
            0.5759585482654443,
            1.315937518302609
        ],
        "SI-SIR": [
            5.507859263325602,
            6.171942026377452
        ],
        "SI-SAR": [
            2.25870295957866,
            3.0350669615009807
        ],
        "SD-SDR": [
            -7.608993811942719,
            -7.44752656137426
        ],
        "SNR": [
            2.5250411132302664,
            2.641430930375436
        ],
        "SRR": [
            -6.893559381210688,
            -6.828021268344121
        ],
        "SI-SDRi": [
            4.094077449672448,
            4.49203406592882
        ],
        "SD-SDRi": [
            -4.0902258405087135,
            -4.271405665136228
        ],
        "SNRi": [
            5.886033520829324,
            5.787956400679364
        ],
        "MIX-SI-SDR": [
            -3.518118901407004,
            -3.1760965476262113
        ],
        "MIX-SD-SDR": [
            -3.518767971434005,
            -3.1761208962380314
        ],
        "MIX-SNR": [
            -3.3609924075990576,
            -3.146525470303928
        ]
    },
    "bass+other+vocals": {
        "SI-SDR": [
            4.942128456478047,
            4.913859312049997
        ],
        "SI-SIR": [
            5.517418197694612,
            5.414697009956838
        ],
        "SI-SAR": [
            14.005575359941327,
            14.542744864326927
        ],
        "SD-SDR": [
            4.691629022573228,
            4.706947082519351
        ],
        "SNR": [
            5.814033656679037,
            5.7335394927478545
        ],
        "SRR": [
            17.206052351912852,
            18.02997396517323
        ],
        "SI-SDRi": [
            1.6528990761746911,
            1.7816376565774479
        ],
        "SD-SDRi": [
            1.4030487122968767,
            1.5747497756586228
        ],
        "SNRi": [
            2.45304124907998,
            2.5870140224439258
        ],
        "MIX-SI-SDR": [
            3.2892293803033557,
            3.132221655472549
        ],
        "MIX-SD-SDR": [
            3.288580310276351,
            3.132197306860728
        ],
        "MIX-SNR": [
            3.3609924075990567,
            3.1465254703039287
        ]
    }
}