{
    "combination": [
        0,
        1
    ],
    "permutation": [
        0,
        1
    ],
    "drums": {
        "SI-SDR": [
            -2.510709749383937,
            -3.395966292787704
        ],
        "SI-SIR": [
            0.7771231466474793,
            -0.17805945122335148
        ],
        "SI-SAR": [
            0.2387325332058156,
            -0.5838000631585566
        ],
        "SD-SDR": [
            -7.866037333783027,
            -7.670236150086037
        ],
        "SNR": [
            1.9109707133781901,
            1.6188478882972945
        ],
        "SRR": [
            -6.370140539637907,
            -5.637762399014511
        ],
        "SI-SDRi": [
            1.4922840041347887,
            2.66022214792192
        ],
        "SD-SDRi": [
            -3.8598349283294597,
            -1.611567510866755
        ],
        "SNRi": [
            6.299861654380086,
            8.104758660781318
        ],
        "MIX-SI-SDR": [
            -4.002993753518726,
            -6.056188440709624
        ],
        "MIX-SD-SDR": [
            -4.006202405453568,
            -6.058668639219282
        ],
        "MIX-SNR": [
            -4.388890941001896,
            -6.485910772484024
        ]
    },
    "bass+other+vocals": {
        "SI-SDR": [
            5.212455337689812,
            7.319114969577383
        ],
        "SI-SIR": [
            6.080064071693283,
            8.512243256995479
        ],
        "SI-SAR": [
            12.633644151632762,
            13.513001646167112
        ],
        "SD-SDR": [
            4.6386129746511005,
            6.5288707739073
        ],
        "SNR": [
            6.267330174725524,
            8.056933485912042
        ],
        "SRR": [
            13.712292375260839,
            14.31823310769361
        ],
        "SI-SDRi": [
            0.6790947093514239,
            0.7329191430305642
        ],
        "SD-SDRi": [
            0.10846099824755662,
            -0.054844854129856735
        ],
        "SNRi": [
            1.8784392337236282,
            1.57102271342802
        ],
        "MIX-SI-SDR": [
            4.5333606283383885,
            6.586195826546819
        ],
        "MIX-SD-SDR": [
            4.530151976403544,
            6.583715628037157
        ],
        "MIX-SNR": [
            4.388890941001896,
            6.485910772484022
        ]
    }
}