{
    "combination": [
        0,
        1
    ],
    "permutation": [
        0,
        1
    ],
    "drums": {
        "SI-SDR": [
            -6.069052468081578,
            -7.075393383900634
        ],
        "SI-SIR": [
            -3.4117770566251164,
            -4.552931779157838
        ],
        "SI-SAR": [
            -2.674472288795229,
            -3.515439900626008
        ],
        "SD-SDR": [
            -10.024345036091084,
            -11.659572008887187
        ],
        "SNR": [
            0.7365748248148476,
            0.5770571881715998
        ],
        "SRR": [
            -7.789711193949658,
            -9.802032522000825
        ],
        "SI-SDRi": [
            4.525809274498149,
            3.2128192095953416
        ],
        "SD-SDRi": [
            0.5733609871899308,
            -1.3701955893605824
        ],
        "SNRi": [
            10.612264329246042,
            10.413602807563509
        ],
        "MIX-SI-SDR": [
            -10.594861742579727,
            -10.288212593495976
        ],
        "MIX-SD-SDR": [
            -10.597706023281015,
            -10.289376419526604
        ],
        "MIX-SNR": [
            -9.875689504431195,
            -9.83654561939191
        ]
    },
    "bass+other+vocals": {
        "SI-SDR": [
            10.33907607230994,
            10.045696735183496
        ],
        "SI-SIR": [
            11.683888679572139,
            11.115088452859762
        ],
        "SI-SAR": [
            16.08537047476846,
            16.655901278315277
        ],
        "SD-SDR": [
            9.147532674567145,
            9.033618648535573
        ],
        "SNR": [
            10.51774239801105,
            10.331365198407775
        ],
        "SRR": [
            15.346435898615765,
            15.855537770628725
        ],
        "SI-SDRi": [
            0.5321304595844385,
            0.25392376989838894
        ],
        "SD-SDRi": [
            -0.6565686574570648,
            -0.7569904907189056
        ],
        "SNRi": [
            0.6420528935798551,
            0.49481957901586604
        ],
        "MIX-SI-SDR": [
            9.806945612725501,
            9.791772965285107
        ],
        "MIX-SD-SDR": [
            9.80410133202421,
            9.790609139254478
        ],
        "MIX-SNR": [
            9.875689504431195,
            9.83654561939191
        ]
    }
}