{
    "combination": [
        0,
        1
    ],
    "permutation": [
        0,
        1
    ],
    "drums": {
        "SI-SDR": [
            3.5520715402441025,
            5.529942687226681
        ],
        "SI-SIR": [
            8.142916905361018,
            9.807923771263386
        ],
        "SI-SAR": [
            5.4060568538495914,
            7.560203131287312
        ],
        "SD-SDR": [
            -1.3620163627693591,
            -0.25315680424920295
        ],
        "SNR": [
            4.495551218705686,
            5.244980703285506
        ],
        "SRR": [
            0.3291833772929552,
            1.0783740169796296
        ],
        "SI-SDRi": [
            4.239660829218195,
            5.549742250312799
        ],
        "SD-SDRi": [
            -0.6744270590396423,
            -0.2333556431037653
        ],
        "SNRi": [
            5.182592539925094,
            5.259502560949781
        ],
        "MIX-SI-SDR": [
            -0.6875892889740929,
            -0.019799563086117907
        ],
        "MIX-SD-SDR": [
            -0.6875893037297168,
            -0.019801161145437656
        ],
        "MIX-SNR": [
            -0.6870413212194075,
            -0.014521857664274902
        ]
    },
    "bass+other+vocals": {
        "SI-SDR": [
            3.9018192560494063,
            4.046259905131726
        ],
        "SI-SIR": [
            5.090741231857868,
            4.9418818213368825
        ],
        "SI-SAR": [
            10.109036664110874,
            11.342973776208645
        ],
        "SD-SDR": [
            3.375011959199319,
            3.5798790956599564
        ],
        "SNR": [
            5.1672073888107555,
            5.245016500378003
        ],
        "SRR": [
            12.797078616476671,
            13.501419271355381
        ],
        "SI-SDRi": [
            3.2152457204442793,
            4.0369981241948345
        ],
        "SD-SDRi": [
            2.688438438349814,
            3.5706189127823826
        ],
        "SNRi": [
            4.480166067591348,
            5.230494642713728
        ],
        "MIX-SI-SDR": [
            0.6865735356051271,
            0.009261780936891978
        ],
        "MIX-SD-SDR": [
            0.6865735208495052,
            0.009260182877573853
        ],
        "MIX-SNR": [
            0.6870413212194078,
            0.014521857664274742
        ]
    }
}