{
    "combination": [
        0,
        1
    ],
    "permutation": [
        0,
        1
    ],
    "drums": {
        "SI-SDR": [
            -1.4975681445740356,
            1.2613680159657799
        ],
        "SI-SIR": [
            3.8514648143295824,
            7.048809922629368
        ],
        "SI-SAR": [
            0.0009196717552022622,
            2.5913418697759925
        ],
        "SD-SDR": [
            -13.164108166570033,
            -12.955694346666329
        ],
        "SNR": [
            1.4744812086069774,
            1.6262208597720278
        ],
        "SRR": [
            -12.857655909321792,
            -12.788032518525338
        ],
        "SI-SDRi": [
            0.1324136122391586,
            -0.2627851351343984
        ],
        "SD-SDRi": [
            -11.533796284449393,
            -14.478454451649988
        ],
        "SNRi": [
            3.1966396820555123,
            0.2349881145995094
        ],
        "MIX-SI-SDR": [
            -1.6299817568131942,
            1.5241531511001782
        ],
        "MIX-SD-SDR": [
            -1.6303118821206397,
            1.5227601049836594
        ],
        "MIX-SNR": [
            -1.722158473448535,
            1.3912327451725184
        ]
    },
    "bass+other+vocals": {
        "SI-SDR": [
            2.426116761467927,
            -0.474825620323892
        ],
        "SI-SIR": [
            2.6708914836152253,
            -0.33525502887479325
        ],
        "SI-SAR": [
            15.038106760580735,
            14.524676708741154
        ],
        "SD-SDR": [
            2.3446877991751127,
            -0.506514115489874
        ],
        "SNR": [
            3.2044405440868196,
            0.24507706135712032
        ],
        "SRR": [
            19.655392775069206,
            20.87814745351836
        ],
        "SI-SDRi": [
            0.6417414666231671,
            0.7343353969403389
        ],
        "SD-SDRi": [
            0.5606426296377984,
            0.7040399478908743
        ],
        "SNRi": [
            1.482282070638285,
            1.6363098065296393
        ],
        "MIX-SI-SDR": [
            1.7843752948447598,
            -1.2091610172642309
        ],
        "MIX-SD-SDR": [
            1.7840451695373143,
            -1.2105540633807483
        ],
        "MIX-SNR": [
            1.7221584734485345,
            -1.391232745172519
        ]
    }
}