{
    "combination": [
        0,
        1
    ],
    "permutation": [
        0,
        1
    ],
    "drums": {
        "SI-SDR": [
            -0.40566958592115454,
            0.7880595621453658
        ],
        "SI-SIR": [
            4.325176969683865,
            6.462411189580154
        ],
        "SI-SAR": [
            1.3755675726949406,
            2.1592817143902607
        ],
        "SD-SDR": [
            -5.7157417230291525,
            -4.1320220058320345
        ],
        "SNR": [
            2.656962149366296,
            3.1960698292082816
        ],
        "SRR": [
            -4.201098026072333,
            -2.4436730309906323
        ],
        "SI-SDRi": [
            4.138196420099687,
            4.8862227431613965
        ],
        "SD-SDRi": [
            -1.1711026541152965,
            -0.03343166243603246
        ],
        "SNRi": [
            7.008226869277607,
            7.433851644748554
        ],
        "MIX-SI-SDR": [
            -4.543866006020842,
            -4.098163181016031
        ],
        "MIX-SD-SDR": [
            -4.544639068913856,
            -4.098590343396002
        ],
        "MIX-SNR": [
            -4.3512647199113115,
            -4.237781815540272
        ]
    },
    "bass+other+vocals": {
        "SI-SDR": [
            6.074229584808636,
            6.603655400155755
        ],
        "SI-SIR": [
            7.196967312732473,
            7.956900881425892
        ],
        "SI-SAR": [
            12.498571370417578,
            12.326800163786801
        ],
        "SD-SDR": [
            5.566325154351233,
            6.213252860097312
        ],
        "SNR": [
            6.967292982917104,
            7.377129865231994
        ],
        "SRR": [
            15.137825791080923,
            16.869708718018824
        ],
        "SI-SDRi": [
            1.7926949305163093,
            2.3127234192739996
        ],
        "SD-SDRi": [
            1.2855635629519213,
            1.922748041595523
        ],
        "SNRi": [
            2.6160282630057923,
            3.139348049691722
        ],
        "MIX-SI-SDR": [
            4.281534654292327,
            4.290931980881755
        ],
        "MIX-SD-SDR": [
            4.280761591399312,
            4.290504818501789
        ],
        "MIX-SNR": [
            4.3512647199113115,
            4.237781815540272
        ]
    }
}