{
    "combination": [
        0,
        1
    ],
    "permutation": [
        0,
        1
    ],
    "drums": {
        "SI-SDR": [
            0.6949347826889349,
            -0.02912406912254604
        ],
        "SI-SIR": [
            4.579611566197851,
            3.932428119748539
        ],
        "SI-SAR": [
            2.9777387493652014,
            2.2013029053327644
        ],
        "SD-SDR": [
            -4.643711769347995,
            -3.478733426476687
        ],
        "SNR": [
            3.088565532984476,
            2.986367845822498
        ],
        "SRR": [
            -3.1409370410169597,
            -0.8673584659217292
        ],
        "SI-SDRi": [
            4.916834222134578,
            4.894491038513631
        ],
        "SD-SDRi": [
            -0.4215924940570135,
            1.4452532856438483
        ],
        "SNRi": [
            7.210783323674746,
            8.053151100664007
        ],
        "MIX-SI-SDR": [
            -4.221899439445643,
            -4.923615107636177
        ],
        "MIX-SD-SDR": [
            -4.222119275290981,
            -4.923986712120535
        ],
        "MIX-SNR": [
            -4.12221779069027,
            -5.066783254841508
        ]
    },
    "bass+other+vocals": {
        "SI-SDR": [
            6.353657616610256,
            7.294512946868266
        ],
        "SI-SIR": [
            7.324616049564145,
            9.067676414819294
        ],
        "SI-SAR": [
            13.33593238977802,
            12.041326928739162
        ],
        "SD-SDR": [
            5.76672439151254,
            6.438202629826307
        ],
        "SNR": [
            7.226749679306744,
            8.033289132317012
        ],
        "SRR": [
            14.748842593652258,
            13.91085636999762
        ],
        "SI-SDRi": [
            2.2697516710352854,
            2.182638714350049
        ],
        "SD-SDRi": [
            1.683038281782908,
            1.3267000017924486
        ],
        "SNRi": [
            3.1045318886164743,
            2.9665058774755053
        ],
        "MIX-SI-SDR": [
            4.083905945574971,
            5.1118742325182165
        ],
        "MIX-SD-SDR": [
            4.083686109729632,
            5.1115026280338585
        ],
        "MIX-SNR": [
            4.12221779069027,
            5.066783254841507
        ]
    }
}