{
    "combination": [
        0,
        1
    ],
    "permutation": [
        0,
        1
    ],
    "drums": {
        "SI-SDR": [
            -1.9248736687122405,
            -1.6010266011429686
        ],
        "SI-SIR": [
            4.779591087876899,
            4.867695110782437
        ],
        "SI-SAR": [
            -0.881438334673163,
            -0.4912953173531804
        ],
        "SD-SDR": [
            -9.096639972631792,
            -8.756643072516276
        ],
        "SNR": [
            1.9374582848376978,
            2.0315262577095554
        ],
        "SRR": [
            -8.1718883144071,
            -7.828050219365932
        ],
        "SI-SDRi": [
            1.7226819963196558,
            2.8242319266921987
        ],
        "SD-SDRi": [
            -5.449062222020988,
            -4.331283294597349
        ],
        "SNRi": [
            5.614896818081836,
            6.387360234775669
        ],
        "MIX-SI-SDR": [
            -3.6475556650318963,
            -4.425258527835167
        ],
        "MIX-SD-SDR": [
            -3.6475777506108034,
            -4.425359777918927
        ],
        "MIX-SNR": [
            -3.677438533244138,
            -4.355833977066114
        ]
    },
    "bass+other+vocals": {
        "SI-SDR": [
            4.82289505056981,
            5.619472277524585
        ],
        "SI-SIR": [
            5.610492175715511,
            6.405746775893838
        ],
        "SI-SAR": [
            12.625545822485124,
            13.428781016839471
        ],
        "SD-SDR": [
            4.637455188789298,
            5.406381440625819
        ],
        "SNR": [
            5.6208215856757064,
            6.370759834378465
        ],
        "SRR": [
            18.42565736704493,
            18.60468658400259
        ],
        "SI-SDRi": [
            1.1326175138028338,
            1.288973786222134
        ],
        "SD-SDRi": [
            0.9471997376012298,
            1.0759841994071264
        ],
        "SNRi": [
            1.9433830524315683,
            2.0149258573123525
        ],
        "MIX-SI-SDR": [
            3.690277536766976,
            4.330498491302451
        ],
        "MIX-SD-SDR": [
            3.6902554511880683,
            4.330397241218693
        ],
        "MIX-SNR": [
            3.677438533244138,
            4.355833977066112
        ]
    }
}