{
    "combination": [
        0,
        1
    ],
    "permutation": [
        0,
        1
    ],
    "drums": {
        "SI-SDR": [
            1.6757582604772896,
            1.7802920199986996
        ],
        "SI-SIR": [
            6.515064449398686,
            7.138683544370268
        ],
        "SI-SAR": [
            3.4030202584812566,
            3.2749295378719543
        ],
        "SD-SDR": [
            -3.232632246939189,
            -3.082193084968666
        ],
        "SNR": [
            3.5913550727204155,
            3.6483442932375043
        ],
        "SRR": [
            -1.5387172669252533,
            -1.366207379561578
        ],
        "SI-SDRi": [
            4.834031343649441,
            4.471070936048558
        ],
        "SD-SDRi": [
            -0.07313170857141671,
            -0.3913020067352182
        ],
        "SNRi": [
            6.963510237742923,
            6.399615740607144
        ],
        "MIX-SI-SDR": [
            -3.1582730831721517,
            -2.6907789160498585
        ],
        "MIX-SD-SDR": [
            -3.159500538367772,
            -2.690891078233448
        ],
        "MIX-SNR": [
            -3.3721551650225083,
            -2.7512714473696405
        ]
    },
    "bass+other+vocals": {
        "SI-SDR": [
            6.0667288428115125,
            5.426247106226963
        ],
        "SI-SIR": [
            7.2890962715579555,
            6.730789165994434
        ],
        "SI-SAR": [
            12.169412090867851,
            11.285465116001989
        ],
        "SD-SDR": [
            5.610579144148872,
            4.993001889845781
        ],
        "SNR": [
            6.940911740950964,
            6.382025383313717
        ],
        "SRR": [
            15.623427097193902,
            15.218329171255384
        ],
        "SI-SDRi": [
            2.5948720475121463,
            2.6427656196608393
        ],
        "SD-SDRi": [
            2.139949804045128,
            2.209632565463246
        ],
        "SNRi": [
            3.568756575928456,
            3.6307539359440764
        ],
        "MIX-SI-SDR": [
            3.471856795299366,
            2.783481486566124
        ],
        "MIX-SD-SDR": [
            3.470629340103744,
            2.7833693243825346
        ],
        "MIX-SNR": [
            3.3721551650225083,
            2.751271447369641
        ]
    }
}