{
    "combination": [
        0,
        1
    ],
    "permutation": [
        0,
        1
    ],
    "drums": {
        "SI-SDR": [
            -0.7930152431788324,
            -1.6711268304799192
        ],
        "SI-SIR": [
            1.9814085742948062,
            0.8633760527607491
        ],
        "SI-SAR": [
            2.46671135600251,
            1.8735841068084735
        ],
        "SD-SDR": [
            -6.999566069974232,
            -7.330339815087001
        ],
        "SNR": [
            2.4033150612925276,
            2.167398819833576
        ],
        "SRR": [
            -5.810434167607459,
            -5.953483715103971
        ],
        "SI-SDRi": [
            7.3305864574933075,
            5.801349770635989
        ],
        "SD-SDRi": [
            1.1257703677770436,
            0.14295667247529575
        ],
        "SNRi": [
            10.982659169884588,
            9.927505013863277
        ],
        "MIX-SI-SDR": [
            -8.12360170067214,
            -7.472476601115908
        ],
        "MIX-SD-SDR": [
            -8.125336437751276,
            -7.473296487562297
        ],
        "MIX-SNR": [
            -8.57934410859206,
            -7.760106194029701
        ]
    },
    "bass+other+vocals": {
        "SI-SDR": [
            10.616197996751264,
            9.451800503865545
        ],
        "SI-SIR": [
            11.259601791276829,
            10.16437198245486
        ],
        "SI-SAR": [
            19.226935898065406,
            17.652774611385006
        ],
        "SD-SDR": [
            10.075545702270798,
            8.766548370956743
        ],
        "SNR": [
            10.960490823094881,
            9.89893968976034
        ],
        "SRR": [
            19.391730416427038,
            17.124009416435683
        ],
        "SI-SDRi": [
            1.9707144901449691,
            1.6421714971114003
        ],
        "SD-SDRi": [
            1.431796932743632,
            0.9577392506489906
        ],
        "SNRi": [
            2.3811467145028207,
            2.1388334957306387
        ],
        "MIX-SI-SDR": [
            8.645483506606295,
            7.809629006754145
        ],
        "MIX-SD-SDR": [
            8.643748769527166,
            7.808809120307752
        ],
        "MIX-SNR": [
            8.57934410859206,
            7.760106194029701
        ]
    }
}