{
    "combination": [
        0,
        1
    ],
    "permutation": [
        0,
        1
    ],
    "drums": {
        "SI-SDR": [
            5.108893097996999,
            7.080905996286273
        ],
        "SI-SIR": [
            9.659282613292827,
            11.732895010475968
        ],
        "SI-SAR": [
            6.984575631743319,
            8.902680605472534
        ],
        "SD-SDR": [
            -0.7592824103909042,
            1.5194507667228914
        ],
        "SNR": [
            4.994483610714207,
            6.1966225594162
        ],
        "SRR": [
            0.5421255364436968,
            2.933346206614999
        ],
        "SI-SDRi": [
            6.2026590198187765,
            6.7459268967641375
        ],
        "SD-SDRi": [
            0.33460267032347923,
            1.1849085827339114
        ],
        "SNRi": [
            6.140125792169414,
            5.946314294648166
        ],
        "MIX-SI-SDR": [
            -1.093765921821778,
            0.3349790995221347
        ],
        "MIX-SD-SDR": [
            -1.0938850807143834,
            0.3345421839889799
        ],
        "MIX-SNR": [
            -1.1456421814552074,
            0.2503082647680336
        ]
    },
    "bass+other+vocals": {
        "SI-SDR": [
            5.15401375802915,
            4.926002574412979
        ],
        "SI-SIR": [
            6.061364780795147,
            5.9158631773631125
        ],
        "SI-SAR": [
            12.399883231766717,
            11.833639126967766
        ],
        "SD-SDR": [
            4.73999493321909,
            4.504812905968571
        ],
        "SNR": [
            6.1387038186307565,
            5.949758231737338
        ],
        "SRR": [
            15.153002159634926,
            14.846771889017287
        ],
        "SI-SDRi": [
            3.9684687040571776,
            5.0866680749650035
        ],
        "SD-SDRi": [
            3.5545690381397206,
            4.665915322053749
        ],
        "SNRi": [
            4.993061637175549,
            6.200066496505372
        ],
        "MIX-SI-SDR": [
            1.185545053971972,
            -0.16066550055202483
        ],
        "MIX-SD-SDR": [
            1.185425895079369,
            -0.16110241608517822
        ],
        "MIX-SNR": [
            1.1456421814552074,
            -0.2503082647680335
        ]
    }
}