{
    "combination": [
        0,
        1
    ],
    "permutation": [
        0,
        1
    ],
    "drums": {
        "SI-SDR": [
            4.145273583752951,
            6.3188180710893
        ],
        "SI-SIR": [
            10.276656211630256,
            12.72556472552778
        ],
        "SI-SAR": [
            5.358352583898833,
            7.446760219186993
        ],
        "SD-SDR": [
            0.8977842161726253,
            4.335965444712582
        ],
        "SNR": [
            5.270576233584504,
            7.054560115958931
        ],
        "SRR": [
            3.683180731637689,
            8.694674628093964
        ],
        "SI-SDRi": [
            12.18403655623441,
            12.335979820608731
        ],
        "SD-SDRi": [
            8.93655667692678,
            10.353627288664097
        ],
        "SNRi": [
            13.341802468368712,
            13.260595359179202
        ],
        "MIX-SI-SDR": [
            -8.038762972481459,
            -6.017161749519432
        ],
        "MIX-SD-SDR": [
            -8.038772460754156,
            -6.017661843951515
        ],
        "MIX-SNR": [
            -8.07122623478421,
            -6.2060352432202714
        ]
    },
    "bass+other+vocals": {
        "SI-SDR": [
            13.097262606683632,
            13.058741779560943
        ],
        "SI-SIR": [
            15.49785817908594,
            16.84753789359497
        ],
        "SI-SAR": [
            16.81706412329255,
            15.409110545336018
        ],
        "SD-SDR": [
            12.56378829738609,
            12.396136099762948
        ],
        "SNR": [
            13.232537304238994,
            13.14686802222698
        ],
        "SRR": [
            21.934503377667234,
            20.88851907052236
        ],
        "SI-SDRi": [
            5.0209589901482214,
            6.806708061184213
        ],
        "SD-SDRi": [
            4.487494169123378,
            6.144602475818299
        ],
        "SNRi": [
            5.161311069454785,
            6.940832779006708
        ],
        "MIX-SI-SDR": [
            8.07630361653541,
            6.2520337183767305
        ],
        "MIX-SD-SDR": [
            8.076294128262711,
            6.251533623944649
        ],
        "MIX-SNR": [
            8.07122623478421,
            6.206035243220272
        ]
    }
}