{
    "combination": [
        0,
        1
    ],
    "permutation": [
        0,
        1
    ],
    "drums": {
        "SI-SDR": [
            4.591933066835466,
            4.831602459390668
        ],
        "SI-SIR": [
            11.583218205674457,
            11.458386110797278
        ],
        "SI-SAR": [
            5.560637013425339,
            5.89637653473257
        ],
        "SD-SDR": [
            -0.7112857360448199,
            -0.4066643663644882
        ],
        "SNR": [
            4.915554406878649,
            5.063419708262691
        ],
        "SRR": [
            0.8062211163753563,
            1.1382989704221964
        ],
        "SI-SDRi": [
            -2.2271465259128336,
            -1.6121504130695499
        ],
        "SD-SDRi": [
            -7.529345293825388,
            -6.849232827026292
        ],
        "SNRi": [
            -1.8415762230772161,
            -1.3105637785743358
        ],
        "MIX-SI-SDR": [
            6.8190795927483,
            6.443752872460218
        ],
        "MIX-SD-SDR": [
            6.818059557780568,
            6.442568460661803
        ],
        "MIX-SNR": [
            6.757130629955865,
            6.373983486837027
        ]
    },
    "bass+other+vocals": {
        "SI-SDR": [
            -4.524557636235372,
            -3.9275654354572502
        ],
        "SI-SIR": [
            -3.276673736816267,
            -2.6846757813981084
        ],
        "SI-SAR": [
            1.500555802436209,
            2.1125861477675296
        ],
        "SD-SDR": [
            -4.763047511832697,
            -4.192260116555412
        ],
        "SNR": [
            -1.8404854328091638,
            -1.3069284563745707
        ],
        "SRR": [
            7.958795394335985,
            8.089806018753242
        ],
        "SI-SDRi": [
            1.9465068791370674,
            2.151483136280749
        ],
        "SD-SDRi": [
            1.7090370385074758,
            1.8879728669810065
        ],
        "SNRi": [
            4.916645197146702,
            5.0670550304624555
        ],
        "MIX-SI-SDR": [
            -6.471064515372439,
            -6.079048571737999
        ],
        "MIX-SD-SDR": [
            -6.472084550340173,
            -6.080232983536418
        ],
        "MIX-SNR": [
            -6.757130629955865,
            -6.373983486837026
        ]
    }
}