{
    "combination": [
        0,
        1
    ],
    "permutation": [
        0,
        1
    ],
    "drums": {
        "SI-SDR": [
            1.8902931527869093,
            2.64719061032546
        ],
        "SI-SIR": [
            8.581561966424637,
            8.889009836356738
        ],
        "SI-SAR": [
            2.9373191690611096,
            3.8252733579862896
        ],
        "SD-SDR": [
            -14.739695187372,
            -2.4793357160723986
        ],
        "SNR": [
            1.380884062182748,
            3.995420680164572
        ],
        "SRR": [
            -14.644295549196812,
            -0.8857419035833912
        ],
        "SI-SDRi": [
            -2.9609167046536724,
            -2.0658781320909685
        ],
        "SD-SDRi": [
            -19.58597056926531,
            -7.18788349336274
        ],
        "SNRi": [
            -3.2962195224649244,
            -0.5486510197019436
        ],
        "MIX-SI-SDR": [
            4.8512098574405815,
            4.713068742416429
        ],
        "MIX-SD-SDR": [
            4.846275381893309,
            4.708547777290342
        ],
        "MIX-SNR": [
            4.677103584647672,
            4.544071699866516
        ]
    },
    "bass+other+vocals": {
        "SI-SDR": [
            -2.2304870612242675,
            -1.5871016439238625
        ],
        "SI-SIR": [
            -1.7532848585489578,
            -0.33792979642971366
        ],
        "SI-SAR": [
            7.596748188529201,
            4.434144889300332
        ],
        "SD-SDR": [
            -4.5984140172941,
            -1.6617970974133431
        ],
        "SNR": [
            1.8491671194737427,
            -0.386744247008616
        ],
        "SRR": [
            -0.8339526911492545,
            16.02039853014166
        ],
        "SI-SDRi": [
            1.9541216138694812,
            2.4921191455940734
        ],
        "SD-SDRi": [
            -0.40887086665307937,
            2.4219446572306804
        ],
        "SNRi": [
            6.526270704121416,
            4.157327452857899
        ],
        "MIX-SI-SDR": [
            -4.184608675093749,
            -4.079220789517936
        ],
        "MIX-SD-SDR": [
            -4.189543150641021,
            -4.083741754644024
        ],
        "MIX-SNR": [
            -4.677103584647673,
            -4.544071699866516
        ]
    }
}