{
    "combination": [
        0,
        1
    ],
    "permutation": [
        0,
        1
    ],
    "drums": {
        "SI-SDR": [
            0.8276617800442165,
            0.8072124093574546
        ],
        "SI-SIR": [
            3.5001659938646923,
            3.665678060415435
        ],
        "SI-SAR": [
            4.204264189695326,
            3.9748478812930808
        ],
        "SD-SDR": [
            -2.933617868357677,
            -2.860150318638594
        ],
        "SNR": [
            3.373240344458282,
            3.373214640126347
        ],
        "SRR": [
            -0.5633826920078854,
            -0.4204426791274837
        ],
        "SI-SDRi": [
            2.4773951485469397,
            2.637888466575986
        ],
        "SD-SDRi": [
            -1.2661715629537167,
            -1.0150420855231823
        ],
        "SNRi": [
            4.393948745102031,
            4.620661007001811
        ],
        "MIX-SI-SDR": [
            -1.649733368502723,
            -1.8306760572185312
        ],
        "MIX-SD-SDR": [
            -1.66744630540396,
            -1.8451082331154118
        ],
        "MIX-SNR": [
            -1.0207084006437488,
            -1.247446366875464
        ]
    },
    "bass+other+vocals": {
        "SI-SDR": [
            2.485359134002787,
            2.8101641020795713
        ],
        "SI-SIR": [
            3.8455376999181548,
            4.265267402994658
        ],
        "SI-SAR": [
            8.189596832237678,
            8.266325732585695
        ],
        "SD-SDR": [
            1.078090047202386,
            1.4628712976984262
        ],
        "SNR": [
            4.392979271027749,
            4.608368746581642
        ],
        "SRR": [
            6.656812598964011,
            7.202339657037094
        ],
        "SI-SDRi": [
            1.954171953288193,
            1.99283636885977
        ],
        "SD-SDRi": [
            0.5646158033890293,
            0.6599757403755059
        ],
        "SNRi": [
            3.372270870384,
            3.360922379706178
        ],
        "MIX-SI-SDR": [
            0.531187180714594,
            0.8173277332198016
        ],
        "MIX-SD-SDR": [
            0.5134742438133567,
            0.8028955573229203
        ],
        "MIX-SNR": [
            1.020708400643749,
            1.247446366875464
        ]
    }
}