{
    "combination": [
        0,
        1
    ],
    "permutation": [
        0,
        1
    ],
    "drums": {
        "SI-SDR": [
            -0.31912432096081716,
            -0.34928769977798785
        ],
        "SI-SIR": [
            3.1084517097218733,
            2.655437638307634
        ],
        "SI-SAR": [
            2.3105009797470575,
            2.6665940402127344
        ],
        "SD-SDR": [
            -5.5071554999853145,
            -5.935776949526763
        ],
        "SNR": [
            2.705294562720351,
            2.6427815047441454
        ],
        "SRR": [
            -3.9405511568053693,
            -4.531476480988478
        ],
        "SI-SDRi": [
            3.2010174911891,
            3.714664214875077
        ],
        "SD-SDRi": [
            -1.9860591669307488,
            -1.871745954543794
        ],
        "SNRi": [
            6.421698598109911,
            6.766192420330636
        ],
        "MIX-SI-SDR": [
            -3.520141812149917,
            -4.063951914653065
        ],
        "MIX-SD-SDR": [
            -3.5210963330545657,
            -4.064030994982969
        ],
        "MIX-SNR": [
            -3.71640403538956,
            -4.123410915586491
        ]
    },
    "bass+other+vocals": {
        "SI-SDR": [
            5.335594078036975,
            5.736733555170417
        ],
        "SI-SIR": [
            6.289458251110366,
            6.533079386228034
        ],
        "SI-SAR": [
            12.38677815128975,
            13.495649917770843
        ],
        "SD-SDR": [
            4.727163406100425,
            5.088859732378747
        ],
        "SNR": [
            6.381492325166488,
            6.724529373563994
        ],
        "SRR": [
            13.563559820608317,
            13.671709141980184
        ],
        "SI-SDRi": [
            1.5346981703687916,
            1.5902181105936286
        ],
        "SD-SDRi": [
            0.9272220193368885,
            0.9424233681318608
        ],
        "SNRi": [
            2.665088289776928,
            2.6011184579775035
        ],
        "MIX-SI-SDR": [
            3.800895907668183,
            4.146515444576789
        ],
        "MIX-SD-SDR": [
            3.7999413867635368,
            4.146436364246886
        ],
        "MIX-SNR": [
            3.71640403538956,
            4.123410915586491
        ]
    }
}