{
    "combination": [
        0,
        1
    ],
    "permutation": [
        0,
        1
    ],
    "drums": {
        "SI-SDR": [
            -0.9696778433520103,
            -1.7102880506643239
        ],
        "SI-SIR": [
            3.268751524943308,
            2.3729055142120807
        ],
        "SI-SAR": [
            1.0843268817262373,
            0.4403567774399597
        ],
        "SD-SDR": [
            -3.7462415924019825,
            -4.7605881371776935
        ],
        "SNR": [
            2.522251119329353,
            2.200998803274478
        ],
        "SRR": [
            -0.4889066760386519,
            -1.789923254150413
        ],
        "SI-SDRi": [
            6.095690176519317,
            6.335588109489806
        ],
        "SD-SDRi": [
            3.3207025400894277,
            3.286531506683259
        ],
        "SNRi": [
            9.970723656281088,
            10.627447236118
        ],
        "MIX-SI-SDR": [
            -7.065368019871327,
            -8.04587616015413
        ],
        "MIX-SD-SDR": [
            -7.06694413249141,
            -8.047119643860952
        ],
        "MIX-SNR": [
            -7.448472536951735,
            -8.426448432843522
        ]
    },
    "bass+other+vocals": {
        "SI-SDR": [
            9.583128981403462,
            10.334920445221542
        ],
        "SI-SIR": [
            11.852050479959821,
            12.362958373198419
        ],
        "SI-SAR": [
            13.48795950121961,
            14.616633297651942
        ],
        "SD-SDR": [
            8.668680905960217,
            9.446676020304718
        ],
        "SNR": [
            9.96246388855898,
            10.622392025099526
        ],
        "SRR": [
            15.88413777954315,
            16.775749540619287
        ],
        "SI-SDRi": [
            2.063176019753408,
            1.8517020934882318
        ],
        "SD-SDRi": [
            1.1503040569302456,
            0.964701152278229
        ],
        "SNRi": [
            2.5139913516072454,
            2.195943592256004
        ],
        "MIX-SI-SDR": [
            7.519952961650054,
            8.48321835173331
        ],
        "MIX-SD-SDR": [
            7.518376849029972,
            8.481974868026489
        ],
        "MIX-SNR": [
            7.448472536951735,
            8.426448432843522
        ]
    }
}