{
    "combination": [
        0,
        1
    ],
    "permutation": [
        0,
        1
    ],
    "drums": {
        "SI-SDR": [
            -5.621292009805279,
            -6.080829100088442
        ],
        "SI-SIR": [
            -1.72751393239337,
            -2.495106934347368
        ],
        "SI-SAR": [
            -3.3447707485742155,
            -3.5785532759694023
        ],
        "SD-SDR": [
            -8.582589487372475,
            -8.865159498114265
        ],
        "SNR": [
            0.6311116563893564,
            0.4099547494011653
        ],
        "SRR": [
            -5.522727829196049,
            -5.616484015135481
        ],
        "SI-SDRi": [
            4.312894834302629,
            4.37071208904389
        ],
        "SD-SDRi": [
            1.3516871026847408,
            1.5865522954262712
        ],
        "SNRi": [
            10.442343967175924,
            10.682191527702626
        ],
        "MIX-SI-SDR": [
            -9.934186844107908,
            -10.451541189132332
        ],
        "MIX-SD-SDR": [
            -9.934276590057216,
            -10.451711793540536
        ],
        "MIX-SNR": [
            -9.811232310786568,
            -10.27223677830146
        ]
    },
    "bass+other+vocals": {
        "SI-SDR": [
            10.124166399868779,
            10.478582230294418
        ],
        "SI-SIR": [
            12.29071052963654,
            12.698111103492522
        ],
        "SI-SAR": [
            14.182665314304918,
            14.45642071951454
        ],
        "SD-SDR": [
            9.087108591391134,
            9.30035796260367
        ],
        "SNR": [
            10.390473248705733,
            10.642340088427847
        ],
        "SRR": [
            15.815137495894586,
            15.541723077890522
        ],
        "SI-SDRi": [
            0.3256141675702491,
            0.2228749297061121
        ],
        "SD-SDRi": [
            -0.7113538949580871,
            -0.9551787335764352
        ],
        "SNRi": [
            0.5792409379191632,
            0.3701033101263871
        ],
        "MIX-SI-SDR": [
            9.79855223229853,
            10.255707300588305
        ],
        "MIX-SD-SDR": [
            9.798462486349221,
            10.255536696180105
        ],
        "MIX-SNR": [
            9.81123231078657,
            10.27223677830146
        ]
    }
}