{
    "combination": [
        0,
        1
    ],
    "permutation": [
        0,
        1
    ],
    "drums": {
        "SI-SDR": [
            -1.8521297265599816,
            -1.5878351560287545
        ],
        "SI-SIR": [
            1.2631135275650205,
            1.7283769958924937
        ],
        "SI-SAR": [
            1.0557030754965055,
            1.1366900376187843
        ],
        "SD-SDR": [
            -5.168363869331497,
            -4.8132607945246315
        ],
        "SNR": [
            2.1598332986360353,
            2.2691981936497534
        ],
        "SRR": [
            -2.4438578655200365,
            -2.0079314222847073
        ],
        "SI-SDRi": [
            3.734433455796002,
            4.0793677984686685
        ],
        "SD-SDRi": [
            0.4184071163602203,
            0.853976015517091
        ],
        "SNRi": [
            7.633040573070518,
            7.983129412675774
        ],
        "MIX-SI-SDR": [
            -5.586563182355984,
            -5.667202954497423
        ],
        "MIX-SD-SDR": [
            -5.586770985691717,
            -5.6672368100417225
        ],
        "MIX-SNR": [
            -5.473207274434483,
            -5.713931219026021
        ]
    },
    "bass+other+vocals": {
        "SI-SDR": [
            6.832734600404993,
            7.267052126866491
        ],
        "SI-SIR": [
            8.489379882947333,
            9.025727407979202
        ],
        "SI-SAR": [
            11.820306161239412,
            12.042742753636489
        ],
        "SD-SDR": [
            5.636701775774577,
            6.145907829565168
        ],
        "SNR": [
            7.619306231501479,
            7.979815540785813
        ],
        "SRR": [
            11.821414662353364,
            12.57565521000485
        ],
        "SI-SDRi": [
            1.3913736498814444,
            1.5405346804228541
        ],
        "SD-SDRi": [
            0.19554862858676092,
            0.41942423866582423
        ],
        "SNRi": [
            2.1460989570669966,
            2.265884321759792
        ],
        "MIX-SI-SDR": [
            5.441360950523548,
            5.726517446443637
        ],
        "MIX-SD-SDR": [
            5.4411531471878165,
            5.726483590899344
        ],
        "MIX-SNR": [
            5.473207274434483,
            5.713931219026021
        ]
    }
}