{
    "combination": [
        0,
        1
    ],
    "permutation": [
        0,
        1
    ],
    "drums": {
        "SI-SDR": [
            3.2706311578196074,
            3.961932936293029
        ],
        "SI-SIR": [
            9.794304330231622,
            10.953131624418088
        ],
        "SI-SAR": [
            4.364493723580132,
            4.9306584859724865
        ],
        "SD-SDR": [
            -1.997348371447674,
            -1.3387978119591661
        ],
        "SNR": [
            4.258871988836615,
            4.592392035043934
        ],
        "SRR": [
            -0.4650177074022881,
            0.17975007508939334
        ],
        "SI-SDRi": [
            4.149151026390337,
            4.544078728897248
        ],
        "SD-SDRi": [
            -1.118827542454872,
            -0.7564342346564203
        ],
        "SNRi": [
            5.132874609257976,
            5.1092302542022106
        ],
        "MIX-SI-SDR": [
            -0.8785198685707294,
            -0.5821457926042191
        ],
        "MIX-SD-SDR": [
            -0.8785208289928021,
            -0.5823635773027458
        ],
        "MIX-SNR": [
            -0.8740026204213603,
            -0.5168382191582764
        ]
    },
    "bass+other+vocals": {
        "SI-SDR": [
            4.089287826334447,
            4.086223428995036
        ],
        "SI-SIR": [
            5.36034299863249,
            5.3770468689759054
        ],
        "SI-SAR": [
            10.04552549654312,
            9.98483564441808
        ],
        "SD-SDR": [
            3.7796797479533675,
            3.7951296475454104
        ],
        "SNR": [
            5.141616273865559,
            5.11782126221436
        ],
        "SRR": [
            15.403284436534484,
            15.677377441270126
        ],
        "SI-SDRi": [
            3.2189786582871465,
            3.627316309714951
        ],
        "SD-SDRi": [
            2.909371540328139,
            3.336440312963849
        ],
        "SNRi": [
            4.267613653444199,
            4.600983043056082
        ],
        "MIX-SI-SDR": [
            0.8703091680473003,
            0.45890711928008526
        ],
        "MIX-SD-SDR": [
            0.8703082076252288,
            0.4586893345815614
        ],
        "MIX-SNR": [
            0.87400262042136,
            0.5168382191582779
        ]
    }
}