{
    "combination": [
        0,
        1
    ],
    "permutation": [
        0,
        1
    ],
    "drums": {
        "SI-SDR": [
            -5.8951302559687395,
            -5.65476450084558
        ],
        "SI-SIR": [
            -3.6467530895082563,
            -3.443197291099518
        ],
        "SI-SAR": [
            -1.9601824702382644,
            -1.664963264535121
        ],
        "SD-SDR": [
            -8.194360227212712,
            -8.218147777842331
        ],
        "SNR": [
            0.2603795966505386,
            0.4726231064532326
        ],
        "SRR": [
            -4.3333271446823955,
            -4.709608701092441
        ],
        "SI-SDRi": [
            3.9246126414148197,
            4.708515489890477
        ],
        "SD-SDRi": [
            1.6254601056001743,
            2.1453179689392723
        ],
        "SNRi": [
            10.194550070496593,
            11.025448601077063
        ],
        "MIX-SI-SDR": [
            -9.81974289738356,
            -10.363279990736057
        ],
        "MIX-SD-SDR": [
            -9.819820332812887,
            -10.363465746781603
        ],
        "MIX-SNR": [
            -9.934170473846054,
            -10.55282549462383
        ]
    },
    "bass+other+vocals": {
        "SI-SDR": [
            10.251845249605749,
            11.16307546246932
        ],
        "SI-SIR": [
            12.303817627738571,
            13.028235642191774
        ],
        "SI-SAR": [
            14.493637487811945,
            15.733012280097613
        ],
        "SD-SDR": [
            8.368846518896074,
            9.421258843204447
        ],
        "SNR": [
            10.140888992298589,
            10.96346679067539
        ],
        "SRR": [
            12.905724192097267,
            14.23091708963449
        ],
        "SI-SDRi": [
            0.3059187735051214,
            0.5932248100569666
        ],
        "SD-SDRi": [
            -1.577002521775226,
            -1.1484060531623577
        ],
        "SNRi": [
            0.20671851845253464,
            0.41064129605156197
        ],
        "MIX-SI-SDR": [
            9.945926476100627,
            10.569850652412354
        ],
        "MIX-SD-SDR": [
            9.9458490406713,
            10.569664896366804
        ],
        "MIX-SNR": [
            9.934170473846054,
            10.552825494623828
        ]
    }
}