{
    "combination": [
        0,
        1
    ],
    "permutation": [
        0,
        1
    ],
    "drums": {
        "SI-SDR": [
            -1.8662585798513833,
            -1.8654740263911138
        ],
        "SI-SIR": [
            2.3905520709353447,
            2.3739713140553045
        ],
        "SI-SAR": [
            0.17666816492775306,
            0.18791643077724823
        ],
        "SD-SDR": [
            -5.476091492619696,
            -5.605174710405416
        ],
        "SNR": [
            2.1690059235876484,
            2.1733227747448187
        ],
        "SRR": [
            -2.9925106898841665,
            -3.2192072447904496
        ],
        "SI-SDRi": [
            3.8189327883518587,
            4.298182281192874
        ],
        "SD-SDRi": [
            0.21253319868364784,
            0.5625960650598874
        ],
        "SNRi": [
            7.399878010220443,
            7.813725555090292
        ],
        "MIX-SI-SDR": [
            -5.685191368203242,
            -6.163656307583988
        ],
        "MIX-SD-SDR": [
            -5.688624691303344,
            -6.1677707754653035
        ],
        "MIX-SNR": [
            -5.230872086632795,
            -5.640402780345473
        ]
    },
    "bass+other+vocals": {
        "SI-SDR": [
            6.598327248770008,
            7.093129697725791
        ],
        "SI-SIR": [
            8.402967391500212,
            8.817894182396799
        ],
        "SI-SAR": [
            11.283383762565723,
            11.9375538006806
        ],
        "SD-SDR": [
            5.690632025830933,
            6.193385879419431
        ],
        "SNR": [
            7.457275335674733,
            7.863636751622387
        ],
        "SRR": [
            12.935020442937839,
            13.472148161324016
        ],
        "SI-SDRi": [
            1.4987673608365952,
            1.5893695043486886
        ],
        "SD-SDRi": [
            0.5945054609976195,
            0.6937401539236445
        ],
        "SNRi": [
            2.2264032490419368,
            2.2232339712769145
        ],
        "MIX-SI-SDR": [
            5.099559887933413,
            5.5037601933771025
        ],
        "MIX-SD-SDR": [
            5.096126564833313,
            5.499645725495786
        ],
        "MIX-SNR": [
            5.230872086632797,
            5.640402780345473
        ]
    }
}