{
    "combination": [
        0,
        1
    ],
    "permutation": [
        0,
        1
    ],
    "drums": {
        "SI-SDR": [
            -7.055032470842724,
            -7.731300830156405
        ],
        "SI-SIR": [
            -4.367229275532532,
            -4.495535077032494
        ],
        "SI-SAR": [
            -3.696353079776035,
            -4.935336947062701
        ],
        "SD-SDR": [
            -9.576281225939498,
            -9.99839438645171
        ],
        "SNR": [
            -0.03773088899737005,
            -0.40904049369206275
        ],
        "SRR": [
            -6.014787128714623,
            -6.090898370580568
        ],
        "SI-SDRi": [
            3.376051672390398,
            3.155362758275821
        ],
        "SD-SDRi": [
            0.8578172814928546,
            0.8908195405675947
        ],
        "SNRi": [
            11.192337966999633,
            11.250609405723901
        ],
        "MIX-SI-SDR": [
            -10.431084143233122,
            -10.886663588432226
        ],
        "MIX-SD-SDR": [
            -10.434098507432353,
            -10.889213927019306
        ],
        "MIX-SNR": [
            -11.230068855997002,
            -11.659649899415964
        ]
    },
    "bass+other+vocals": {
        "SI-SDR": [
            11.251960450075028,
            11.246355105724428
        ],
        "SI-SIR": [
            13.220740906940804,
            13.680649758698882
        ],
        "SI-SAR": [
            15.63509669872795,
            14.920909552049721
        ],
        "SD-SDR": [
            9.780065640994637,
            9.881180515052602
        ],
        "SNR": [
            11.172641098548535,
            11.218854271875788
        ],
        "SRR": [
            15.194322900150194,
            15.571863111399312
        ],
        "SI-SDRi": [
            -0.04369418721824658,
            -0.47064809372415084
        ],
        "SD-SDRi": [
            -1.5125746320994065,
            -1.8332723458088953
        ],
        "SNRi": [
            -0.05742775744846895,
            -0.44079562754017587
        ],
        "MIX-SI-SDR": [
            11.295654637293275,
            11.717003199448579
        ],
        "MIX-SD-SDR": [
            11.292640273094044,
            11.714452860861497
        ],
        "MIX-SNR": [
            11.230068855997004,
            11.659649899415964
        ]
    }
}