{
    "combination": [
        0,
        1
    ],
    "permutation": [
        0,
        1
    ],
    "drums": {
        "SI-SDR": [
            -6.4879139782665085,
            -6.783117907929821
        ],
        "SI-SIR": [
            -4.746936587483787,
            -4.614495962713974
        ],
        "SI-SAR": [
            -1.6765543906960356,
            -2.727829237476589
        ],
        "SD-SDR": [
            -7.213487673918403,
            -7.801843362841673
        ],
        "SNR": [
            -1.638476033673857,
            -1.2641308019362538
        ],
        "SRR": [
            0.9152772780867285,
            -1.0051613177007268
        ],
        "SI-SDRi": [
            0.6651089808998094,
            0.7917925180644971
        ],
        "SD-SDRi": [
            -0.0599693656250766,
            -0.2269162536089251
        ],
        "SNRi": [
            5.7290256261218975,
            6.270171412455838
        ],
        "MIX-SI-SDR": [
            -7.153022959166318,
            -7.574910425994318
        ],
        "MIX-SD-SDR": [
            -7.153518308293326,
            -7.574927109232748
        ],
        "MIX-SNR": [
            -7.367501659795755,
            -7.534302214392092
        ]
    },
    "bass+other+vocals": {
        "SI-SDR": [
            5.032513183942546,
            5.545413585049683
        ],
        "SI-SIR": [
            9.416213516913643,
            9.508553426355888
        ],
        "SI-SAR": [
            7.000970148418282,
            7.77477516546873
        ],
        "SD-SDR": [
            1.4421986095544534,
            2.667632722363275
        ],
        "SNR": [
            5.7139622524715215,
            6.2586610120839605
        ],
        "SRR": [
            3.9408993391838325,
            5.814623028114729
        ],
        "SI-SDRi": [
            -2.375111565948103,
            -1.9817516964806465
        ],
        "SD-SDRi": [
            -5.964930791209184,
            -4.859515875928622
        ],
        "SNRi": [
            -1.6535394073242333,
            -1.2756412023081314
        ],
        "MIX-SI-SDR": [
            7.407624749890649,
            7.52716528153033
        ],
        "MIX-SD-SDR": [
            7.407129400763638,
            7.527148598291897
        ],
        "MIX-SNR": [
            7.367501659795755,
            7.534302214392092
        ]
    }
}