{
    "combination": [
        0,
        1
    ],
    "permutation": [
        0,
        1
    ],
    "drums": {
        "SI-SDR": [
            -2.25183581302353,
            -2.133675228554873
        ],
        "SI-SIR": [
            0.8463314342590358,
            1.1098869733597687
        ],
        "SI-SAR": [
            0.6723394034587453,
            0.6552550952266278
        ],
        "SD-SDR": [
            -6.057896829245786,
            -5.3729243026740345
        ],
        "SNR": [
            2.020279141333619,
            2.0331795444230987
        ],
        "SRR": [
            -3.719883000465351,
            -2.5801058629772156
        ],
        "SI-SDRi": [
            4.248315852987706,
            4.018150564315466
        ],
        "SD-SDRi": [
            0.4491683946870868,
            0.7852068481396595
        ],
        "SNRi": [
            9.292853877209334,
            8.890992528708916
        ],
        "MIX-SI-SDR": [
            -6.500151666011236,
            -6.151825792870339
        ],
        "MIX-SD-SDR": [
            -6.507065223932873,
            -6.158131150813694
        ],
        "MIX-SNR": [
            -7.272574735875715,
            -6.857812984285816
        ]
    },
    "bass+other+vocals": {
        "SI-SDR": [
            8.747076776924526,
            8.322993396494933
        ],
        "SI-SIR": [
            10.099377869298145,
            10.001441173798842
        ],
        "SI-SAR": [
            14.472805687594615,
            13.263987241945824
        ],
        "SD-SDR": [
            7.874774228616117,
            7.333596374922153
        ],
        "SNR": [
            9.255475316304484,
            8.873832570655361
        ],
        "SRR": [
            15.274799389654952,
            14.24304433982147
        ],
        "SI-SDRi": [
            1.3189096552516313,
            1.3099389339187368
        ],
        "SD-SDRi": [
            0.4535206648648584,
            0.3268472702893144
        ],
        "SNRi": [
            1.9829005804287707,
            2.016019586369545
        ],
        "MIX-SI-SDR": [
            7.428167121672895,
            7.013054462576196
        ],
        "MIX-SD-SDR": [
            7.421253563751258,
            7.0067491046328385
        ],
        "MIX-SNR": [
            7.272574735875713,
            6.857812984285816
        ]
    }
}