{
    "combination": [
        0,
        1
    ],
    "permutation": [
        0,
        1
    ],
    "drums": {
        "SI-SDR": [
            -3.4144028878829364,
            -2.0200807503115454
        ],
        "SI-SIR": [
            -0.8643209256489476,
            0.36003499681434614
        ],
        "SI-SAR": [
            0.11072841788450963,
            1.7276247163383462
        ],
        "SD-SDR": [
            -6.895056519723815,
            -5.56877518430921
        ],
        "SNR": [
            1.5446239013288754,
            2.102639149996709
        ],
        "SRR": [
            -4.309110876400669,
            -3.0374264832868687
        ],
        "SI-SDRi": [
            1.1158928835829065,
            1.2645075087534714
        ],
        "SD-SDRi": [
            -2.364757949504182,
            -2.2840047332086337
        ],
        "SNRi": [
            6.063183613449095,
            5.305680638393608
        ],
        "MIX-SI-SDR": [
            -4.530295771465843,
            -3.284588259065017
        ],
        "MIX-SD-SDR": [
            -4.5302985702196334,
            -3.2847704511005764
        ],
        "MIX-SNR": [
            -4.5185597121202195,
            -3.2030414883968987
        ]
    },
    "bass+other+vocals": {
        "SI-SDR": [
            4.8156692142647355,
            3.7899044064422367
        ],
        "SI-SIR": [
            6.179949038889098,
            5.061349076498214
        ],
        "SI-SAR": [
            10.50877521673156,
            9.744996704899009
        ],
        "SD-SDR": [
            3.5514824422128473,
            2.466023509630472
        ],
        "SNR": [
            6.053869613541084,
            5.300658263987179
        ],
        "SRR": [
            9.52798434343087,
            8.270515708941842
        ],
        "SI-SDRi": [
            0.3012522335340613,
            0.6256753482058612
        ],
        "SD-SDRi": [
            -0.9629317397640311,
            -0.6980233565703422
        ],
        "SNRi": [
            1.5353099014208649,
            2.097616775590281
        ],
        "MIX-SI-SDR": [
            4.514416980730674,
            3.1642290582363755
        ],
        "MIX-SD-SDR": [
            4.514414181976878,
            3.164046866200814
        ],
        "MIX-SNR": [
            4.5185597121202195,
            3.2030414883968983
        ]
    }
}