{
    "combination": [
        0,
        1
    ],
    "permutation": [
        0,
        1
    ],
    "drums": {
        "SI-SDR": [
            -3.7398583606056834,
            -3.1304783763857404
        ],
        "SI-SIR": [
            2.058528942882272,
            3.221857481658721
        ],
        "SI-SAR": [
            -2.4137995970841692,
            -1.9862679657915525
        ],
        "SD-SDR": [
            -8.960624638139304,
            -8.19385316520355
        ],
        "SNR": [
            1.531017832627179,
            1.7200111542591003
        ],
        "SRR": [
            -7.408162851446351,
            -6.571967204787158
        ],
        "SI-SDRi": [
            -0.5423277052829731,
            -0.7505623106206487
        ],
        "SD-SDRi": [
            -5.763093963397831,
            -5.813840178903439
        ],
        "SNRi": [
            4.727709262869205,
            4.046224102380878
        ],
        "MIX-SI-SDR": [
            -3.1975306553227103,
            -2.3799160657650917
        ],
        "MIX-SD-SDR": [
            -3.197530674741473,
            -2.3800129863001107
        ],
        "MIX-SNR": [
            -3.196691430242025,
            -2.326212948121777
        ]
    },
    "bass+other+vocals": {
        "SI-SDR": [
            3.514193227792192,
            2.730902317729984
        ],
        "SI-SIR": [
            4.754647681673103,
            4.080839441909491
        ],
        "SI-SAR": [
            9.561702653152363,
            8.463109012417773
        ],
        "SD-SDR": [
            3.1329607781536852,
            2.3755439869152206
        ],
        "SNR": [
            4.731864604352181,
            4.05437939836559
        ],
        "SRR": [
            13.888127218830297,
            13.423189781316067
        ],
        "SI-SDRi": [
            0.3179037618182514,
            0.43604116829455286
        ],
        "SD-SDRi": [
            -0.06332866840148732,
            0.08077975801480797
        ],
        "SNRi": [
            1.535173174110155,
            1.7281664502438132
        ],
        "MIX-SI-SDR": [
            3.1962894659739405,
            2.294861149435431
        ],
        "MIX-SD-SDR": [
            3.1962894465551726,
            2.2947642289004127
        ],
        "MIX-SNR": [
            3.1966914302420255,
            2.326212948121777
        ]
    }
}