{
    "combination": [
        0,
        1
    ],
    "permutation": [
        0,
        1
    ],
    "drums": {
        "SI-SDR": [
            -1.2632331058333632,
            -0.9632621285483322
        ],
        "SI-SIR": [
            3.1491426519381043,
            2.9970437179589346
        ],
        "SI-SAR": [
            0.6888657014751958,
            1.26800166001678
        ],
        "SD-SDR": [
            -8.448293896102367,
            -9.12979192120633
        ],
        "SNR": [
            2.126626653554335,
            2.076989432985567
        ],
        "SRR": [
            -7.526691059743143,
            -8.41105010223632
        ],
        "SI-SDRi": [
            3.4634022269223825,
            3.126203697016268
        ],
        "SD-SDRi": [
            -3.7185622078250233,
            -5.039353497464011
        ],
        "SNRi": [
            7.265568911215554,
            6.37811744598231
        ],
        "MIX-SI-SDR": [
            -4.7266353327557455,
            -4.0894658255646
        ],
        "MIX-SD-SDR": [
            -4.729731688277344,
            -4.090438423742319
        ],
        "MIX-SNR": [
            -5.138942257661219,
            -4.301128012996743
        ]
    },
    "bass+other+vocals": {
        "SI-SDR": [
            6.54560843777924,
            5.56181045332975
        ],
        "SI-SIR": [
            7.1664627991610885,
            6.018401881616896
        ],
        "SI-SAR": [
            15.300283853199023,
            15.570671785662075
        ],
        "SD-SDR": [
            6.28164295061027,
            5.312532281277888
        ],
        "SNR": [
            7.249111114043729,
            6.359647976429542
        ],
        "SRR": [
            18.575328855306623,
            17.84757580941057
        ],
        "SI-SDRi": [
            1.2761800970573969,
            1.1808537469148108
        ],
        "SD-SDRi": [
            1.0153109654100207,
            0.9325481730406722
        ],
        "SNRi": [
            2.1101688563825105,
            2.0585199634328006
        ],
        "MIX-SI-SDR": [
            5.269428340721843,
            4.380956706414939
        ],
        "MIX-SD-SDR": [
            5.2663319852002495,
            4.379984108237216
        ],
        "MIX-SNR": [
            5.138942257661219,
            4.301128012996742
        ]
    }
}