{
    "combination": [
        0,
        1
    ],
    "permutation": [
        0,
        1
    ],
    "drums": {
        "SI-SDR": [
            0.05164954967914158,
            -0.10367738131239593
        ],
        "SI-SIR": [
            3.6081242318557867,
            3.5226049396092303
        ],
        "SI-SAR": [
            2.576852674501535,
            2.367254012543096
        ],
        "SD-SDR": [
            -6.319399383784768,
            -7.231179532864712
        ],
        "SNR": [
            2.672284394631848,
            2.495716336041027
        ],
        "SRR": [
            -5.180813889034697,
            -6.2958574072402405
        ],
        "SI-SDRi": [
            2.2593141631186175,
            2.2941608861470075
        ],
        "SD-SDRi": [
            -4.111710909348542,
            -4.83332558323673
        ],
        "SNRi": [
            4.906263885640727,
            4.915350487855967
        ],
        "MIX-SI-SDR": [
            -2.207664613439476,
            -2.3978382674594036
        ],
        "MIX-SD-SDR": [
            -2.2076884744362264,
            -2.3978539496279816
        ],
        "MIX-SNR": [
            -2.233979491008879,
            -2.4196341518149405
        ]
    },
    "bass+other+vocals": {
        "SI-SDR": [
            3.586744863559894,
            3.6713957632464576
        ],
        "SI-SIR": [
            4.294856479836051,
            4.263892595519759
        ],
        "SI-SAR": [
            11.81281696568683,
            12.615259452524757
        ],
        "SD-SDR": [
            3.107267018973097,
            3.2743021540055612
        ],
        "SNR": [
            4.877606111517492,
            4.8778992108567
        ],
        "SRR": [
            12.914958159576717,
            13.86025037005314
        ],
        "SI-SDRi": [
            1.3370135075302798,
            1.2392625837897455
        ],
        "SD-SDRi": [
            0.8575595239402345,
            0.8421846567174263
        ],
        "SNRi": [
            2.643626620508613,
            2.4582650590417607
        ],
        "MIX-SI-SDR": [
            2.2497313560296144,
            2.432133179456712
        ],
        "MIX-SD-SDR": [
            2.2497074950328626,
            2.432117497288135
        ],
        "MIX-SNR": [
            2.233979491008879,
            2.4196341518149396
        ]
    }
}