{
    "combination": [
        0,
        1
    ],
    "permutation": [
        0,
        1
    ],
    "drums": {
        "SI-SDR": [
            -0.24766837737554656,
            -0.3988927752025476
        ],
        "SI-SIR": [
            4.443463507385868,
            3.761894077454718
        ],
        "SI-SAR": [
            1.553845174219663,
            1.7027467785746042
        ],
        "SD-SDR": [
            -6.327895187431172,
            -6.795647563542211
        ],
        "SNR": [
            2.6106072230463413,
            2.511163359236408
        ],
        "SRR": [
            -5.098202907846439,
            -5.6647377549292415
        ],
        "SI-SDRi": [
            3.4961603784726405,
            3.279773192030538
        ],
        "SD-SDRi": [
            -2.5833321205814705,
            -3.115973066622794
        ],
        "SNRi": [
            6.183077552512303,
            5.990981021220938
        ],
        "MIX-SI-SDR": [
            -3.743828755848187,
            -3.6786659672330857
        ],
        "MIX-SD-SDR": [
            -3.744563066849701,
            -3.679674496919417
        ],
        "MIX-SNR": [
            -3.572470329465962,
            -3.47981766198453
        ]
    },
    "bass+other+vocals": {
        "SI-SDR": [
            5.19438507065856,
            4.939349793591447
        ],
        "SI-SIR": [
            6.081062365185423,
            5.707376635061717
        ],
        "SI-SAR": [
            12.53037072199508,
            12.841784589957854
        ],
        "SD-SDR": [
            4.773267710291426,
            4.491100073737952
        ],
        "SNR": [
            6.17749955631636,
            5.978103541264431
        ],
        "SRR": [
            15.115936766118182,
            14.575940227249344
        ],
        "SI-SDRi": [
            1.696359755225747,
            1.5476438733188447
        ],
        "SD-SDRi": [
            1.2759767058601268,
            1.10040268315168
        ],
        "SNRi": [
            2.605029226850398,
            2.4982858792799014
        ],
        "MIX-SI-SDR": [
            3.4980253154328134,
            3.391705920272602
        ],
        "MIX-SD-SDR": [
            3.4972910044312995,
            3.390697390586272
        ],
        "MIX-SNR": [
            3.572470329465962,
            3.47981766198453
        ]
    }
}