{
    "combination": [
        0,
        1
    ],
    "permutation": [
        0,
        1
    ],
    "drums": {
        "SI-SDR": [
            -5.310270861062359,
            -3.984643980772206
        ],
        "SI-SIR": [
            -3.478655766907155,
            -2.210613135557475
        ],
        "SI-SAR": [
            -0.6771012005430319,
            0.7604503365779469
        ],
        "SD-SDR": [
            -9.246034661141028,
            -8.281411769849939
        ],
        "SNR": [
            0.9601997420768202,
            1.422897883703178
        ],
        "SRR": [
            -6.99821080945548,
            -6.262309202103764
        ],
        "SI-SDRi": [
            1.950203613846213,
            1.3141912486082346
        ],
        "SD-SDRi": [
            -1.9852098216102103,
            -2.9824617378908123
        ],
        "SNRi": [
            8.04288774905244,
            6.804433760271884
        ],
        "MIX-SI-SDR": [
            -7.260474474908572,
            -5.29883522938044
        ],
        "MIX-SD-SDR": [
            -7.260824839530818,
            -5.2989500319591265
        ],
        "MIX-SNR": [
            -7.08268800697562,
            -5.381535876568706
        ]
    },
    "bass+other+vocals": {
        "SI-SDR": [
            7.363139933372549,
            5.758195863829534
        ],
        "SI-SIR": [
            8.33991835012083,
            6.581588599638934
        ],
        "SI-SAR": [
            14.322261865696376,
            13.385162411117758
        ],
        "SD-SDR": [
            5.962088284395672,
            4.544278423984446
        ],
        "SNR": [
            7.9992911889914655,
            6.773890488279784
        ],
        "SRR": [
            11.557099365640177,
            10.673060112533985
        ],
        "SI-SDRi": [
            0.3146878124517265,
            0.3525448022868831
        ],
        "SD-SDRi": [
            -1.0860134719029082,
            -0.8612578349795266
        ],
        "SNRi": [
            0.9166031820158453,
            1.3923546117110783
        ],
        "MIX-SI-SDR": [
            7.048452120920823,
            5.405651061542651
        ],
        "MIX-SD-SDR": [
            7.04810175629858,
            5.405536258963973
        ],
        "MIX-SNR": [
            7.08268800697562,
            5.381535876568706
        ]
    }
}