{
    "combination": [
        0,
        1
    ],
    "permutation": [
        0,
        1
    ],
    "drums": {
        "SI-SDR": [
            5.556107210754732,
            5.838798786395344
        ],
        "SI-SIR": [
            12.391489604707706,
            10.44155548603099
        ],
        "SI-SAR": [
            6.564659014137181,
            7.686454700952085
        ],
        "SD-SDR": [
            -1.628568901771974,
            0.2200799683467931
        ],
        "SNR": [
            4.752657453002447,
            5.471959072883081
        ],
        "SRR": [
            -0.7068751212049494,
            1.612139548435869
        ],
        "SI-SDRi": [
            2.340283709083102,
            5.5564171109793685
        ],
        "SD-SDRi": [
            -4.84438556469591,
            -0.06229725601098929
        ],
        "SNRi": [
            1.5293170924741597,
            5.181073953939898
        ],
        "MIX-SI-SDR": [
            3.21582350167163,
            0.28238167541597553
        ],
        "MIX-SD-SDR": [
            3.215816662923937,
            0.2823772243577824
        ],
        "MIX-SNR": [
            3.2233403605282875,
            0.2908851189431828
        ]
    },
    "bass+other+vocals": {
        "SI-SDR": [
            0.08945559668650663,
            3.9718173615330143
        ],
        "SI-SIR": [
            0.8422793742053725,
            4.945409967422112
        ],
        "SI-SAR": [
            8.07134128575219,
            10.943593829497093
        ],
        "SD-SDR": [
            -0.09330302154355596,
            3.5223792529919136
        ],
        "SNR": [
            1.5278168808903136,
            5.171038313067513
        ],
        "SRR": [
            13.756820296807028,
            13.59630469440985
        ],
        "SI-SDRi": [
            3.328600598214166,
            4.271795598279167
        ],
        "SD-SDRi": [
            3.145848818731799,
            3.82236194079626
        ],
        "SNRi": [
            4.751157241418602,
            5.461923432010696
        ],
        "MIX-SI-SDR": [
            -3.2391450015276595,
            -0.2999782367461521
        ],
        "MIX-SD-SDR": [
            -3.2391518402753547,
            -0.2999826878043465
        ],
        "MIX-SNR": [
            -3.223340360528288,
            -0.2908851189431837
        ]
    }
}