{
    "combination": [
        0,
        1
    ],
    "permutation": [
        0,
        1
    ],
    "drums": {
        "SI-SDR": [
            -3.6871189890644867,
            -3.1476632462740928
        ],
        "SI-SIR": [
            -0.1933539938429898,
            0.8930329182085223
        ],
        "SI-SAR": [
            -1.1118145182709762,
            -0.9695643901878538
        ],
        "SD-SDR": [
            -5.728041508228388,
            -5.302342568568102
        ],
        "SNR": [
            1.0574762821172266,
            1.3525692058051788
        ],
        "SRR": [
            -1.4678919671613857,
            -1.2254372248847647
        ],
        "SI-SDRi": [
            5.014495091165122,
            5.759224731826695
        ],
        "SD-SDRi": [
            2.9736068701148906,
            3.6045925913404986
        ],
        "SNRi": [
            9.825852329508987,
            10.339701417328255
        ],
        "MIX-SI-SDR": [
            -8.701614080229609,
            -8.906887978100787
        ],
        "MIX-SD-SDR": [
            -8.701648378343279,
            -8.9069351599086
        ],
        "MIX-SNR": [
            -8.76837604739176,
            -8.987132211523077
        ]
    },
    "bass+other+vocals": {
        "SI-SDR": [
            9.559460146909665,
            10.08001842443592
        ],
        "SI-SIR": [
            12.482956326109882,
            13.043397345566623
        ],
        "SI-SAR": [
            12.658334300928102,
            13.137751891741017
        ],
        "SD-SDR": [
            8.118280235322239,
            8.888295917100496
        ],
        "SNR": [
            9.764638316453903,
            10.296908584835862
        ],
        "SRR": [
            13.609622608661514,
            15.086631834978112
        ],
        "SI-SDRi": [
            0.7821595235755101,
            1.0826719228602428
        ],
        "SD-SDRi": [
            -0.6589860898982476,
            -0.10900340266736919
        ],
        "SNRi": [
            0.996262269062143,
            1.3097763733127827
        ],
        "MIX-SI-SDR": [
            8.777300623334154,
            8.997346501575677
        ],
        "MIX-SD-SDR": [
            8.777266325220486,
            8.997299319767865
        ],
        "MIX-SNR": [
            8.76837604739176,
            8.987132211523079
        ]
    }
}