{
    "combination": [
        0,
        1
    ],
    "permutation": [
        0,
        1
    ],
    "drums": {
        "SI-SDR": [
            5.904950623200693,
            4.962605610749047
        ],
        "SI-SIR": [
            10.70894403760402,
            9.238855680133383
        ],
        "SI-SAR": [
            7.649565102803955,
            6.993898024236661
        ],
        "SD-SDR": [
            0.3434554674641088,
            -0.32708889467561075
        ],
        "SNR": [
            5.5297551907772675,
            5.116039646816799
        ],
        "SRR": [
            1.7573355435456608,
            1.1960869168823185
        ],
        "SI-SDRi": [
            6.429691166980694,
            6.905990401866789
        ],
        "SD-SDRi": [
            0.8683229018300617,
            1.6162984331515564
        ],
        "SNRi": [
            6.104640692126857,
            7.067733788317296
        ],
        "MIX-SI-SDR": [
            -0.5247405437800008,
            -1.943384791117742
        ],
        "MIX-SD-SDR": [
            -0.5248674343659528,
            -1.9433873278271672
        ],
        "MIX-SNR": [
            -0.574885501349589,
            -1.9516941415004971
        ]
    },
    "bass+other+vocals": {
        "SI-SDR": [
            5.0564437981065495,
            6.1366683701725835
        ],
        "SI-SIR": [
            6.106502225106414,
            7.214512086300875
        ],
        "SI-SAR": [
            11.736607949832532,
            12.716735192687397
        ],
        "SD-SDR": [
            4.631490374694215,
            5.613289139395327
        ],
        "SNR": [
            6.062719449432513,
            7.025589385247669
        ],
        "SRR": [
            14.936664459757623,
            15.062029267163389
        ],
        "SI-SDRi": [
            4.437599219203432,
            4.1796709066468
        ],
        "SD-SDRi": [
            4.012772686377049,
            3.6562942125789624
        ],
        "SNRi": [
            5.487833948082924,
            5.073895243747172
        ],
        "MIX-SI-SDR": [
            0.6188445789031173,
            1.9569974635257839
        ],
        "MIX-SD-SDR": [
            0.6187176883171653,
            1.956994926816365
        ],
        "MIX-SNR": [
            0.5748855013495886,
            1.9516941415004971
        ]
    }
}