{
    "combination": [
        0,
        1
    ],
    "permutation": [
        0,
        1
    ],
    "drums": {
        "SI-SDR": [
            -1.6074659058716336,
            0.6627635445797174
        ],
        "SI-SIR": [
            2.1659206370141417,
            5.302902547330638
        ],
        "SI-SAR": [
            0.7540015913322231,
            2.4907268527967346
        ],
        "SD-SDR": [
            -9.804007858083438,
            -5.232056529845092
        ],
        "SNR": [
            1.900579383110339,
            2.9800074554496554
        ],
        "SRR": [
            -9.090645635557722,
            -3.9399197991229324
        ],
        "SI-SDRi": [
            6.819226151761068,
            6.937177113562545
        ],
        "SD-SDRi": [
            -1.3767819063461761,
            1.0423570474435122
        ],
        "SNRi": [
            10.07735514522072,
            9.253638840734538
        ],
        "MIX-SI-SDR": [
            -8.426692057632701,
            -6.274413568982828
        ],
        "MIX-SD-SDR": [
            -8.427225951737261,
            -6.2744135772886045
        ],
        "MIX-SNR": [
            -8.176775762110381,
            -6.273631385284882
        ]
    },
    "bass+other+vocals": {
        "SI-SDR": [
            9.56179718175492,
            8.645090117042457
        ],
        "SI-SIR": [
            10.066652708394244,
            9.599379509581926
        ],
        "SI-SAR": [
            19.157951848321513,
            15.69454342839614
        ],
        "SD-SDR": [
            9.241531283252659,
            8.231629702468087
        ],
        "SNR": [
            10.006053737158862,
            9.191233974210336
        ],
        "SRR": [
            20.723416340318515,
            18.650223681473694
        ],
        "SI-SDRi": [
            1.422135223980085,
            2.371643197505218
        ],
        "SD-SDRi": [
            1.1024032195823779,
            1.9581827912366236
        ],
        "SNRi": [
            1.8292779750484804,
            2.9176025889254538
        ],
        "MIX-SI-SDR": [
            8.139661957774836,
            6.273446919537239
        ],
        "MIX-SD-SDR": [
            8.139128063670281,
            6.2734469112314635
        ],
        "MIX-SNR": [
            8.176775762110381,
            6.273631385284882
        ]
    }
}