{
    "combination": [
        0,
        1
    ],
    "permutation": [
        0,
        1
    ],
    "vocals": {
        "SI-SDR": [
            1.2511469434442013,
            0.7322752968047057
        ],
        "SI-SIR": [
            5.596736513197231,
            4.471569890348439
        ],
        "SI-SAR": [
            3.2416093474960017,
            3.1185401238582755
        ],
        "SD-SDR": [
            -4.290906389516234,
            -4.346211519486244
        ],
        "SNR": [
            3.282418445734004,
            3.146870392948512
        ],
        "SRR": [
            -2.8695217903496477,
            -2.7311501589574476
        ],
        "SI-SDRi": [
            2.5427959306229253,
            1.6167947591307223
        ],
        "SD-SDRi": [
            -2.999230783276493,
            -3.461411110005746
        ],
        "SNRi": [
            4.599081745725597,
            4.10936855607559
        ],
        "MIX-SI-SDR": [
            -1.2916489871787238,
            -0.8845194623260167
        ],
        "MIX-SD-SDR": [
            -1.2916756062397412,
            -0.8848004094804977
        ],
        "MIX-SNR": [
            -1.3166632999915928,
            -0.9624981631270785
        ]
    },
    "bass+drums+other": {
        "SI-SDR": [
            3.175930198205465,
            2.4551236710926343
        ],
        "SI-SIR": [
            4.211490408833178,
            3.5079366170715347
        ],
        "SI-SAR": [
            9.909516161901749,
            9.125232043430707
        ],
        "SD-SDR": [
            2.6889177957054144,
            1.8474408237832511
        ],
        "SNR": [
            4.550237906747875,
            4.073488958356611
        ],
        "SRR": [
            12.432591595143814,
            10.68881326275267
        ],
        "SI-SDRi": [
            1.840780643958201,
            1.4300365470868321
        ],
        "SD-SDRi": [
            1.3537948605191685,
            0.8226346469319314
        ],
        "SNRi": [
            3.2335746067562816,
            3.110990795229533
        ],
        "MIX-SI-SDR": [
            1.335149554247264,
            1.0250871240058022
        ],
        "MIX-SD-SDR": [
            1.335122935186246,
            1.0248061768513197
        ],
        "MIX-SNR": [
            1.3166632999915937,
            0.9624981631270779
        ]
    }
}