{
    "combination": [
        0,
        1
    ],
    "permutation": [
        0,
        1
    ],
    "vocals": {
        "SI-SDR": [
            -0.19722364857672892,
            0.09960393973474624
        ],
        "SI-SIR": [
            0.13610858723425215,
            0.4250987854847804
        ],
        "SI-SAR": [
            11.11744647672463,
            11.513736899073695
        ],
        "SD-SDR": [
            -2.853978671583287,
            -2.625251322502737
        ],
        "SNR": [
            2.9002268444743806,
            3.0569186813873026
        ],
        "SRR": [
            0.5412182659748559,
            0.6905826155240952
        ],
        "SI-SDRi": [
            1.0944253386019949,
            0.9841234020607583
        ],
        "SD-SDRi": [
            -1.5623030653435457,
            -1.7404509130222432
        ],
        "SNRi": [
            4.216890144465974,
            4.019416844514381
        ],
        "MIX-SI-SDR": [
            -1.2916489871787238,
            -0.8845194623260121
        ],
        "MIX-SD-SDR": [
            -1.2916756062397412,
            -0.8848004094804939
        ],
        "MIX-SNR": [
            -1.3166632999915928,
            -0.9624981631270785
        ]
    },
    "bass+drums+other": {
        "SI-SDR": [
            2.235223792314444,
            1.863996170814988
        ],
        "SI-SIR": [
            2.616470953839195,
            2.2109020928604983
        ],
        "SI-SAR": [
            12.990229888882558,
            13.01202057836008
        ],
        "SD-SDR": [
            -0.8567762853517271,
            -1.103828045567889
        ],
        "SNR": [
            4.188874586065242,
            3.9966607499348115
        ],
        "SRR": [
            2.073332168358342,
            1.9493671876967833
        ],
        "SI-SDRi": [
            0.9000742380672015,
            0.838909046809214
        ],
        "SD-SDRi": [
            -2.191899220537952,
            -2.1286342224191803
        ],
        "SNRi": [
            2.872211286073648,
            3.0341625868077333
        ],
        "MIX-SI-SDR": [
            1.3351495542472422,
            1.025087124005774
        ],
        "MIX-SD-SDR": [
            1.335122935186225,
            1.0248061768512913
        ],
        "MIX-SNR": [
            1.316663299991594,
            0.9624981631270779
        ]
    }
}