{
    "combination": [
        0,
        1
    ],
    "permutation": [
        0,
        1
    ],
    "vocals": {
        "SI-SDR": [
            2.032336147791675,
            1.6796547144085516
        ],
        "SI-SIR": [
            6.351198900745181,
            4.911157158075085
        ],
        "SI-SAR": [
            4.038413914704278,
            4.479474913864132
        ],
        "SD-SDR": [
            -1.0312242505709124,
            -0.9309197358034469
        ],
        "SNR": [
            4.079445469467636,
            3.9208962341979055
        ],
        "SRR": [
            1.9264605275174094,
            2.5196607551252574
        ],
        "SI-SDRi": [
            3.3239851349706067,
            2.5641741767346447
        ],
        "SD-SDRi": [
            0.260451355669036,
            -0.04611932632287252
        ],
        "SNRi": [
            5.396108769459229,
            4.883394397324984
        ],
        "MIX-SI-SDR": [
            -1.2916489871789316,
            -0.884519462326093
        ],
        "MIX-SD-SDR": [
            -1.2916756062399484,
            -0.8848004094805744
        ],
        "MIX-SNR": [
            -1.3166632999915928,
            -0.9624981631270785
        ]
    },
    "bass+drums+other": {
        "SI-SDR": [
            3.9252012859185776,
            3.157860350689451
        ],
        "SI-SIR": [
            6.102536220677712,
            5.332054723187047
        ],
        "SI-SAR": [
            7.9670707400126375,
            7.204558828362972
        ],
        "SD-SDR": [
            3.0230835072557825,
            1.8451156138733973
        ],
        "SNR": [
            5.340547081612805,
            4.847956415243704
        ],
        "SRR": [
            10.291548056151711,
            7.681007299814331
        ],
        "SI-SDRi": [
            2.590051731670974,
            2.1327732266837716
        ],
        "SD-SDRi": [
            1.6879605720691953,
            0.8203094370222022
        ],
        "SNRi": [
            4.023883781621212,
            3.885458252116626
        ],
        "MIX-SI-SDR": [
            1.3351495542476037,
            1.0250871240056796
        ],
        "MIX-SD-SDR": [
            1.3351229351865872,
            1.0248061768511951
        ],
        "MIX-SNR": [
            1.316663299991594,
            0.9624981631270779
        ]
    }
}