{
    "combination": [
        0,
        1
    ],
    "permutation": [
        0,
        1
    ],
    "vocals": {
        "SI-SDR": [
            2.032461518119434,
            1.679672493100903
        ],
        "SI-SIR": [
            6.351325383471393,
            4.9113313539099765
        ],
        "SI-SAR": [
            4.03853863192887,
            4.479351080176422
        ],
        "SD-SDR": [
            -1.0309712218214413,
            -0.9309002789760621
        ],
        "SNR": [
            4.079530544764072,
            3.9209064923742964
        ],
        "SRR": [
            1.9268381437813107,
            2.519682248186949
        ],
        "SI-SDRi": [
            3.324110505298158,
            2.56419195542692
        ],
        "SD-SDRi": [
            0.2607043844182999,
            -0.04609986949556444
        ],
        "SNRi": [
            5.396193844755665,
            4.883404655501375
        ],
        "MIX-SI-SDR": [
            -1.2916489871787238,
            -0.8845194623260167
        ],
        "MIX-SD-SDR": [
            -1.2916756062397412,
            -0.8848004094804977
        ],
        "MIX-SNR": [
            -1.3166632999915928,
            -0.9624981631270785
        ]
    },
    "bass+drums+other": {
        "SI-SDR": [
            3.92530334978383,
            3.1578841467018766
        ],
        "SI-SIR": [
            6.102734729633752,
            5.332135787640371
        ],
        "SI-SAR": [
            7.967024647160102,
            7.204494487327512
        ],
        "SD-SDR": [
            3.0231562587783136,
            1.8451936783548044
        ],
        "SNR": [
            5.340632528413199,
            4.8479667183483866
        ],
        "SRR": [
            10.291493844610484,
            7.6812391346681705
        ],
        "SI-SDRi": [
            2.590153795536566,
            2.1327970226960744
        ],
        "SD-SDRi": [
            1.6880333235920677,
            0.8203875015034847
        ],
        "SNRi": [
            4.023969228421605,
            3.8854685552213084
        ],
        "MIX-SI-SDR": [
            1.335149554247264,
            1.0250871240058022
        ],
        "MIX-SD-SDR": [
            1.335122935186246,
            1.0248061768513197
        ],
        "MIX-SNR": [
            1.3166632999915937,
            0.9624981631270779
        ]
    }
}