{
    "combination": [
        0,
        1
    ],
    "permutation": [
        0,
        1
    ],
    "vocals": {
        "SI-SDR": [
            2.6203422483696026,
            2.0857976222755816
        ],
        "SI-SIR": [
            8.085028850092371,
            6.506957370796963
        ],
        "SI-SAR": [
            4.072057174199858,
            4.032919331831659
        ],
        "SD-SDR": [
            -0.18606003268816096,
            -0.5551675333027983
        ],
        "SNR": [
            4.447614612012275,
            4.153111885957824
        ],
        "SRR": [
            3.0381840350968234,
            2.85882047911465
        ],
        "SI-SDRi": [
            3.911991235548326,
            2.9703170846015983
        ],
        "SD-SDRi": [
            1.1056155735515802,
            0.3296328761776993
        ],
        "SNRi": [
            5.764277912003868,
            5.115610049084903
        ],
        "MIX-SI-SDR": [
            -1.2916489871787238,
            -0.8845194623260167
        ],
        "MIX-SD-SDR": [
            -1.2916756062397412,
            -0.8848004094804977
        ],
        "MIX-SNR": [
            -1.3166632999915928,
            -0.9624981631270785
        ]
    },
    "bass+drums+other": {
        "SI-SDR": [
            4.458886867370349,
            3.558298769985559
        ],
        "SI-SIR": [
            7.087459514769607,
            6.068233384214344
        ],
        "SI-SAR": [
            7.8877282062759875,
            7.134211785880705
        ],
        "SD-SDR": [
            3.7334089527400973,
            2.604399637953338
        ],
        "SNR": [
            5.707603707036359,
            5.075057858254022
        ],
        "SRR": [
            11.862700685279684,
            9.655441386067963
        ],
        "SI-SDRi": [
            3.1237373131230846,
            2.533211645979757
        ],
        "SD-SDRi": [
            2.3982860175538514,
            1.5795934611020184
        ],
        "SNRi": [
            4.3909404070447655,
            4.112559695126944
        ],
        "MIX-SI-SDR": [
            1.335149554247264,
            1.0250871240058022
        ],
        "MIX-SD-SDR": [
            1.335122935186246,
            1.0248061768513197
        ],
        "MIX-SNR": [
            1.3166632999915937,
            0.9624981631270779
        ]
    }
}