{
    "combination": [
        0,
        1
    ],
    "permutation": [
        0,
        1
    ],
    "bass": {
        "SI-SDR": [
            1.7398906932677427,
            1.3694518260249637
        ],
        "SI-SIR": [
            8.179269307519485,
            7.521431528740741
        ],
        "SI-SAR": [
            2.8582023041324423,
            2.5759145308676246
        ],
        "SD-SDR": [
            -0.152917498508935,
            -0.1627823370840642
        ],
        "SNR": [
            3.9561865657231694,
            3.67493705074609
        ],
        "SRR": [
            4.365944871116947,
            5.1054252855436175
        ],
        "SI-SDRi": [
            6.220288831998216,
            6.7960318367101955
        ],
        "SD-SDRi": [
            4.327496369029952,
            5.264002250599329
        ],
        "SNRi": [
            8.408956547961935,
            9.213790088614054
        ],
        "MIX-SI-SDR": [
            -4.480398138730473,
            -5.426580010685232
        ],
        "MIX-SD-SDR": [
            -4.480413867538887,
            -5.426784587683393
        ],
        "MIX-SNR": [
            -4.452769982238766,
            -5.5388530378679635
        ]
    },
    "drums+other+vocals": {
        "SI-SDR": [
            7.490291542069285,
            8.465224511607982
        ],
        "SI-SIR": [
            11.58103516560697,
            13.149623560392964
        ],
        "SI-SAR": [
            9.636104932184283,
            10.270203405520316
        ],
        "SD-SDR": [
            6.775826208926482,
            7.661215594094198
        ],
        "SNR": [
            8.202575707043051,
            9.026207247216755
        ],
        "SRR": [
            14.966194068493536,
            15.382254359246183
        ],
        "SI-SDRi": [
            3.0474113853805775,
            2.8947172112633135
        ],
        "SD-SDRi": [
            2.3329617810461896,
            2.0909128707476903
        ],
        "SNRi": [
            3.7498057248042844,
            3.4873542093487924
        ],
        "MIX-SI-SDR": [
            4.442880156688707,
            5.570507300344668
        ],
        "MIX-SD-SDR": [
            4.442864427880292,
            5.570302723346508
        ],
        "MIX-SNR": [
            4.452769982238767,
            5.538853037867963
        ]
    }
}