{
    "combination": [
        0,
        1
    ],
    "permutation": [
        0,
        1
    ],
    "vocals": {
        "SI-SDR": [
            -2.552373935184745,
            -2.169214699945552
        ],
        "SI-SIR": [
            -2.2860822514376493,
            -1.8794712452189573
        ],
        "SI-SAR": [
            9.704358674028517,
            9.732558392229421
        ],
        "SD-SDR": [
            -4.166445432218829,
            -3.9897413293687394
        ],
        "SNR": [
            1.4090577348503395,
            1.7048927030050982
        ],
        "SRR": [
            0.9142396349524453,
            0.6646432674630888
        ],
        "SI-SDRi": [
            -1.2607249480060212,
            -1.2846952376195353
        ],
        "SD-SDRi": [
            -2.874769825979088,
            -3.1049409198882416
        ],
        "SNRi": [
            2.725721034841932,
            2.667390866132177
        ],
        "MIX-SI-SDR": [
            -1.2916489871787238,
            -0.8845194623260167
        ],
        "MIX-SD-SDR": [
            -1.2916756062397412,
            -0.8848004094804977
        ],
        "MIX-SNR": [
            -1.3166632999915928,
            -0.9624981631270785
        ]
    },
    "bass+drums+other": {
        "SI-SDR": [
            -0.4686774197825336,
            -0.7029427575699154
        ],
        "SI-SIR": [
            0.0436214772889907,
            -0.21596850747510069
        ],
        "SI-SAR": [
            9.067563250549401,
            9.041052560425785
        ],
        "SD-SDR": [
            -5.098691267555005,
            -4.843843699175926
        ],
        "SNR": [
            2.7071756323271634,
            2.6484466638840356
        ],
        "SRR": [
            -3.265419654508961,
            -2.729780573775786
        ],
        "SI-SDRi": [
            -1.8038269740297976,
            -1.7280298815757176
        ],
        "SD-SDRi": [
            -6.433814202741251,
            -5.868649876027245
        ],
        "SNRi": [
            1.3905123323355697,
            1.6859485007569577
        ],
        "MIX-SI-SDR": [
            1.335149554247264,
            1.0250871240058022
        ],
        "MIX-SD-SDR": [
            1.335122935186246,
            1.0248061768513197
        ],
        "MIX-SNR": [
            1.3166632999915937,
            0.9624981631270779
        ]
    }
}