{
    "combination": [
        0,
        1
    ],
    "permutation": [
        0,
        1
    ],
    "drums": {
        "SI-SDR": [
            -5.408077069441058,
            -5.137584402161299
        ],
        "SI-SIR": [
            -1.5350917171601155,
            -1.2810084485200957
        ],
        "SI-SAR": [
            -3.1171696480376343,
            -2.8352408982644803
        ],
        "SD-SDR": [
            -7.448067840772643,
            -7.666492139138079
        ],
        "SNR": [
            0.3110146592448529,
            0.6528726082946537
        ],
        "SRR": [
            -3.1863646777133994,
            -4.114710451131481
        ],
        "SI-SDRi": [
            3.2411128047211566,
            3.4416298194450983
        ],
        "SD-SDRi": [
            1.2011335079655439,
            0.9134105413169795
        ],
        "SNRi": [
            8.998516770645026,
            9.531510239425097
        ],
        "MIX-SI-SDR": [
            -8.649189874162214,
            -8.579214221606398
        ],
        "MIX-SD-SDR": [
            -8.649201348738186,
            -8.579902680455058
        ],
        "MIX-SNR": [
            -8.687502111400173,
            -8.878637631130443
        ]
    },
    "bass+other+vocals": {
        "SI-SDR": [
            8.49267499788173,
            9.071575119212449
        ],
        "SI-SIR": [
            11.627138935385657,
            11.59370698188151
        ],
        "SI-SAR": [
            11.382262352927132,
            12.631947358424881
        ],
        "SD-SDR": [
            7.166427591866228,
            7.950167116840463
        ],
        "SNR": [
            8.92769209111654,
            9.468452600520033
        ],
        "SRR": [
            12.964286648962782,
            14.379019295694082
        ],
        "SI-SDRi": [
            -0.20002999762409068,
            0.15299084332352386
        ],
        "SD-SDRi": [
            -1.5262659290636211,
            -0.9677287001998014
        ],
        "SNRi": [
            0.24018997971636935,
            0.5898149693895895
        ],
        "MIX-SI-SDR": [
            8.69270499550582,
            8.918584275888925
        ],
        "MIX-SD-SDR": [
            8.692693520929849,
            8.917895817040264
        ],
        "MIX-SNR": [
            8.687502111400171,
            8.878637631130443
        ]
    }
}