{
    "combination": [
        0,
        1
    ],
    "permutation": [
        0,
        1
    ],
    "vocals": {
        "SI-SDR": [
            2.3967914350543458,
            1.782738816826248
        ],
        "SI-SIR": [
            8.356115423268323,
            6.728870297530069
        ],
        "SI-SAR": [
            3.6667977518222568,
            3.4587648363064956
        ],
        "SD-SDR": [
            -0.7439577820403382,
            -1.1806219778810672
        ],
        "SNR": [
            4.272514684071577,
            3.95202347975963
        ],
        "SRR": [
            2.1396972325614163,
            1.8771300140481255
        ],
        "SI-SDRi": [
            3.68844042223307,
            2.6672582791522648
        ],
        "SD-SDRi": [
            0.547717824199403,
            -0.2958215684005695
        ],
        "SNRi": [
            5.58917798406317,
            4.914521642886708
        ],
        "MIX-SI-SDR": [
            -1.2916489871787238,
            -0.8845194623260167
        ],
        "MIX-SD-SDR": [
            -1.2916756062397412,
            -0.8848004094804977
        ],
        "MIX-SNR": [
            -1.3166632999915928,
            -0.9624981631270785
        ]
    },
    "bass+drums+other": {
        "SI-SDR": [
            4.302618313878664,
            3.371480123710169
        ],
        "SI-SIR": [
            6.724647815132788,
            5.717040511430814
        ],
        "SI-SAR": [
            7.993545852254583,
            7.166981519060794
        ],
        "SD-SDR": [
            3.710889167397002,
            2.6039364046141205
        ],
        "SNR": [
            5.528804383653405,
            4.870993091175942
        ],
        "SRR": [
            12.660008444842726,
            10.508869514928978
        ],
        "SI-SDRi": [
            2.9674687596314,
            2.3463929997043667
        ],
        "SD-SDRi": [
            2.375766232210756,
            1.5791302277628008
        ],
        "SNRi": [
            4.212141083661812,
            3.9084949280488637
        ],
        "MIX-SI-SDR": [
            1.335149554247264,
            1.0250871240058022
        ],
        "MIX-SD-SDR": [
            1.335122935186246,
            1.0248061768513197
        ],
        "MIX-SNR": [
            1.3166632999915937,
            0.9624981631270779
        ]
    }
}