{
    "combination": [
        0,
        1
    ],
    "permutation": [
        0,
        1
    ],
    "vocals": {
        "SI-SDR": [
            4.3581416883951425,
            6.002975678359489
        ],
        "SI-SIR": [
            15.358705773097794,
            13.891064727243268
        ],
        "SI-SAR": [
            4.717538161170533,
            6.77378312223494
        ],
        "SD-SDR": [
            0.24127106885229832,
            2.4447050996285595
        ],
        "SNR": [
            5.157251583889004,
            6.331577346016282
        ],
        "SRR": [
            2.3704710091745413,
            4.968492451602826
        ],
        "SI-SDRi": [
            8.771340831309452,
            9.193663456504924
        ],
        "SD-SDRi": [
            4.654503684536181,
            5.635395015087836
        ],
        "SNRi": [
            9.530496291230298,
            9.513473576935073
        ],
        "MIX-SI-SDR": [
            -4.4131991429143085,
            -3.1906877781454352
        ],
        "MIX-SD-SDR": [
            -4.413232615683882,
            -3.1906899154592767
        ],
        "MIX-SNR": [
            -4.373244707341294,
            -3.1818962309187926
        ]
    },
    "bass+drums+other": {
        "SI-SDR": [
            9.013968422565268,
            8.894569351336104
        ],
        "SI-SIR": [
            11.180814940467583,
            11.256798263239197
        ],
        "SI-SAR": [
            13.071999901457472,
            12.666902181060687
        ],
        "SD-SDR": [
            8.855955921169487,
            8.543517055910641
        ],
        "SNR": [
            9.428921926295837,
            9.404534174271921
        ],
        "SRR": [
            23.325651260663673,
            19.64198585447544
        ],
        "SI-SDRi": [
            4.65527736159268,
            5.716896375688101
        ],
        "SD-SDRi": [
            4.497298332966476,
            5.3658462175764745
        ],
        "SNRi": [
            5.055677218954544,
            6.22263794335313
        ],
        "MIX-SI-SDR": [
            4.358691060972588,
            3.177672975648003
        ],
        "MIX-SD-SDR": [
            4.358657588203011,
            3.1776708383341665
        ],
        "MIX-SNR": [
            4.373244707341294,
            3.181896230918792
        ]
    }
}