{
    "combination": [
        0,
        1
    ],
    "permutation": [
        0,
        1
    ],
    "bass": {
        "SI-SDR": [
            -3.386037108914728,
            -2.3160086016863994
        ],
        "SI-SIR": [
            -1.2402825828077797,
            0.37248282946541866
        ],
        "SI-SAR": [
            0.7047986338760963,
            1.0418677250422599
        ],
        "SD-SDR": [
            -3.791317908381818,
            -2.6794381686708872
        ],
        "SNR": [
            -0.49327699927804974,
            0.15404559258466596
        ],
        "SRR": [
            6.710029571315507,
            8.274650035937988
        ],
        "SI-SDRi": [
            2.505314624071673,
            3.2908932100029613
        ],
        "SD-SDRi": [
            2.106173035436216,
            2.927816053260935
        ],
        "SNRi": [
            4.783227168642166,
            5.613356116161406
        ],
        "MIX-SI-SDR": [
            -5.891351732986401,
            -5.606901811689361
        ],
        "MIX-SD-SDR": [
            -5.897490943818034,
            -5.607254221931822
        ],
        "MIX-SNR": [
            -5.276504167920216,
            -5.4593105235767405
        ]
    },
    "drums+other+vocals": {
        "SI-SDR": [
            3.373916786442278,
            4.479507954632359
        ],
        "SI-SIR": [
            11.22947767565271,
            12.812117665460669
        ],
        "SI-SAR": [
            4.1510698786378395,
            5.169021808931012
        ],
        "SD-SDR": [
            -0.33343489820497574,
            1.4595005006226947
        ],
        "SNR": [
            4.710876698632905,
            5.533230019521762
        ],
        "SRR": [
            2.0763720823180116,
            4.460114610035449
        ],
        "SI-SDRi": [
            -1.7290531669688676,
            -0.9383221268443549
        ],
        "SD-SDRi": [
            -5.4302656407844925,
            -3.957977170611562
        ],
        "SNRi": [
            -0.5656274692873104,
            0.07391949594502112
        ],
        "MIX-SI-SDR": [
            5.1029699534111455,
            5.417830081476714
        ],
        "MIX-SD-SDR": [
            5.096830742579517,
            5.4174776712342565
        ],
        "MIX-SNR": [
            5.276504167920216,
            5.4593105235767405
        ]
    }
}