{
    "combination": [
        0,
        1
    ],
    "permutation": [
        0,
        1
    ],
    "drums": {
        "SI-SDR": [
            -1.3106571440526216,
            -0.8577955797355159
        ],
        "SI-SIR": [
            1.6746177686379469,
            2.4527305945197546
        ],
        "SI-SAR": [
            1.7248128927139086,
            1.871697471674062
        ],
        "SD-SDR": [
            -7.4281977485831145,
            -7.029354183564994
        ],
        "SNR": [
            2.241387629417359,
            2.3859026326345174
        ],
        "SRR": [
            -6.210648980572314,
            -5.829142420463338
        ],
        "SI-SDRi": [
            1.0036985444292539,
            1.6805840486207946
        ],
        "SD-SDRi": [
            -5.11353361265461,
            -4.490956768624294
        ],
        "SNRi": [
            4.461021854267576,
            4.947876428086365
        ],
        "MIX-SI-SDR": [
            -2.3143556884818755,
            -2.5383796283563105
        ],
        "MIX-SD-SDR": [
            -2.314664135928505,
            -2.5383974149407
        ],
        "MIX-SNR": [
            -2.219634224850217,
            -2.5619737954518476
        ]
    },
    "bass+other+vocals": {
        "SI-SDR": [
            2.958463798265456,
            3.661955693745169
        ],
        "SI-SIR": [
            3.6309464120735555,
            4.360456673176659
        ],
        "SI-SAR": [
            11.391399708543164,
            11.94269911265832
        ],
        "SD-SDR": [
            2.334924638563502,
            3.1245240055057417
        ],
        "SNR": [
            4.475772672142541,
            4.979587047791535
        ],
        "SRR": [
            11.07217044004971,
            12.465079525117703
        ],
        "SI-SDRi": [
            0.7953991490685852,
            1.0868860824778745
        ],
        "SD-SDRi": [
            0.17216843681326255,
            0.5494721808228342
        ],
        "SNRi": [
            2.256138447292323,
            2.4176132523396885
        ],
        "MIX-SI-SDR": [
            2.163064649196871,
            2.5750696112672946
        ],
        "MIX-SD-SDR": [
            2.1627562017502395,
            2.5750518246829075
        ],
        "MIX-SNR": [
            2.2196342248502177,
            2.5619737954518462
        ]
    }
}