{
    "combination": [
        0,
        1
    ],
    "permutation": [
        0,
        1
    ],
    "vocals": {
        "SI-SDR": [
            -6.212255387212419,
            -5.217024579634755
        ],
        "SI-SIR": [
            -6.084054086410155,
            -5.079315297725752
        ],
        "SI-SAR": [
            9.150606374730065,
            9.839859098232997
        ],
        "SD-SDR": [
            -7.202516234758398,
            -6.363832293298341
        ],
        "SNR": [
            -1.0324302878261034,
            -0.3331756084002288
        ],
        "SRR": [
            -0.29644284747969896,
            -0.020101912683856256
        ],
        "SI-SDRi": [
            -1.7990562442981108,
            -2.0263368014893195
        ],
        "SD-SDRi": [
            -2.7892836190745154,
            -3.173142377839064
        ],
        "SNRi": [
            3.3408144195151905,
            2.848720622518564
        ],
        "MIX-SI-SDR": [
            -4.4131991429143085,
            -3.1906877781454352
        ],
        "MIX-SD-SDR": [
            -4.413232615683882,
            -3.1906899154592767
        ],
        "MIX-SNR": [
            -4.373244707341294,
            -3.1818962309187926
        ]
    },
    "bass+drums+other": {
        "SI-SDR": [
            1.878647044835933,
            0.30744713766354614
        ],
        "SI-SIR": [
            2.326536902493689,
            0.711328945624028
        ],
        "SI-SAR": [
            11.96679834799378,
            10.823123355209546
        ],
        "SD-SDR": [
            -4.731336874945163,
            -5.727994455638841
        ],
        "SNR": [
            3.3117690398451822,
            2.8205144809350364
        ],
        "SRR": [
            -3.661883556759328,
            -4.483543066411192
        ],
        "SI-SDRi": [
            -2.480044016136655,
            -2.870225837984457
        ],
        "SD-SDRi": [
            -9.089994463148173,
            -8.905665293973009
        ],
        "SNRi": [
            -1.0614756674961114,
            -0.3613817499837557
        ],
        "MIX-SI-SDR": [
            4.358691060972588,
            3.177672975648003
        ],
        "MIX-SD-SDR": [
            4.358657588203011,
            3.1776708383341665
        ],
        "MIX-SNR": [
            4.373244707341294,
            3.181896230918792
        ]
    }
}