{
    "combination": [
        0,
        1
    ],
    "permutation": [
        0,
        1
    ],
    "vocals": {
        "SI-SDR": [
            4.507497520077987,
            5.816368392240391
        ],
        "SI-SIR": [
            14.934121328902656,
            14.397695294186434
        ],
        "SI-SAR": [
            4.9201567151839445,
            6.464487206129629
        ],
        "SD-SDR": [
            -0.13956101593431836,
            1.5130399214537995
        ],
        "SNR": [
            5.0794316334637735,
            5.947439951572666
        ],
        "SRR": [
            1.6847854260646642,
            3.5282640184937226
        ],
        "SI-SDRi": [
            8.920696662992295,
            9.007056170385827
        ],
        "SD-SDRi": [
            4.273671599749564,
            4.703729836913077
        ],
        "SNRi": [
            9.452676340805066,
            9.129336182491459
        ],
        "MIX-SI-SDR": [
            -4.4131991429143085,
            -3.1906877781454352
        ],
        "MIX-SD-SDR": [
            -4.413232615683882,
            -3.1906899154592767
        ],
        "MIX-SNR": [
            -4.373244707341294,
            -3.1818962309187926
        ]
    },
    "bass+drums+other": {
        "SI-SDR": [
            8.933519255292282,
            8.520562249999479
        ],
        "SI-SIR": [
            10.78617549638725,
            10.453386765606314
        ],
        "SI-SAR": [
            13.52686166318441,
            12.967110582493556
        ],
        "SD-SDR": [
            8.77394532209874,
            8.267238277140985
        ],
        "SNR": [
            9.354876266337474,
            9.030838784524216
        ],
        "SRR": [
            23.201711604664176,
            20.734364807097613
        ],
        "SI-SDRi": [
            4.574828194319694,
            5.342889274351476
        ],
        "SD-SDRi": [
            4.415287733895729,
            5.089567438806818
        ],
        "SNRi": [
            4.98163155899618,
            5.848942553605424
        ],
        "MIX-SI-SDR": [
            4.358691060972588,
            3.177672975648003
        ],
        "MIX-SD-SDR": [
            4.358657588203011,
            3.1776708383341665
        ],
        "MIX-SNR": [
            4.373244707341294,
            3.181896230918792
        ]
    }
}