{
    "combination": [
        0,
        1
    ],
    "permutation": [
        0,
        1
    ],
    "vocals": {
        "SI-SDR": [
            4.612453214893685,
            6.1851438255512114
        ],
        "SI-SIR": [
            12.861429534714484,
            14.378110243864397
        ],
        "SI-SAR": [
            5.316521190937296,
            6.899144655034352
        ],
        "SD-SDR": [
            -2.771696887318991,
            -1.7897495090652225
        ],
        "SNR": [
            4.24845385820659,
            4.764075838467283
        ],
        "SRR": [
            -1.8958550662930613,
            -1.0356009839382498
        ],
        "SI-SDRi": [
            9.025652357807994,
            9.375831603696646
        ],
        "SD-SDRi": [
            1.6415357283648913,
            1.4009404063940543
        ],
        "SNRi": [
            8.621698565547884,
            7.945972069386076
        ],
        "MIX-SI-SDR": [
            -4.4131991429143085,
            -3.1906877781454352
        ],
        "MIX-SD-SDR": [
            -4.413232615683882,
            -3.1906899154592767
        ],
        "MIX-SNR": [
            -4.373244707341294,
            -3.1818962309187926
        ]
    },
    "bass+drums+other": {
        "SI-SDR": [
            8.081787404019781,
            7.380430195503579
        ],
        "SI-SIR": [
            8.970943666730202,
            8.150290015884622
        ],
        "SI-SAR": [
            15.406845290451193,
            15.273401893009188
        ],
        "SD-SDR": [
            7.941227897018903,
            7.2588727245431075
        ],
        "SNR": [
            8.541292997456848,
            7.863024636284379
        ],
        "SRR": [
            22.910558962262787,
            22.849536250613085
        ],
        "SI-SDRi": [
            3.7230963430471933,
            4.202757219855576
        ],
        "SD-SDRi": [
            3.5825703088158924,
            4.081201886208941
        ],
        "SNRi": [
            4.168048290115554,
            4.6811284053655875
        ],
        "MIX-SI-SDR": [
            4.358691060972588,
            3.177672975648003
        ],
        "MIX-SD-SDR": [
            4.358657588203011,
            3.1776708383341665
        ],
        "MIX-SNR": [
            4.373244707341294,
            3.181896230918792
        ]
    }
}