{
    "combination": [
        0,
        1
    ],
    "permutation": [
        0,
        1
    ],
    "vocals": {
        "SI-SDR": [
            4.56631413565717,
            6.237484660821861
        ],
        "SI-SIR": [
            14.412931047672037,
            14.624785699325425
        ],
        "SI-SAR": [
            5.0412708711315,
            6.917657156775943
        ],
        "SD-SDR": [
            -0.9148956225342095,
            0.3479722695055365
        ],
        "SNR": [
            4.8446112238865435,
            5.586338221402198
        ],
        "SRR": [
            0.530278322682532,
            1.6419497472076807
        ],
        "SI-SDRi": [
            8.979513278571478,
            9.428172438967296
        ],
        "SD-SDRi": [
            3.498336993149673,
            3.538662184964813
        ],
        "SNRi": [
            9.217855931227838,
            8.768234452320991
        ],
        "MIX-SI-SDR": [
            -4.4131991429143085,
            -3.1906877781454352
        ],
        "MIX-SD-SDR": [
            -4.413232615683882,
            -3.1906899154592767
        ],
        "MIX-SNR": [
            -4.373244707341294,
            -3.1818962309187926
        ]
    },
    "bass+drums+other": {
        "SI-SDR": [
            8.69206970611468,
            8.177076249558512
        ],
        "SI-SIR": [
            10.166706125840108,
            9.445886883154166
        ],
        "SI-SAR": [
            14.099538595564418,
            14.139922192389342
        ],
        "SD-SDR": [
            8.541351990304413,
            7.991771275187891
        ],
        "SNR": [
            9.121572918390722,
            8.671833264907601
        ],
        "SRR": [
            23.21269298950574,
            21.783066660858765
        ],
        "SI-SDRi": [
            4.3333786451420915,
            4.999403273910509
        ],
        "SD-SDRi": [
            4.1826944021014025,
            4.814100436853725
        ],
        "SNRi": [
            4.7483282110494285,
            5.489937033988809
        ],
        "MIX-SI-SDR": [
            4.358691060972588,
            3.177672975648003
        ],
        "MIX-SD-SDR": [
            4.358657588203011,
            3.1776708383341665
        ],
        "MIX-SNR": [
            4.373244707341294,
            3.181896230918792
        ]
    }
}