{
    "combination": [
        0,
        1
    ],
    "permutation": [
        0,
        1
    ],
    "vocals": {
        "SI-SDR": [
            -1.278791756201552,
            -0.08433738005423455
        ],
        "SI-SIR": [
            -0.9645777111314808,
            0.23209411752202175
        ],
        "SI-SAR": [
            10.282955253346419,
            11.44796381087116
        ],
        "SD-SDR": [
            -3.4427108990605912,
            -2.6088712340337903
        ],
        "SNR": [
            2.273492492438959,
            2.9504418621064223
        ],
        "SRR": [
            0.6198492391662441,
            0.9484522473479684
        ],
        "SI-SDRi": [
            3.134407386712751,
            3.106350398091196
        ],
        "SD-SDRi": [
            0.9705217166232867,
            0.5818186814254815
        ],
        "SNRi": [
            6.646737199780253,
            6.132338093025215
        ],
        "MIX-SI-SDR": [
            -4.413199142914303,
            -3.1906877781454304
        ],
        "MIX-SD-SDR": [
            -4.413232615683878,
            -3.190689915459272
        ],
        "MIX-SNR": [
            -4.373244707341294,
            -3.1818962309187926
        ]
    },
    "bass+drums+other": {
        "SI-SDR": [
            6.5200252579322235,
            5.4636773076300225
        ],
        "SI-SIR": [
            7.007690455535314,
            5.868859945170854
        ],
        "SI-SAR": [
            16.258201933756173,
            15.966028489421776
        ],
        "SD-SDR": [
            2.7896934514410208,
            2.1982508212539047
        ],
        "SNR": [
            6.599952618580357,
            6.085450923926063
        ],
        "SRR": [
            5.182533600752132,
            4.967583716665068
        ],
        "SI-SDRi": [
            2.1613341969596576,
            2.286004331981995
        ],
        "SD-SDRi": [
            -1.5689641367619678,
            -0.9794200170802863
        ],
        "SNRi": [
            2.226707911239063,
            2.9035546930072704
        ],
        "MIX-SI-SDR": [
            4.358691060972566,
            3.1776729756480275
        ],
        "MIX-SD-SDR": [
            4.3586575882029885,
            3.177670838334191
        ],
        "MIX-SNR": [
            4.373244707341294,
            3.181896230918792
        ]
    }
}