{
    "combination": [
        0,
        1
    ],
    "permutation": [
        0,
        1
    ],
    "vocals": {
        "SI-SDR": [
            4.566435884912315,
            6.237709949414424
        ],
        "SI-SIR": [
            14.41321764452439,
            14.625153652306437
        ],
        "SI-SAR": [
            5.041373569841455,
            6.917858257679152
        ],
        "SD-SDR": [
            -0.9150426089791273,
            0.34789899252143464
        ],
        "SNR": [
            4.84458691855609,
            5.586345060604834
        ],
        "SRR": [
            0.5300252392530004,
            1.6417728448441347
        ],
        "SI-SDRi": [
            8.979635027826625,
            9.428397727560057
        ],
        "SD-SDRi": [
            3.498190006704755,
            3.538588907980909
        ],
        "SNRi": [
            9.217831625897384,
            8.768241291523626
        ],
        "MIX-SI-SDR": [
            -4.4131991429143085,
            -3.190687778145633
        ],
        "MIX-SD-SDR": [
            -4.413232615683882,
            -3.1906899154594743
        ],
        "MIX-SNR": [
            -4.373244707341294,
            -3.1818962309187926
        ]
    },
    "bass+drums+other": {
        "SI-SDR": [
            8.692056939656627,
            8.177097688785107
        ],
        "SI-SIR": [
            10.166600038802414,
            9.445823415957765
        ],
        "SI-SAR": [
            14.099756650937334,
            14.140193873979454
        ],
        "SD-SDR": [
            8.541353284071347,
            7.991810733948297
        ],
        "SNR": [
            9.12154839972079,
            8.671838620862136
        ],
        "SRR": [
            23.213092459390275,
            21.783519513613673
        ],
        "SI-SDRi": [
            4.333365878684085,
            4.999424713137226
        ],
        "SD-SDRi": [
            4.182695695868384,
            4.814139895614255
        ],
        "SNRi": [
            4.748303692379497,
            5.489942389943344
        ],
        "MIX-SI-SDR": [
            4.358691060972542,
            3.177672975647881
        ],
        "MIX-SD-SDR": [
            4.358657588202963,
            3.177670838334042
        ],
        "MIX-SNR": [
            4.373244707341294,
            3.181896230918792
        ]
    }
}