{
    "combination": [
        0,
        1
    ],
    "permutation": [
        0,
        1
    ],
    "drums": {
        "SI-SDR": [
            -2.645362027801675,
            -1.1420842465223675
        ],
        "SI-SIR": [
            0.4316896996907455,
            2.5973792387995247
        ],
        "SI-SAR": [
            0.2991966320412686,
            1.244056902972785
        ],
        "SD-SDR": [
            -6.892265297748332,
            -4.707297322901026
        ],
        "SNR": [
            1.8833300365256163,
            2.476564182225097
        ],
        "SRR": [
            -4.843376937269861,
            -2.1889731715756113
        ],
        "SI-SDRi": [
            3.3330320108452796,
            6.08567641880516
        ],
        "SD-SDRi": [
            -0.9137129849265335,
            2.5206021356104005
        ],
        "SNRi": [
            7.966878432227913,
            9.818052134696305
        ],
        "MIX-SI-SDR": [
            -5.978394038646955,
            -7.227760665327527
        ],
        "MIX-SD-SDR": [
            -5.978552312821798,
            -7.227899458511427
        ],
        "MIX-SNR": [
            -6.083548395702297,
            -7.341487952471209
        ]
    },
    "bass+other+vocals": {
        "SI-SDR": [
            7.161725889559575,
            9.354881951852295
        ],
        "SI-SIR": [
            8.385138734525112,
            11.054154016507532
        ],
        "SI-SAR": [
            13.261194679190657,
            14.252063954305198
        ],
        "SD-SDR": [
            6.271827077862327,
            8.44849424959847
        ],
        "SNR": [
            7.920950642147151,
            9.768203655187099
        ],
        "SRR": [
            13.593618222581707,
            15.698512100378803
        ],
        "SI-SDRi": [
            1.0520298403964858,
            1.9921931050426682
        ],
        "SD-SDRi": [
            0.16228930287408083,
            1.085944195972746
        ],
        "SNRi": [
            1.8374022464448538,
            2.4267157027158888
        ],
        "MIX-SI-SDR": [
            6.109696049163089,
            7.362688846809627
        ],
        "MIX-SD-SDR": [
            6.1095377749882465,
            7.362550053625724
        ],
        "MIX-SNR": [
            6.083548395702297,
            7.34148795247121
        ]
    }
}