{
    "combination": [
        0,
        1
    ],
    "permutation": [
        0,
        1
    ],
    "vocals": {
        "SI-SDR": [
            4.898317943538688,
            1.8194142601625622
        ],
        "SI-SIR": [
            10.174230602005581,
            4.606251442295366
        ],
        "SI-SAR": [
            6.427296519443901,
            5.065301782088926
        ],
        "SD-SDR": [
            1.3494150227299375,
            0.09125658804926529
        ],
        "SNR": [
            5.6446538783028295,
            3.9924951419786514
        ],
        "SRR": [
            3.880598783998264,
            4.928729542597019
        ],
        "SI-SDRi": [
            6.915079570094253,
            4.199345597584639
        ],
        "SD-SDRi": [
            3.366189714023806,
            2.4716220175363355
        ],
        "SNRi": [
            7.642446817967468,
            6.259390675007252
        ],
        "MIX-SI-SDR": [
            -2.016761626555565,
            -2.379931337422077
        ],
        "MIX-SD-SDR": [
            -2.0167746912938687,
            -2.38036542948707
        ],
        "MIX-SNR": [
            -1.997792939664638,
            -2.2668955330286
        ]
    },
    "bass+drums+other": {
        "SI-SDR": [
            6.776185831684474,
            5.16613860590188
        ],
        "SI-SIR": [
            8.773336619450124,
            8.219790076239185
        ],
        "SI-SAR": [
            11.11029583683698,
            8.133515512608389
        ],
        "SD-SDR": [
            6.138032472412082,
            3.186747167483538
        ],
        "SNR": [
            7.592967370896307,
            6.227657660589431
        ],
        "SRR": [
            14.78179527017865,
            7.551444371349245
        ],
        "SI-SDRi": [
            4.790357762201845,
            2.9659572885715213
        ],
        "SD-SDRi": [
            4.152217467667755,
            0.986999942218171
        ],
        "SNRi": [
            5.595174431231669,
            3.9607621275608316
        ],
        "MIX-SI-SDR": [
            1.9858280694826287,
            2.2001813173303586
        ],
        "MIX-SD-SDR": [
            1.9858150047443273,
            2.199747225265367
        ],
        "MIX-SNR": [
            1.997792939664638,
            2.2668955330285994
        ]
    }
}