{
    "combination": [
        0,
        1
    ],
    "permutation": [
        0,
        1
    ],
    "vocals": {
        "SI-SDR": [
            -4.004881540299698,
            -4.792772817106487
        ],
        "SI-SIR": [
            -3.7894270233588556,
            -4.549047067676427
        ],
        "SI-SAR": [
            9.146687441992734,
            7.837349129536031
        ],
        "SD-SDR": [
            -5.751818675968674,
            -6.682378075246376
        ],
        "SNR": [
            0.7580914902199077,
            0.48387047088445956
        ],
        "SRR": [
            -0.9525195733848578,
            -2.1576461265078315
        ],
        "SI-SDRi": [
            -1.9881199137440597,
            -2.4128414796840434
        ],
        "SD-SDRi": [
            -3.735043984674734,
            -4.302012645758939
        ],
        "SNRi": [
            2.7558844298845457,
            2.7507660039130593
        ],
        "MIX-SI-SDR": [
            -2.016761626555638,
            -2.3799313374224433
        ],
        "MIX-SD-SDR": [
            -2.01677469129394,
            -2.3803654294874375
        ],
        "MIX-SNR": [
            -1.997792939664638,
            -2.2668955330286
        ]
    },
    "bass+drums+other": {
        "SI-SDR": [
            -0.42918757556568815,
            -0.4678185376050582
        ],
        "SI-SIR": [
            -0.030148600686910845,
            -0.04642265855071623
        ],
        "SI-SAR": [
            10.136494281811503,
            9.872116138295057
        ],
        "SD-SDR": [
            -4.903402118239357,
            -4.746203112886505
        ],
        "SNR": [
            2.7378908849508443,
            2.7382314842058597
        ],
        "SRR": [
            -2.9860096264319917,
            -2.7161831216346006
        ],
        "SI-SDRi": [
            -2.4150156450482445,
            -2.6679998549355655
        ],
        "SD-SDRi": [
            -6.889217122983611,
            -6.945950338152021
        ],
        "SNRi": [
            0.7400979452862064,
            0.47133595117726035
        ],
        "MIX-SI-SDR": [
            1.9858280694825563,
            2.2001813173305074
        ],
        "MIX-SD-SDR": [
            1.9858150047442549,
            2.199747225265516
        ],
        "MIX-SNR": [
            1.997792939664638,
            2.2668955330285994
        ]
    }
}