{
    "combination": [
        0,
        1
    ],
    "permutation": [
        0,
        1
    ],
    "vocals": {
        "SI-SDR": [
            4.842601038595745,
            1.7442060209146601
        ],
        "SI-SIR": [
            13.26404801791109,
            5.682891480657533
        ],
        "SI-SAR": [
            5.517010756679687,
            3.9900502127807624
        ],
        "SD-SDR": [
            0.9939131017777694,
            0.01214470959343883
        ],
        "SNR": [
            5.519576178706805,
            3.9449951062001256
        ],
        "SRR": [
            3.3017801162518334,
            4.841641259986854
        ],
        "SI-SDRi": [
            6.859362665151384,
            4.124137358337103
        ],
        "SD-SDRi": [
            3.0106877930717095,
            2.3925101390808763
        ],
        "SNRi": [
            7.517369118371443,
            6.211890639228725
        ],
        "MIX-SI-SDR": [
            -2.016761626555638,
            -2.3799313374224433
        ],
        "MIX-SD-SDR": [
            -2.01677469129394,
            -2.3803654294874375
        ],
        "MIX-SNR": [
            -1.997792939664638,
            -2.2668955330286
        ]
    },
    "bass+drums+other": {
        "SI-SDR": [
            6.778349210003522,
            4.997148154143846
        ],
        "SI-SIR": [
            8.897001432309315,
            8.56906402321503
        ],
        "SI-SAR": [
            10.911941855933875,
            7.510212510901417
        ],
        "SD-SDR": [
            6.493790089551631,
            3.5570907678655352
        ],
        "SNR": [
            7.4722705085083385,
            6.181278044117951
        ],
        "SRR": [
            18.471410820454913,
            9.051286860117122
        ],
        "SI-SDRi": [
            4.792521140520965,
            2.796966836813339
        ],
        "SD-SDRi": [
            4.507975084807375,
            1.3573435426000193
        ],
        "SNRi": [
            5.4744775688437,
            3.9143825110893515
        ],
        "MIX-SI-SDR": [
            1.9858280694825563,
            2.2001813173305074
        ],
        "MIX-SD-SDR": [
            1.9858150047442549,
            2.199747225265516
        ],
        "MIX-SNR": [
            1.997792939664638,
            2.2668955330285994
        ]
    }
}