{
    "combination": [
        0,
        1
    ],
    "permutation": [
        0,
        1
    ],
    "bass": {
        "SI-SDR": [
            -3.954949317852141,
            -3.652182598949792
        ],
        "SI-SIR": [
            -0.7540988064029568,
            0.6031372639599284
        ],
        "SI-SAR": [
            -1.127189571516026,
            -1.6083601867323305
        ],
        "SD-SDR": [
            -4.245442817090078,
            -3.958745314702291
        ],
        "SNR": [
            -1.2322008862519769,
            -0.963284981232687
        ],
        "SRR": [
            7.645473282613228,
            7.706284185890477
        ],
        "SI-SDRi": [
            4.681890526166472,
            6.229336985764166
        ],
        "SD-SDRi": [
            4.39235639930644,
            5.922845375138456
        ],
        "SNRi": [
            7.063461184046421,
            8.80935657265175
        ],
        "MIX-SI-SDR": [
            -8.636839844018613,
            -9.881519584713958
        ],
        "MIX-SD-SDR": [
            -8.637799216396518,
            -9.881590689840747
        ],
        "MIX-SNR": [
            -8.295662070298398,
            -9.772641553884437
        ]
    },
    "drums+other+vocals": {
        "SI-SDR": [
            6.5165482509769515,
            8.49329718431028
        ],
        "SI-SIR": [
            16.339009324489503,
            18.587550285505014
        ],
        "SI-SAR": [
            6.994305285797063,
            8.940524682861447
        ],
        "SD-SDR": [
            3.8887809972178022,
            6.594151361708111
        ],
        "SNR": [
            6.999123920666731,
            8.728614865095102
        ],
        "SRR": [
            7.318590889951896,
            11.101435653103257
        ],
        "SI-SDRi": [
            -1.7302589607843437,
            -1.2679992073952544
        ],
        "SD-SDRi": [
            -4.35706684216559,
            -3.167073924870632
        ],
        "SNRi": [
            -1.296538149631667,
            -1.0440266887893355
        ],
        "MIX-SI-SDR": [
            8.246807211761295,
            9.761296391705534
        ],
        "MIX-SD-SDR": [
            8.245847839383392,
            9.761225286578743
        ],
        "MIX-SNR": [
            8.295662070298398,
            9.772641553884437
        ]
    }
}