{
    "combination": [
        0,
        1
    ],
    "permutation": [
        0,
        1
    ],
    "vocals": {
        "SI-SDR": [
            4.898334664547901,
            1.8196613549935527
        ],
        "SI-SIR": [
            10.174751585310451,
            4.606879585307558
        ],
        "SI-SAR": [
            6.427100462201243,
            5.065125385417923
        ],
        "SD-SDR": [
            1.3496088909115755,
            0.09147496955532342
        ],
        "SNR": [
            5.644717439747639,
            3.9926557648869516
        ],
        "SRR": [
            3.8809327973625667,
            4.92888917372876
        ],
        "SI-SDRi": [
            6.91509629110354,
            4.199592692415996
        ],
        "SD-SDRi": [
            3.3663835822055157,
            2.471840399042761
        ],
        "SNRi": [
            7.642510379412277,
            6.259551297915552
        ],
        "MIX-SI-SDR": [
            -2.016761626555638,
            -2.3799313374224433
        ],
        "MIX-SD-SDR": [
            -2.01677469129394,
            -2.3803654294874375
        ],
        "MIX-SNR": [
            -1.997792939664638,
            -2.2668955330286
        ]
    },
    "bass+drums+other": {
        "SI-SDR": [
            6.776269398893227,
            5.166302647927492
        ],
        "SI-SIR": [
            8.77361078312863,
            8.220122382927977
        ],
        "SI-SAR": [
            11.110052977910758,
            8.13351460596956
        ],
        "SD-SDR": [
            6.138166202040333,
            3.187141796279178
        ],
        "SNR": [
            7.593031598301561,
            6.227817759231666
        ],
        "SRR": [
            14.782245925737783,
            7.552238389477468
        ],
        "SI-SDRi": [
            4.790441329410671,
            2.9661213305969847
        ],
        "SD-SDRi": [
            4.152351197296078,
            0.9873945710136622
        ],
        "SNRi": [
            5.595238658636923,
            3.9609222262030666
        ],
        "MIX-SI-SDR": [
            1.9858280694825563,
            2.2001813173305074
        ],
        "MIX-SD-SDR": [
            1.9858150047442549,
            2.199747225265516
        ],
        "MIX-SNR": [
            1.997792939664638,
            2.2668955330285994
        ]
    }
}