{
    "combination": [
        0,
        1
    ],
    "permutation": [
        0,
        1
    ],
    "vocals": {
        "SI-SDR": [
            -0.45362159076768266,
            -1.6301151686167334
        ],
        "SI-SIR": [
            -0.17797075337025436,
            -1.3745260614225359
        ],
        "SI-SAR": [
            11.657724811311024,
            10.799472364269743
        ],
        "SD-SDR": [
            -3.077917551302744,
            -3.973873755103819
        ],
        "SNR": [
            2.7664711453501534,
            2.135098779840792
        ],
        "SRR": [
            0.35607139633322216,
            -0.1758551643640283
        ],
        "SI-SDRi": [
            1.5631400357879424,
            0.7498161688056979
        ],
        "SD-SDRi": [
            -1.0611428600088169,
            -1.5935083256163947
        ],
        "SNRi": [
            4.7642640850147915,
            4.401994312869392
        ],
        "MIX-SI-SDR": [
            -2.016761626555625,
            -2.3799313374224313
        ],
        "MIX-SD-SDR": [
            -2.0167746912939273,
            -2.380365429487424
        ],
        "MIX-SNR": [
            -1.997792939664638,
            -2.2668955330286
        ]
    },
    "bass+drums+other": {
        "SI-SDR": [
            3.226002418543519,
            2.751310395546516
        ],
        "SI-SIR": [
            3.5508432926791915,
            3.099336781681032
        ],
        "SI-SAR": [
            14.648546925698616,
            13.885882984436249
        ],
        "SD-SDR": [
            0.037078098563688044,
            -0.8678798710006381
        ],
        "SNR": [
            4.738251789111006,
            4.385653141968745
        ],
        "SRR": [
            2.8758111561291932,
            1.6084948414283766
        ],
        "SI-SDRi": [
            1.2401743490609598,
            0.5511290782159954
        ],
        "SD-SDRi": [
            -1.9487369061805686,
            -3.067627096266168
        ],
        "SNRi": [
            2.7404588494463678,
            2.1187576089401454
        ],
        "MIX-SI-SDR": [
            1.9858280694825594,
            2.2001813173305207
        ],
        "MIX-SD-SDR": [
            1.9858150047442567,
            2.1997472252655297
        ],
        "MIX-SNR": [
            1.997792939664638,
            2.2668955330285994
        ]
    }
}