{
    "combination": [
        0,
        1
    ],
    "permutation": [
        0,
        1
    ],
    "vocals": {
        "SI-SDR": [
            4.810050174302073,
            1.3401359391903058
        ],
        "SI-SIR": [
            10.090313489218444,
            4.503481039485056
        ],
        "SI-SAR": [
            6.33719410482525,
            4.2026009679507546
        ],
        "SD-SDR": [
            -0.969119518578343,
            -2.464039222718098
        ],
        "SNR": [
            4.871474087633367,
            3.6191243764336054
        ],
        "SRR": [
            0.3638221514447434,
            -0.12467995191726035
        ],
        "SI-SDRi": [
            6.82681180085771,
            3.720067276612749
        ],
        "SD-SDRi": [
            1.0476551727155972,
            -0.08367379323066038
        ],
        "SNRi": [
            6.869267027298005,
            5.886019909462205
        ],
        "MIX-SI-SDR": [
            -2.016761626555638,
            -2.3799313374224433
        ],
        "MIX-SD-SDR": [
            -2.01677469129394,
            -2.3803654294874375
        ],
        "MIX-SNR": [
            -1.997792939664638,
            -2.2668955330286
        ]
    },
    "bass+drums+other": {
        "SI-SDR": [
            5.984216025929694,
            4.575452478205064
        ],
        "SI-SIR": [
            7.024152514632015,
            6.003313202985345
        ],
        "SI-SAR": [
            12.701588452864884,
            10.100824735569258
        ],
        "SD-SDR": [
            5.608713572281317,
            3.5363314978444538
        ],
        "SNR": [
            6.829385106039584,
            5.861963758821844
        ],
        "SRR": [
            16.4268274159274,
            10.256719454029263
        ],
        "SI-SDRi": [
            3.9983879564471376,
            2.375271160874557
        ],
        "SD-SDRi": [
            3.6228985675370624,
            1.3365842725789379
        ],
        "SNRi": [
            4.8315921663749455,
            3.5950682257932445
        ],
        "MIX-SI-SDR": [
            1.9858280694825563,
            2.2001813173305074
        ],
        "MIX-SD-SDR": [
            1.9858150047442549,
            2.199747225265516
        ],
        "MIX-SNR": [
            1.997792939664638,
            2.2668955330285994
        ]
    }
}