{
    "combination": [
        0,
        1
    ],
    "permutation": [
        0,
        1
    ],
    "vocals": {
        "SI-SDR": [
            4.936012311026829,
            1.6957405631810145
        ],
        "SI-SIR": [
            11.934115573910535,
            4.767177565791999
        ],
        "SI-SAR": [
            5.903014174317404,
            4.645752186141873
        ],
        "SD-SDR": [
            1.8239349928128776,
            0.46758742203171977
        ],
        "SNR": [
            5.795847829741589,
            3.815700260724718
        ],
        "SRR": [
            4.734788236125125,
            6.552520139408884
        ],
        "SI-SDRi": [
            6.952773937582467,
            4.075671900603458
        ],
        "SD-SDRi": [
            3.840709684106818,
            2.8479528515191572
        ],
        "SNRi": [
            7.7936407694062275,
            6.082595793753318
        ],
        "MIX-SI-SDR": [
            -2.016761626555638,
            -2.3799313374224433
        ],
        "MIX-SD-SDR": [
            -2.01677469129394,
            -2.3803654294874375
        ],
        "MIX-SNR": [
            -1.997792939664638,
            -2.2668955330286
        ]
    },
    "bass+drums+other": {
        "SI-SDR": [
            6.9869654707204,
            4.945474450807526
        ],
        "SI-SIR": [
            9.538775334468175,
            9.154725659239917
        ],
        "SI-SAR": [
            10.509934907212662,
            7.0172195132637984
        ],
        "SD-SDR": [
            6.5175026975758605,
            2.8474722226832068
        ],
        "SNR": [
            7.7401260411636486,
            6.0505893485739595
        ],
        "SRR": [
            16.411951309090046,
            7.0141092828634815
        ],
        "SI-SDRi": [
            5.001137401237844,
            2.745293133477019
        ],
        "SD-SDRi": [
            4.531687692831605,
            0.6477249974176909
        ],
        "SNRi": [
            5.74233310149901,
            3.78369381554536
        ],
        "MIX-SI-SDR": [
            1.9858280694825563,
            2.2001813173305074
        ],
        "MIX-SD-SDR": [
            1.9858150047442549,
            2.199747225265516
        ],
        "MIX-SNR": [
            1.997792939664638,
            2.2668955330285994
        ]
    }
}