{
    "combination": [
        0,
        1
    ],
    "permutation": [
        0,
        1
    ],
    "bass": {
        "SI-SDR": [
            -1.010409786249927,
            -1.4476871798017876
        ],
        "SI-SIR": [
            0.31255580139085926,
            -0.40838134088498834
        ],
        "SI-SAR": [
            4.796651644132576,
            5.272016986264488
        ],
        "SD-SDR": [
            -1.4456125465104828,
            -1.8994695706475775
        ],
        "SNR": [
            1.2551810404311876,
            0.9680432633942683
        ],
        "SRR": [
            8.761098549433807,
            8.15301369341622
        ],
        "SI-SDRi": [
            1.9182824305814585,
            1.206650427748947
        ],
        "SD-SDRi": [
            1.4838265094716392,
            0.757444228657516
        ],
        "SNRi": [
            4.026484520609291,
            3.3423978942561976
        ],
        "MIX-SI-SDR": [
            -2.9286922168313856,
            -2.6543376075507346
        ],
        "MIX-SD-SDR": [
            -2.929439055982122,
            -2.6569137993050935
        ],
        "MIX-SNR": [
            -2.771303480178103,
            -2.374354630861929
        ]
    },
    "drums+other+vocals": {
        "SI-SDR": [
            2.5799802640368603,
            1.3911057315255124
        ],
        "SI-SIR": [
            8.266740637827755,
            6.501518150482601
        ],
        "SI-SAR": [
            3.9466044609041817,
            2.9918621595336523
        ],
        "SD-SDR": [
            -2.312536105306818,
            -4.187631948249946
        ],
        "SNR": [
            4.018949753911998,
            3.3339306567827354
        ],
        "SRR": [
            -0.611028077272474,
            -2.7803686508757153
        ],
        "SI-SDRi": [
            -0.10888798273265943,
            -0.8233885640147685
        ],
        "SD-SDRi": [
            -5.000657512925603,
            -6.399550052035869
        ],
        "SNRi": [
            1.2476462737338938,
            0.9595760259208066
        ],
        "MIX-SI-SDR": [
            2.6888682467695197,
            2.214494295540281
        ],
        "MIX-SD-SDR": [
            2.688121407618785,
            2.2119181037859232
        ],
        "MIX-SNR": [
            2.771303480178104,
            2.3743546308619288
        ]
    }
}