{
    "combination": [
        0,
        1
    ],
    "permutation": [
        0,
        1
    ],
    "vocals": {
        "SI-SDR": [
            -3.4402756426305174,
            -2.679695091953394
        ],
        "SI-SIR": [
            2.569408550092688,
            4.14861774117295
        ],
        "SI-SAR": [
            -2.187243597618667,
            -1.669293358143476
        ],
        "SD-SDR": [
            -7.654260615180194,
            -7.531040272893126
        ],
        "SNR": [
            1.6004717493562306,
            1.8713198611644946
        ],
        "SRR": [
            -5.585406730288306,
            -5.809646279732111
        ],
        "SI-SDRi": [
            4.523833231728252,
            6.004015491878463
        ],
        "SD-SDRi": [
            0.31003229044020486,
            1.1526739667224213
        ],
        "SNRi": [
            9.707370811050794,
            10.576718131074191
        ],
        "MIX-SI-SDR": [
            -7.96410887435877,
            -8.683710583831857
        ],
        "MIX-SD-SDR": [
            -7.964292905620399,
            -8.683714239615547
        ],
        "MIX-SNR": [
            -8.106899061694563,
            -8.705398269909697
        ]
    },
    "bass+drums+other": {
        "SI-SDR": [
            9.20139277573577,
            10.18602644679683
        ],
        "SI-SIR": [
            10.874515454924932,
            11.63667984958477
        ],
        "SI-SAR": [
            14.153695350705252,
            15.653388600799055
        ],
        "SD-SDR": [
            8.773584461485548,
            9.875340751657669
        ],
        "SNR": [
            9.692116829249217,
            10.578256861240735
        ],
        "SRR": [
            19.05108375477728,
            21.48438809950189
        ],
        "SI-SDRi": [
            1.0721040506839508,
            1.4776999022564592
        ],
        "SD-SDRi": [
            0.6444797676953655,
            1.1670178629009875
        ],
        "SNRi": [
            1.5852177675546546,
            1.8728585913310383
        ],
        "MIX-SI-SDR": [
            8.129288725051818,
            8.708326544540371
        ],
        "MIX-SD-SDR": [
            8.129104693790183,
            8.708322888756681
        ],
        "MIX-SNR": [
            8.106899061694563,
            8.705398269909697
        ]
    }
}