{
    "combination": [
        0,
        1
    ],
    "permutation": [
        0,
        1
    ],
    "vocals": {
        "SI-SDR": [
            -3.3985372748507015,
            -2.67696730442184
        ],
        "SI-SIR": [
            4.169668671652892,
            6.04205407451211
        ],
        "SI-SAR": [
            -2.5627768537239763,
            -2.0506075825775776
        ],
        "SD-SDR": [
            -6.705091566329352,
            -6.543365480877197
        ],
        "SNR": [
            1.526677480156988,
            1.8583056746975932
        ],
        "SRR": [
            -3.9721210273818652,
            -4.2478761137508245
        ],
        "SI-SDRi": [
            4.565571599508068,
            6.006743279410017
        ],
        "SD-SDRi": [
            1.2592013392910468,
            2.14034875873835
        ],
        "SNRi": [
            9.63357654185155,
            10.56370394460729
        ],
        "MIX-SI-SDR": [
            -7.96410887435877,
            -8.683710583831857
        ],
        "MIX-SD-SDR": [
            -7.964292905620399,
            -8.683714239615547
        ],
        "MIX-SNR": [
            -8.106899061694563,
            -8.705398269909697
        ]
    },
    "bass+drums+other": {
        "SI-SDR": [
            9.125223524816594,
            10.18373645611579
        ],
        "SI-SIR": [
            11.52882983281774,
            12.271328901873078
        ],
        "SI-SAR": [
            12.840948997403077,
            14.36718732668712
        ],
        "SD-SDR": [
            8.759074403714774,
            9.932722832805094
        ],
        "SNR": [
            9.616311278995163,
            10.565111258547882
        ],
        "SRR": [
            19.682125958097664,
            22.438495343810327
        ],
        "SI-SDRi": [
            0.9959347997647754,
            1.4754099115754187
        ],
        "SD-SDRi": [
            0.6299697099245911,
            1.2243999440484128
        ],
        "SNRi": [
            1.5094122173006,
            1.8597129886381847
        ],
        "MIX-SI-SDR": [
            8.129288725051818,
            8.708326544540371
        ],
        "MIX-SD-SDR": [
            8.129104693790183,
            8.708322888756681
        ],
        "MIX-SNR": [
            8.106899061694563,
            8.705398269909697
        ]
    }
}