{
    "combination": [
        0,
        1
    ],
    "permutation": [
        0,
        1
    ],
    "vocals": {
        "SI-SDR": [
            -8.078666998505495,
            -8.767223230633782
        ],
        "SI-SIR": [
            -7.780312203496152,
            -8.389901603285205
        ],
        "SI-SAR": [
            3.7001693007693897,
            2.0307978654675973
        ],
        "SD-SDR": [
            -8.770262486594458,
            -9.377468323188697
        ],
        "SNR": [
            -2.521886633760622,
            -3.07590739809737
        ],
        "SRR": [
            -0.44973107492681874,
            -0.5531178679842026
        ],
        "SI-SDRi": [
            -0.1145581241467255,
            -0.08351264680192472
        ],
        "SD-SDRi": [
            -0.8059695809740592,
            -0.6937540835731504
        ],
        "SNRi": [
            5.585012427933941,
            5.629490871812327
        ],
        "MIX-SI-SDR": [
            -7.96410887435877,
            -8.683710583831857
        ],
        "MIX-SD-SDR": [
            -7.964292905620399,
            -8.683714239615547
        ],
        "MIX-SNR": [
            -8.106899061694563,
            -8.705398269909697
        ]
    },
    "bass+drums+other": {
        "SI-SDR": [
            6.940983934572679,
            7.085304302542983
        ],
        "SI-SIR": [
            8.326077944462366,
            9.017247125458427
        ],
        "SI-SAR": [
            12.578190968567007,
            11.533425938037782
        ],
        "SD-SDR": [
            0.0773808245177161,
            0.14886870688920517
        ],
        "SNR": [
            5.575419065069802,
            5.622183014295571
        ],
        "SRR": [
            1.0785856742578113,
            1.1313876514664314
        ],
        "SI-SDRi": [
            -1.1883047904791395,
            -1.623022241997388
        ],
        "SD-SDRi": [
            -8.051723869272466,
            -8.559454181867476
        ],
        "SNRi": [
            -2.5314799966247605,
            -3.0832152556141263
        ],
        "MIX-SI-SDR": [
            8.129288725051818,
            8.708326544540371
        ],
        "MIX-SD-SDR": [
            8.129104693790183,
            8.708322888756681
        ],
        "MIX-SNR": [
            8.106899061694563,
            8.705398269909697
        ]
    }
}