{
    "combination": [
        0,
        1
    ],
    "permutation": [
        0,
        1
    ],
    "vocals": {
        "SI-SDR": [
            -2.7597282116794757,
            -2.2744666979001678
        ],
        "SI-SIR": [
            5.5887826762104185,
            7.230912847269226
        ],
        "SI-SAR": [
            -2.072944518995993,
            -1.7582884817695734
        ],
        "SD-SDR": [
            -7.398458827248101,
            -7.512981398431877
        ],
        "SNR": [
            1.8460200788746923,
            1.9944949759643835
        ],
        "SRR": [
            -5.569758274130132,
            -5.968123958801581
        ],
        "SI-SDRi": [
            5.204380662679294,
            6.409243885931689
        ],
        "SD-SDRi": [
            0.5658340783722977,
            1.1707328411836704
        ],
        "SNRi": [
            9.952919140569255,
            10.69989324587408
        ],
        "MIX-SI-SDR": [
            -7.96410887435877,
            -8.683710583831857
        ],
        "MIX-SD-SDR": [
            -7.964292905620399,
            -8.683714239615547
        ],
        "MIX-SNR": [
            -8.106899061694563,
            -8.705398269909697
        ]
    },
    "bass+drums+other": {
        "SI-SDR": [
            9.521109240375225,
            10.371544826737981
        ],
        "SI-SIR": [
            11.166766077244525,
            11.804143137261086
        ],
        "SI-SAR": [
            14.532436382887505,
            15.884770227788936
        ],
        "SD-SDR": [
            9.300719297335064,
            10.219790296227778
        ],
        "SNR": [
            9.938899655607102,
            10.702403780601026
        ],
        "SRR": [
            22.356373663054512,
            24.86187307535029
        ],
        "SI-SDRi": [
            1.3918205153234062,
            1.6632182821976098
        ],
        "SD-SDRi": [
            1.1716146035448816,
            1.5114674074710965
        ],
        "SNRi": [
            1.8320005939125394,
            1.997005510691329
        ],
        "MIX-SI-SDR": [
            8.129288725051818,
            8.708326544540371
        ],
        "MIX-SD-SDR": [
            8.129104693790183,
            8.708322888756681
        ],
        "MIX-SNR": [
            8.106899061694563,
            8.705398269909697
        ]
    }
}