{
    "combination": [
        0,
        1
    ],
    "permutation": [
        0,
        1
    ],
    "vocals": {
        "SI-SDR": [
            -3.3983107832826462,
            -2.676837727556054
        ],
        "SI-SIR": [
            4.169807084852525,
            6.0421527809718745
        ],
        "SI-SAR": [
            -2.5625316712631037,
            -2.05047321634654
        ],
        "SD-SDR": [
            -6.7050060131525875,
            -6.543419587151277
        ],
        "SNR": [
            1.5267862694373329,
            1.8583644084533313
        ],
        "SRR": [
            -3.9721589715762926,
            -4.248058147206833
        ],
        "SI-SDRi": [
            4.565798091075766,
            6.006872856275933
        ],
        "SD-SDRi": [
            1.2592868924674532,
            2.1402946524643998
        ],
        "SNRi": [
            9.633685331131895,
            10.563762678363029
        ],
        "MIX-SI-SDR": [
            -7.964108874358412,
            -8.683710583831987
        ],
        "MIX-SD-SDR": [
            -7.964292905620041,
            -8.683714239615677
        ],
        "MIX-SNR": [
            -8.106899061694563,
            -8.705398269909697
        ]
    },
    "bass+drums+other": {
        "SI-SDR": [
            9.125343667042626,
            10.183802354603287
        ],
        "SI-SIR": [
            11.528832357389112,
            12.271275258537802
        ],
        "SI-SAR": [
            12.841228249919311,
            14.36744692149836
        ],
        "SD-SDR": [
            8.759199330761827,
            9.932797694046789
        ],
        "SNR": [
            9.616419353653873,
            10.565170285830588
        ],
        "SRR": [
            19.682305280133903,
            22.438720839863908
        ],
        "SI-SDRi": [
            0.9960549419907299,
            1.4754758100626102
        ],
        "SD-SDRi": [
            0.6300946369715668,
            1.2244748052898018
        ],
        "SNRi": [
            1.5095202919593103,
            1.8597720159208908
        ],
        "MIX-SI-SDR": [
            8.129288725051897,
            8.708326544540677
        ],
        "MIX-SD-SDR": [
            8.12910469379026,
            8.708322888756987
        ],
        "MIX-SNR": [
            8.106899061694563,
            8.705398269909697
        ]
    }
}