{
    "combination": [
        0,
        1
    ],
    "permutation": [
        0,
        1
    ],
    "vocals": {
        "SI-SDR": [
            -3.5729280797208753,
            -2.8838238537277325
        ],
        "SI-SIR": [
            5.47071595704894,
            7.364116842497901
        ],
        "SI-SAR": [
            -2.994826156214194,
            -2.4529440639999405
        ],
        "SD-SDR": [
            -8.040342193237297,
            -7.878039176628719
        ],
        "SNR": [
            1.5679208574773154,
            1.8008335662833135
        ],
        "SRR": [
            -6.119170647231672,
            -6.22447591220133
        ],
        "SI-SDRi": [
            4.3911807946378945,
            5.799886730104125
        ],
        "SD-SDRi": [
            -0.07604928761689855,
            0.8056750629868281
        ],
        "SNRi": [
            9.674819919171878,
            10.50623183619301
        ],
        "MIX-SI-SDR": [
            -7.96410887435877,
            -8.683710583831857
        ],
        "MIX-SD-SDR": [
            -7.964292905620399,
            -8.683714239615547
        ],
        "MIX-SNR": [
            -8.106899061694563,
            -8.705398269909697
        ]
    },
    "bass+drums+other": {
        "SI-SDR": [
            9.237853311605871,
            10.176734370069717
        ],
        "SI-SIR": [
            10.999980791812053,
            11.73574876771465
        ],
        "SI-SAR": [
            14.006637098583624,
            15.382289692889097
        ],
        "SD-SDR": [
            9.043276178946885,
            10.041632190802035
        ],
        "SNR": [
            9.662551966443436,
            10.507334451484509
        ],
        "SRR": [
            22.62712663682594,
            25.180227732791508
        ],
        "SI-SDRi": [
            1.1085645865540528,
            1.4684078255293453
        ],
        "SD-SDRi": [
            0.914171485156702,
            1.333309302045354
        ],
        "SNRi": [
            1.5556529047488734,
            1.8019361815748116
        ],
        "MIX-SI-SDR": [
            8.129288725051818,
            8.708326544540371
        ],
        "MIX-SD-SDR": [
            8.129104693790183,
            8.708322888756681
        ],
        "MIX-SNR": [
            8.106899061694563,
            8.705398269909697
        ]
    }
}