{
    "combination": [
        0,
        1
    ],
    "permutation": [
        0,
        1
    ],
    "drums": {
        "SI-SDR": [
            -4.072251334974451,
            -5.353971220513813
        ],
        "SI-SIR": [
            -2.7844659838324097,
            -4.18473175482248
        ],
        "SI-SAR": [
            1.8351505119371045,
            0.9163485796736763
        ],
        "SD-SDR": [
            -9.100422252589874,
            -9.122724356754235
        ],
        "SNR": [
            1.4293581993193119,
            0.9181255103777519
        ],
        "SRR": [
            -7.462503679262026,
            -6.757906374248572
        ],
        "SI-SDRi": [
            3.668132533760346,
            3.634358760816035
        ],
        "SD-SDRi": [
            -1.3596097230303412,
            -0.13210797434977195
        ],
        "SNRi": [
            8.962295985573729,
            9.365103431256053
        ],
        "MIX-SI-SDR": [
            -7.7403838687347974,
            -8.988329981329848
        ],
        "MIX-SD-SDR": [
            -7.740812529559533,
            -8.990616382404463
        ],
        "MIX-SNR": [
            -7.532937786254416,
            -8.4469779208783
        ]
    },
    "bass+other+vocals": {
        "SI-SDR": [
            8.467423772716426,
            9.255625535475218
        ],
        "SI-SIR": [
            8.969128387891306,
            9.986465584312006
        ],
        "SI-SAR": [
            18.08922359238556,
            17.355542030118947
        ],
        "SD-SDR": [
            7.24892968165481,
            7.428718526867106
        ],
        "SNR": [
            8.938276525205907,
            9.360991531955605
        ],
        "SRR": [
            13.363550263960493,
            12.070876632532997
        ],
        "SI-SDRi": [
            0.9703843061684356,
            0.8820415300300759
        ],
        "SD-SDRi": [
            -0.24768112406844445,
            -0.9425790775034191
        ],
        "SNRi": [
            1.4053387389514924,
            0.9140136110773049
        ],
        "MIX-SI-SDR": [
            7.4970394665479905,
            8.373584005445142
        ],
        "MIX-SD-SDR": [
            7.496610805723255,
            8.371297604370525
        ],
        "MIX-SNR": [
            7.532937786254415,
            8.4469779208783
        ]
    }
}