{
    "combination": [
        0,
        1
    ],
    "permutation": [
        0,
        1
    ],
    "vocals": {
        "SI-SDR": [
            -5.889881425250984,
            -5.761979073475091
        ],
        "SI-SIR": [
            -5.574061594931657,
            -5.397411044417995
        ],
        "SI-SAR": [
            5.650520749637332,
            5.1790871743937945
        ],
        "SD-SDR": [
            -6.9192214476564455,
            -6.861128849310453
        ],
        "SNR": [
            -0.8170129687834298,
            -0.6607743994467842
        ],
        "SRR": [
            -0.16245750672964498,
            -0.3558643520713013
        ],
        "SI-SDRi": [
            2.074227449107786,
            2.9217315103567483
        ],
        "SD-SDRi": [
            1.045071457963953,
            1.8225853903050746
        ],
        "SNRi": [
            7.289886092911133,
            8.044623870462912
        ],
        "MIX-SI-SDR": [
            -7.96410887435877,
            -8.68371058383184
        ],
        "MIX-SD-SDR": [
            -7.964292905620399,
            -8.683714239615528
        ],
        "MIX-SNR": [
            -8.106899061694563,
            -8.705398269909697
        ]
    },
    "bass+drums+other": {
        "SI-SDR": [
            8.963439859008794,
            9.963273190415169
        ],
        "SI-SIR": [
            9.979075075847566,
            11.045045453756739
        ],
        "SI-SAR": [
            15.771831110181223,
            16.529422494241878
        ],
        "SD-SDR": [
            3.2624274632023313,
            4.493671917675367
        ],
        "SNR": [
            7.275240441386388,
            8.04129409154472
        ],
        "SRR": [
            4.623792849906425,
            5.9434376537918885
        ],
        "SI-SDRi": [
            0.834151133956988,
            1.254946645874778
        ],
        "SD-SDRi": [
            -4.866677230587839,
            -4.214650971081334
        ],
        "SNRi": [
            -0.8316586203081746,
            -0.6641041783649761
        ],
        "MIX-SI-SDR": [
            8.129288725051806,
            8.708326544540391
        ],
        "MIX-SD-SDR": [
            8.12910469379017,
            8.708322888756701
        ],
        "MIX-SNR": [
            8.106899061694563,
            8.705398269909697
        ]
    }
}