{
    "combination": [
        0,
        1
    ],
    "permutation": [
        0,
        1
    ],
    "bass": {
        "SI-SDR": [
            -1.855023959780221,
            -3.4739795300474157
        ],
        "SI-SIR": [
            0.8406771357302546,
            -0.4131919834824455
        ],
        "SI-SAR": [
            1.4944563513903295,
            -0.513586973506241
        ],
        "SD-SDR": [
            -2.223344787347351,
            -3.9220268274460963
        ],
        "SNR": [
            0.5005162368307634,
            -0.44796179797849744
        ],
        "SRR": [
            8.675094501476458,
            6.164675503061245
        ],
        "SI-SDRi": [
            3.4865622380334385,
            3.5891545620469065
        ],
        "SD-SDRi": [
            3.11824189492833,
            3.1414268823421043
        ],
        "SNRi": [
            5.847470338370374,
            6.449060679564371
        ],
        "MIX-SI-SDR": [
            -5.341586197813659,
            -7.063134092094322
        ],
        "MIX-SD-SDR": [
            -5.341586682275681,
            -7.063453709788201
        ],
        "MIX-SNR": [
            -5.346954101539611,
            -6.897022477542869
        ]
    },
    "drums+other+vocals": {
        "SI-SDR": [
            4.877369727009896,
            5.63451870002762
        ],
        "SI-SIR": [
            12.958714084519674,
            13.364850240429906
        ],
        "SI-SAR": [
            5.611622127509655,
            6.4366401325136335
        ],
        "SD-SDR": [
            1.9069328788344078,
            3.0264958856710744
        ],
        "SNR": [
            5.797785041877525,
            6.3978152530619425
        ],
        "SRR": [
            4.957465232482834,
            6.480174521931993
        ],
        "SI-SDRi": [
            -0.4711522058530182,
            -1.2290774326926925
        ],
        "SD-SDRi": [
            -3.4415885695664827,
            -3.8367806293553595
        ],
        "SNRi": [
            0.45083094033791404,
            -0.49920722448092647
        ],
        "MIX-SI-SDR": [
            5.348521932862914,
            6.863596132720312
        ],
        "MIX-SD-SDR": [
            5.3485214484008905,
            6.863276515026434
        ],
        "MIX-SNR": [
            5.346954101539611,
            6.897022477542869
        ]
    }
}