{
    "combination": [
        0,
        1
    ],
    "permutation": [
        0,
        1
    ],
    "vocals": {
        "SI-SDR": [
            -7.174726294754484,
            -6.613087228231754
        ],
        "SI-SIR": [
            -7.000660376054424,
            -6.422520459093697
        ],
        "SI-SAR": [
            6.882721624308448,
            7.059219148138771
        ],
        "SD-SDR": [
            -7.814129355270285,
            -7.296158434720323
        ],
        "SNR": [
            -2.194688422559385,
            -1.7960090778671294
        ],
        "SRR": [
            0.8217464713146355,
            1.0740849375179986
        ],
        "SI-SDRi": [
            -0.8554079656276752,
            -0.9406501875984015
        ],
        "SD-SDRi": [
            -1.4947983840489965,
            -1.62330306014724
        ],
        "SNRi": [
            4.094020649130055,
            4.0422112901690355
        ],
        "MIX-SI-SDR": [
            -6.3193183291268085,
            -5.672437040633352
        ],
        "MIX-SD-SDR": [
            -6.319330971221288,
            -5.672855374573083
        ],
        "MIX-SNR": [
            -6.28870907168944,
            -5.838220368036165
        ]
    },
    "bass+drums+other": {
        "SI-SDR": [
            4.496925541791647,
            4.046094741142245
        ],
        "SI-SIR": [
            5.450861102724,
            4.970781057890524
        ],
        "SI-SAR": [
            11.547818986514201,
            11.218136409240078
        ],
        "SD-SDR": [
            -3.2957580346160817,
            -3.265618767511608
        ],
        "SNR": [
            4.06800793639685,
            4.022510136013681
        ],
        "SRR": [
            -2.5061763446343233,
            -2.3734249268922327
        ],
        "SI-SDRi": [
            -1.7846087098252754,
            -1.8359626098939215
        ],
        "SD-SDRi": [
            -9.577279644138525,
            -9.147257784608048
        ],
        "SNRi": [
            -2.2207011352925896,
            -1.815710232022485
        ],
        "MIX-SI-SDR": [
            6.281534251616923,
            5.882057351036167
        ],
        "MIX-SD-SDR": [
            6.281521609522442,
            5.88163901709644
        ],
        "MIX-SNR": [
            6.28870907168944,
            5.838220368036166
        ]
    }
}