{
    "combination": [
        0,
        1
    ],
    "permutation": [
        0,
        1
    ],
    "vocals": {
        "SI-SDR": [
            -1.3394214695520277,
            -1.772851963558586
        ],
        "SI-SIR": [
            3.1071360780538795,
            1.768782984314767
        ],
        "SI-SAR": [
            0.5933978803751017,
            0.7640900768881267
        ],
        "SD-SDR": [
            -4.193130728625459,
            -4.115023013868328
        ],
        "SNR": [
            2.3526354121673916,
            2.0643950753916447
        ],
        "SRR": [
            -1.0203821118622751,
            -0.3147844894365342
        ],
        "SI-SDRi": [
            4.979896859574781,
            3.899585077074766
        ],
        "SD-SDRi": [
            2.1262002425958295,
            1.5578323607047553
        ],
        "SNRi": [
            8.641344483856832,
            7.902615443427809
        ],
        "MIX-SI-SDR": [
            -6.3193183291268085,
            -5.672437040633352
        ],
        "MIX-SD-SDR": [
            -6.319330971221288,
            -5.672855374573083
        ],
        "MIX-SNR": [
            -6.28870907168944,
            -5.838220368036165
        ]
    },
    "bass+drums+other": {
        "SI-SDR": [
            7.968092768209756,
            7.153285806277713
        ],
        "SI-SIR": [
            10.322307841080498,
            9.693369148291413
        ],
        "SI-SAR": [
            11.751537982458657,
            10.690965047607428
        ],
        "SD-SDR": [
            7.044004793622165,
            5.873727807276647
        ],
        "SNR": [
            8.588222765406611,
            7.859673766775915
        ],
        "SRR": [
            14.218569019831868,
            11.805053379391762
        ],
        "SI-SDRi": [
            1.6865585165928332,
            1.2712284552415465
        ],
        "SD-SDRi": [
            0.7624831840997226,
            -0.007911209819792653
        ],
        "SNRi": [
            2.299513693717171,
            2.021453398739749
        ],
        "MIX-SI-SDR": [
            6.281534251616923,
            5.882057351036167
        ],
        "MIX-SD-SDR": [
            6.281521609522442,
            5.88163901709644
        ],
        "MIX-SNR": [
            6.28870907168944,
            5.838220368036166
        ]
    }
}