{
    "combination": [
        0,
        1
    ],
    "permutation": [
        0,
        1
    ],
    "drums": {
        "SI-SDR": [
            0.2815024057284325,
            0.8816588473013642
        ],
        "SI-SIR": [
            3.22398466893407,
            4.365668926226387
        ],
        "SI-SAR": [
            3.360695891878542,
            3.4648748548244335
        ],
        "SD-SDR": [
            -8.313799459151099,
            -7.210929181727421
        ],
        "SNR": [
            2.3607926162819446,
            2.639594857831598
        ],
        "SRR": [
            -7.667925659189038,
            -6.478744700074476
        ],
        "SI-SDRi": [
            2.5079900695438284,
            4.293648731514617
        ],
        "SD-SDRi": [
            -6.087139634463172,
            -3.7988823032094787
        ],
        "SNRi": [
            4.658408708934741,
            6.098372895691828
        ],
        "MIX-SI-SDR": [
            -2.226487663815396,
            -3.411989884213253
        ],
        "MIX-SD-SDR": [
            -2.2266598246879266,
            -3.412046878517942
        ],
        "MIX-SNR": [
            -2.297616092652796,
            -3.4587780378602293
        ]
    },
    "bass+other+vocals": {
        "SI-SDR": [
            3.501048469476957,
            5.177641083177771
        ],
        "SI-SIR": [
            3.8600567128264056,
            5.628571981636535
        ],
        "SI-SAR": [
            14.506115012753522,
            15.237899019809616
        ],
        "SD-SDR": [
            3.187402890217095,
            4.861434500930935
        ],
        "SNR": [
            4.6462077647875315,
            6.086060241935226
        ],
        "SRR": [
            14.756733321088866,
            16.39671260462723
        ],
        "SI-SDRi": [
            1.1613850087063216,
            1.6977018049679198
        ],
        "SD-SDRi": [
            0.8479115903189887,
            1.3815522170257735
        ],
        "SNRi": [
            2.3485916721347353,
            2.627282204074997
        ],
        "MIX-SI-SDR": [
            2.3396634607706353,
            3.479939278209851
        ],
        "MIX-SD-SDR": [
            2.3394912998981066,
            3.4798822839051615
        ],
        "MIX-SNR": [
            2.297616092652796,
            3.4587780378602293
        ]
    }
}