{
    "combination": [
        0,
        1
    ],
    "permutation": [
        0,
        1
    ],
    "vocals": {
        "SI-SDR": [
            -0.8736501218840587,
            -1.3533525439347285
        ],
        "SI-SIR": [
            3.0960995667329887,
            1.4375384095706862
        ],
        "SI-SAR": [
            1.3512829069852788,
            1.8880336928088803
        ],
        "SD-SDR": [
            -2.291937877181381,
            -2.1475185782201294
        ],
        "SNR": [
            2.251480298249852,
            1.5091316875662184
        ],
        "SRR": [
            3.258123775247006,
            5.622245150736164
        ],
        "SI-SDRi": [
            5.4456682072428615,
            4.319084496698654
        ],
        "SD-SDRi": [
            4.027393094040018,
            3.525336796352984
        ],
        "SNRi": [
            8.540189369939291,
            7.347352055602383
        ],
        "MIX-SI-SDR": [
            -6.31931832912692,
            -5.672437040633382
        ],
        "MIX-SD-SDR": [
            -6.3193309712214,
            -5.672855374573113
        ],
        "MIX-SNR": [
            -6.28870907168944,
            -5.838220368036165
        ]
    },
    "bass+drums+other": {
        "SI-SDR": [
            8.02641579558134,
            6.8871971476109115
        ],
        "SI-SIR": [
            12.175496822457305,
            12.132719662112514
        ],
        "SI-SAR": [
            10.135357281531679,
            8.429064272026853
        ],
        "SD-SDR": [
            6.506595428852086,
            4.397561070814783
        ],
        "SNR": [
            8.492697884183098,
            7.3084960442586056
        ],
        "SRR": [
            11.80428771665344,
            7.9995585243636755
        ],
        "SI-SDRi": [
            1.7448815439643637,
            1.0051397965747988
        ],
        "SD-SDRi": [
            0.2250738193295918,
            -1.4840779462816034
        ],
        "SNRi": [
            2.203988812493658,
            1.4702756762224398
        ],
        "MIX-SI-SDR": [
            6.281534251616976,
            5.882057351036113
        ],
        "MIX-SD-SDR": [
            6.281521609522494,
            5.881639017096386
        ],
        "MIX-SNR": [
            6.28870907168944,
            5.838220368036166
        ]
    }
}