{
    "combination": [
        0,
        1
    ],
    "permutation": [
        0,
        1
    ],
    "vocals": {
        "SI-SDR": [
            -0.3933803772839928,
            -0.9352387487957219
        ],
        "SI-SIR": [
            4.551686568892055,
            2.6680147301396406
        ],
        "SI-SAR": [
            1.2831470920466725,
            1.5534253624311276
        ],
        "SD-SDR": [
            -2.941302742311054,
            -2.2607459855501664
        ],
        "SNR": [
            2.790980457491397,
            2.169288750027667
        ],
        "SRR": [
            0.5865332746870779,
            3.5391862317953953
        ],
        "SI-SDRi": [
            5.9259379518428155,
            4.737198291837631
        ],
        "SD-SDRi": [
            3.3780282289102344,
            3.4121093890229166
        ],
        "SNRi": [
            9.079689529180836,
            8.007509118063831
        ],
        "MIX-SI-SDR": [
            -6.3193183291268085,
            -5.672437040633352
        ],
        "MIX-SD-SDR": [
            -6.319330971221288,
            -5.672855374573083
        ],
        "MIX-SNR": [
            -6.28870907168944,
            -5.838220368036165
        ]
    },
    "bass+drums+other": {
        "SI-SDR": [
            8.4728468182763,
            7.414788445819125
        ],
        "SI-SIR": [
            11.235699816491358,
            11.543851261379135
        ],
        "SI-SAR": [
            11.745548844711479,
            9.536291403710273
        ],
        "SD-SDR": [
            7.592058088178301,
            5.74186490500543
        ],
        "SNR": [
            9.020634961635263,
            7.966607109879254
        ],
        "SRR": [
            14.954137626039039,
            10.694591224493553
        ],
        "SI-SDRi": [
            2.191312566659378,
            1.5327310947829584
        ],
        "SD-SDRi": [
            1.3105364786558589,
            -0.13977411209100943
        ],
        "SNRi": [
            2.731925889945823,
            2.128386741843088
        ],
        "MIX-SI-SDR": [
            6.281534251616923,
            5.882057351036167
        ],
        "MIX-SD-SDR": [
            6.281521609522442,
            5.88163901709644
        ],
        "MIX-SNR": [
            6.28870907168944,
            5.838220368036166
        ]
    }
}