{
    "combination": [
        0,
        1
    ],
    "permutation": [
        0,
        1
    ],
    "vocals": {
        "SI-SDR": [
            -0.8735442850038801,
            -1.3530102047915387
        ],
        "SI-SIR": [
            3.0967309383154804,
            1.4382480700811453
        ],
        "SI-SAR": [
            1.351037121998796,
            1.8879685982193908
        ],
        "SD-SDR": [
            -2.2919147497966756,
            -2.1471776421091953
        ],
        "SNR": [
            2.251581231142012,
            1.5093578815221396
        ],
        "SRR": [
            3.2579327527109,
            5.622579094434929
        ],
        "SI-SDRi": [
            5.4457740441229285,
            4.3194268358418135
        ],
        "SD-SDRi": [
            4.0274162214246125,
            3.5256777324638877
        ],
        "SNRi": [
            8.540290302831451,
            7.347578249558304
        ],
        "MIX-SI-SDR": [
            -6.3193183291268085,
            -5.672437040633352
        ],
        "MIX-SD-SDR": [
            -6.319330971221288,
            -5.672855374573083
        ],
        "MIX-SNR": [
            -6.28870907168944,
            -5.838220368036165
        ]
    },
    "bass+drums+other": {
        "SI-SDR": [
            8.026444659086398,
            6.887375476090032
        ],
        "SI-SIR": [
            12.175560699710477,
            12.133182086074783
        ],
        "SI-SAR": [
            10.135364256244266,
            8.42912151880005
        ],
        "SD-SDR": [
            6.506874738932513,
            4.398022748977885
        ],
        "SNR": [
            8.492797923483606,
            7.308722016344582
        ],
        "SRR": [
            11.805164811303337,
            8.000386295457005
        ],
        "SI-SDRi": [
            1.744910407469475,
            1.005318125053865
        ],
        "SD-SDRi": [
            0.22535312941007124,
            -1.4836162681185545
        ],
        "SNRi": [
            2.2040888517941655,
            1.4705016483084163
        ],
        "MIX-SI-SDR": [
            6.281534251616923,
            5.882057351036167
        ],
        "MIX-SD-SDR": [
            6.281521609522442,
            5.88163901709644
        ],
        "MIX-SNR": [
            6.28870907168944,
            5.838220368036166
        ]
    }
}