{
    "combination": [
        0,
        1
    ],
    "permutation": [
        0,
        1
    ],
    "vocals": {
        "SI-SDR": [
            -0.617223924196093,
            -1.180624162034736
        ],
        "SI-SIR": [
            4.218226074240949,
            2.373101312324426
        ],
        "SI-SAR": [
            1.111922768965328,
            1.3467482963942436
        ],
        "SD-SDR": [
            -2.656808153215854,
            -2.259764211667214
        ],
        "SNR": [
            2.59805094094283,
            1.8683107815994873
        ],
        "SRR": [
            1.605573168369721,
            4.315703813406512
        ],
        "SI-SDRi": [
            5.702094404930715,
            4.491812878598616
        ],
        "SD-SDRi": [
            3.662522818005434,
            3.413091162905869
        ],
        "SNRi": [
            8.88676001263227,
            7.706531149635652
        ],
        "MIX-SI-SDR": [
            -6.3193183291268085,
            -5.672437040633352
        ],
        "MIX-SD-SDR": [
            -6.319330971221288,
            -5.672855374573083
        ],
        "MIX-SNR": [
            -6.28870907168944,
            -5.838220368036165
        ]
    },
    "bass+drums+other": {
        "SI-SDR": [
            8.281563322130236,
            7.082098411846081
        ],
        "SI-SIR": [
            11.632272168984784,
            11.826046109143078
        ],
        "SI-SAR": [
            10.976207854150546,
            8.856707885065394
        ],
        "SD-SDR": [
            7.252772325062343,
            5.26019270208451
        ],
        "SNR": [
            8.831040600382655,
            7.668054350400794
        ],
        "SRR": [
            14.011589625031014,
            9.91193017636154
        ],
        "SI-SDRi": [
            2.000029070513313,
            1.2000410608099141
        ],
        "SD-SDRi": [
            0.9712507155399006,
            -0.62144631501193
        ],
        "SNRi": [
            2.5423315286932153,
            1.8298339823646286
        ],
        "MIX-SI-SDR": [
            6.281534251616923,
            5.882057351036167
        ],
        "MIX-SD-SDR": [
            6.281521609522442,
            5.88163901709644
        ],
        "MIX-SNR": [
            6.28870907168944,
            5.838220368036166
        ]
    }
}