{
    "combination": [
        0,
        1
    ],
    "permutation": [
        0,
        1
    ],
    "vocals": {
        "SI-SDR": [
            -4.523275818325291,
            -4.33472689055263
        ],
        "SI-SIR": [
            -4.249626461312724,
            -4.097659229602146
        ],
        "SI-SAR": [
            7.618729232028572,
            8.412387720138417
        ],
        "SD-SDR": [
            -5.692267404708269,
            -5.458814593962244
        ],
        "SNR": [
            0.04372629618640506,
            0.0945906650093231
        ],
        "SRR": [
            0.5788548137774967,
            0.9609543082582716
        ],
        "SI-SDRi": [
            1.7960425108015077,
            1.3377101500807003
        ],
        "SD-SDRi": [
            0.6270635665130095,
            0.21404078061081577
        ],
        "SNRi": [
            6.332435367875845,
            5.932811033045488
        ],
        "MIX-SI-SDR": [
            -6.319318329126799,
            -5.67243704063333
        ],
        "MIX-SD-SDR": [
            -6.319330971221278,
            -5.67285537457306
        ],
        "MIX-SNR": [
            -6.28870907168944,
            -5.838220368036165
        ]
    },
    "bass+drums+other": {
        "SI-SDR": [
            7.266751885570642,
            6.625784007486468
        ],
        "SI-SIR": [
            8.066895208643592,
            7.3361802197793295
        ],
        "SI-SAR": [
            15.006848113999794,
            14.838978146352098
        ],
        "SD-SDR": [
            1.688278485061737,
            0.9941901842252969
        ],
        "SNR": [
            6.298243694047389,
            5.905451246094872
        ],
        "SRR": [
            3.095642924992222,
            2.3813946984874783
        ],
        "SI-SDRi": [
            0.9852176339537184,
            0.7437266564502796
        ],
        "SD-SDRi": [
            -4.593243124460708,
            -4.887448832871161
        ],
        "SNRi": [
            0.009534622357948663,
            0.06723087805870609
        ],
        "MIX-SI-SDR": [
            6.2815342516169235,
            5.882057351036188
        ],
        "MIX-SD-SDR": [
            6.281521609522445,
            5.881639017096458
        ],
        "MIX-SNR": [
            6.28870907168944,
            5.838220368036166
        ]
    }
}