{
    "combination": [
        0,
        1
    ],
    "permutation": [
        0,
        1
    ],
    "bass": {
        "SI-SDR": [
            1.7459529935131548,
            1.656445829810407
        ],
        "SI-SIR": [
            9.158649401261442,
            8.949642276131653
        ],
        "SI-SAR": [
            2.615441872948435,
            2.552873740004022
        ],
        "SD-SDR": [
            0.3785460071333917,
            0.556672454610351
        ],
        "SNR": [
            3.886197554094709,
            3.745731886310547
        ],
        "SRR": [
            6.063190390619662,
            7.059772351510626
        ],
        "SI-SDRi": [
            6.226351132243629,
            7.0830258404956385
        ],
        "SD-SDRi": [
            4.858959874672279,
            5.983457042293744
        ],
        "SNRi": [
            8.338967536333474,
            9.28458492417851
        ],
        "MIX-SI-SDR": [
            -4.480398138730473,
            -5.426580010685232
        ],
        "MIX-SD-SDR": [
            -4.480413867538887,
            -5.426784587683393
        ],
        "MIX-SNR": [
            -4.452769982238766,
            -5.5388530378679635
        ]
    },
    "drums+other+vocals": {
        "SI-SDR": [
            7.4127826144235565,
            8.52242209080842
        ],
        "SI-SIR": [
            12.75082854522555,
            14.587097862093767
        ],
        "SI-SAR": [
            8.915805688056137,
            9.757216351065969
        ],
        "SD-SDR": [
            6.771523258401269,
            7.846358157565125
        ],
        "SNR": [
            8.134558787704451,
            9.089355732166238
        ],
        "SRR": [
            15.395714394497954,
            16.257971340040452
        ],
        "SI-SDRi": [
            2.9699024577348494,
            2.951914790463751
        ],
        "SD-SDRi": [
            2.3286588305209763,
            2.276055434218617
        ],
        "SNRi": [
            3.6817888054656844,
            3.5505026942982756
        ],
        "MIX-SI-SDR": [
            4.442880156688707,
            5.570507300344668
        ],
        "MIX-SD-SDR": [
            4.442864427880292,
            5.570302723346508
        ],
        "MIX-SNR": [
            4.452769982238767,
            5.538853037867963
        ]
    }
}