{
    "combination": [
        0,
        1
    ],
    "permutation": [
        0,
        1
    ],
    "bass": {
        "SI-SDR": [
            -3.9275513609729904,
            -4.947380920503816
        ],
        "SI-SIR": [
            -3.8261482858899534,
            -4.858727554990026
        ],
        "SI-SAR": [
            12.440383384576666,
            11.997761199394994
        ],
        "SD-SDR": [
            -5.057600974706596,
            -5.839103817033922
        ],
        "SNR": [
            0.3178694904964724,
            -0.5245830920353666
        ],
        "SRR": [
            1.3420469507043173,
            1.4746753007337405
        ],
        "SI-SDRi": [
            0.552846777757483,
            0.4791990901814156
        ],
        "SD-SDRi": [
            -0.5771871071677088,
            -0.4123192293505289
        ],
        "SNRi": [
            4.770639472735239,
            5.014269945832597
        ],
        "MIX-SI-SDR": [
            -4.480398138730473,
            -5.426580010685232
        ],
        "MIX-SD-SDR": [
            -4.480413867538887,
            -5.426784587683393
        ],
        "MIX-SNR": [
            -4.452769982238766,
            -5.5388530378679635
        ]
    },
    "drums+other+vocals": {
        "SI-SDR": [
            4.780472842808665,
            5.821972302084091
        ],
        "SI-SIR": [
            5.111923287298838,
            6.181541529329982
        ],
        "SI-SAR": [
            16.118801169030153,
            16.820534510111568
        ],
        "SD-SDR": [
            -1.433880925980107,
            -1.1096955355682123
        ],
        "SNR": [
            4.711200273427393,
            4.97411541178744
        ],
        "SRR": [
            -0.24720375318792287,
            -0.12596537524620713
        ],
        "SI-SDRi": [
            0.3375926861199581,
            0.25146500173942243
        ],
        "SD-SDRi": [
            -5.876745353860399,
            -6.67999825891472
        ],
        "SNRi": [
            0.2584302911886258,
            -0.5647376260805226
        ],
        "MIX-SI-SDR": [
            4.442880156688707,
            5.570507300344668
        ],
        "MIX-SD-SDR": [
            4.442864427880292,
            5.570302723346508
        ],
        "MIX-SNR": [
            4.452769982238767,
            5.538853037867963
        ]
    }
}