{
    "combination": [
        0,
        1
    ],
    "permutation": [
        0,
        1
    ],
    "bass": {
        "SI-SDR": [
            1.767878907433937,
            1.6540095176362102
        ],
        "SI-SIR": [
            9.159841686166184,
            8.926604738561558
        ],
        "SI-SAR": [
            2.6419769502449735,
            2.5551742107943887
        ],
        "SD-SDR": [
            0.3912023162019196,
            0.5353063201761561
        ],
        "SNR": [
            3.902940361353923,
            3.7510141416291534
        ],
        "SRR": [
            6.050896532644991,
            6.973351878767153
        ],
        "SI-SDRi": [
            6.248277046164411,
            7.0805895283214415
        ],
        "SD-SDRi": [
            4.871616183740807,
            5.962090907859549
        ],
        "SNRi": [
            8.355710343592689,
            9.289867179497117
        ],
        "MIX-SI-SDR": [
            -4.480398138730473,
            -5.426580010685232
        ],
        "MIX-SD-SDR": [
            -4.480413867538887,
            -5.426784587683393
        ],
        "MIX-SNR": [
            -4.452769982238766,
            -5.5388530378679635
        ]
    },
    "drums+other+vocals": {
        "SI-SDR": [
            7.431867145807017,
            8.529712558574229
        ],
        "SI-SIR": [
            12.743384937821663,
            14.52767687523568
        ],
        "SI-SAR": [
            8.945907701068016,
            9.786671416908298
        ],
        "SD-SDR": [
            6.788795459896981,
            7.853269476741946
        ],
        "SNR": [
            8.150974469480273,
            9.095645703078022
        ],
        "SRR": [
            15.401613700499935,
            16.26263239821489
        ],
        "SI-SDRi": [
            2.9889869891183096,
            2.9592052582295603
        ],
        "SD-SDRi": [
            2.345931032016689,
            2.2829667533954385
        ],
        "SNRi": [
            3.6982044872415063,
            3.556792665210059
        ],
        "MIX-SI-SDR": [
            4.442880156688707,
            5.570507300344668
        ],
        "MIX-SD-SDR": [
            4.442864427880292,
            5.570302723346508
        ],
        "MIX-SNR": [
            4.452769982238767,
            5.538853037867963
        ]
    }
}