{
    "combination": [
        0,
        1
    ],
    "permutation": [
        0,
        1
    ],
    "bass": {
        "SI-SDR": [
            -5.890390931495593,
            -5.475295261574766
        ],
        "SI-SIR": [
            -5.8225131368685545,
            -5.401751687810666
        ],
        "SI-SAR": [
            12.20406964011326,
            12.273820446424537
        ],
        "SD-SDR": [
            -7.022272681401049,
            -6.462826118812632
        ],
        "SNR": [
            -0.6815922574688249,
            -0.6662229798705219
        ],
        "SRR": [
            -0.6287838663333506,
            0.4539233667055142
        ],
        "SI-SDRi": [
            0.0009608014908080165,
            0.13160655011459443
        ],
        "SD-SDRi": [
            -1.1247817375830156,
            -0.8555718968808099
        ],
        "SNRi": [
            4.5949119104513905,
            4.793087543706219
        ],
        "MIX-SI-SDR": [
            -5.891351732986401,
            -5.606901811689361
        ],
        "MIX-SD-SDR": [
            -5.897490943818034,
            -5.607254221931822
        ],
        "MIX-SNR": [
            -5.276504167920216,
            -5.4593105235767405
        ]
    },
    "drums+other+vocals": {
        "SI-SDR": [
            4.912271460300046,
            5.342151164212517
        ],
        "SI-SIR": [
            5.164180659673678,
            5.625687150188851
        ],
        "SI-SAR": [
            17.403020088842162,
            17.33490913452958
        ],
        "SD-SDR": [
            -1.96895057045466,
            -1.5580200177518329
        ],
        "SNR": [
            4.551398344702563,
            4.750316531477223
        ],
        "SRR": [
            -0.9723022165945356,
            -0.5662462924262608
        ],
        "SI-SDRi": [
            -0.19069849311109976,
            -0.07567891726419695
        ],
        "SD-SDRi": [
            -7.065781313034177,
            -6.975497688986089
        ],
        "SNRi": [
            -0.7251058232176524,
            -0.7089939920995176
        ],
        "MIX-SI-SDR": [
            5.1029699534111455,
            5.417830081476714
        ],
        "MIX-SD-SDR": [
            5.096830742579517,
            5.4174776712342565
        ],
        "MIX-SNR": [
            5.276504167920216,
            5.4593105235767405
        ]
    }
}