{
    "combination": [
        0,
        1
    ],
    "permutation": [
        0,
        1
    ],
    "bass": {
        "SI-SDR": [
            -2.9897114634335575,
            -1.8189281358011622
        ],
        "SI-SIR": [
            -0.6257153825884265,
            1.1393580384652215
        ],
        "SI-SAR": [
            0.7801774973767197,
            1.2440161112909638
        ],
        "SD-SDR": [
            -3.340864954152812,
            -2.065417167888328
        ],
        "SNR": [
            -0.3599933508859373,
            0.19974682319590004
        ],
        "SRR": [
            7.7564020316427555,
            10.517111574956102
        ],
        "SI-SDRi": [
            2.901640269552843,
            3.7879736758881988
        ],
        "SD-SDRi": [
            2.5566259896652217,
            3.5418370540434942
        ],
        "SNRi": [
            4.916510817034278,
            5.659057346772641
        ],
        "MIX-SI-SDR": [
            -5.891351732986401,
            -5.606901811689361
        ],
        "MIX-SD-SDR": [
            -5.897490943818034,
            -5.607254221931822
        ],
        "MIX-SNR": [
            -5.276504167920216,
            -5.4593105235767405
        ]
    },
    "drums+other+vocals": {
        "SI-SDR": [
            3.5140408324216783,
            4.482941328741338
        ],
        "SI-SIR": [
            12.246059704254193,
            14.667975868066119
        ],
        "SI-SAR": [
            4.138387557594236,
            4.920435158629548
        ],
        "SD-SDR": [
            0.02620742207116855,
            1.618321739977317
        ],
        "SNR": [
            4.841041050586824,
            5.573903736958855
        ],
        "SRR": [
            2.6063187546001947,
            4.77935890579298
        ],
        "SI-SDRi": [
            -1.5889291209894671,
            -0.9348887527353753
        ],
        "SD-SDRi": [
            -5.070623320508348,
            -3.7991559312569394
        ],
        "SNRi": [
            -0.4354631173333914,
            0.11459321338211481
        ],
        "MIX-SI-SDR": [
            5.1029699534111455,
            5.417830081476714
        ],
        "MIX-SD-SDR": [
            5.096830742579517,
            5.4174776712342565
        ],
        "MIX-SNR": [
            5.276504167920216,
            5.4593105235767405
        ]
    }
}