{
    "combination": [
        0,
        1
    ],
    "permutation": [
        0,
        1
    ],
    "bass": {
        "SI-SDR": [
            -3.0165583953947146,
            -1.8514183454364685
        ],
        "SI-SIR": [
            -0.6756507400903207,
            1.0954071914874535
        ],
        "SI-SAR": [
            0.7854481909729532,
            1.2232975202735326
        ],
        "SD-SDR": [
            -3.3528805032249323,
            -2.0924355838913553
        ],
        "SNR": [
            -0.4205014245900135,
            0.15721904079244842
        ],
        "SRR": [
            7.924484342108259,
            10.584877787213752
        ],
        "SI-SDRi": [
            2.874793337591686,
            3.755483466252892
        ],
        "SD-SDRi": [
            2.5446104405931016,
            3.514818638040467
        ],
        "SNRi": [
            4.856002743330202,
            5.616529564369189
        ],
        "MIX-SI-SDR": [
            -5.891351732986401,
            -5.606901811689361
        ],
        "MIX-SD-SDR": [
            -5.897490943818034,
            -5.607254221931822
        ],
        "MIX-SNR": [
            -5.276504167920216,
            -5.4593105235767405
        ]
    },
    "drums+other+vocals": {
        "SI-SDR": [
            3.426307588540584,
            4.421948425506282
        ],
        "SI-SIR": [
            12.321614232411754,
            14.690369057137396
        ],
        "SI-SAR": [
            4.025947785144826,
            4.850697662120078
        ],
        "SD-SDR": [
            -0.10432509589305194,
            1.542175824556629
        ],
        "SNR": [
            4.781085756631742,
            5.531639767502677
        ],
        "SRR": [
            2.4413667903034018,
            4.6870480241724755
        ],
        "SI-SDRi": [
            -1.6766623648705616,
            -0.9958816559704315
        ],
        "SD-SDRi": [
            -5.201155838472569,
            -3.8753018466776274
        ],
        "SNRi": [
            -0.4954184112884734,
            0.0723292439259362
        ],
        "MIX-SI-SDR": [
            5.1029699534111455,
            5.417830081476714
        ],
        "MIX-SD-SDR": [
            5.096830742579517,
            5.4174776712342565
        ],
        "MIX-SNR": [
            5.276504167920216,
            5.4593105235767405
        ]
    }
}