{
    "combination": [
        0,
        1
    ],
    "permutation": [
        0,
        1
    ],
    "bass": {
        "SI-SDR": [
            -3.440742138764352,
            -3.174264839350954
        ],
        "SI-SIR": [
            0.15088505961124077,
            1.8226223400172772
        ],
        "SI-SAR": [
            -0.943062024942698,
            -1.5219390955739214
        ],
        "SD-SDR": [
            -3.669725858216619,
            -3.375872597308007
        ],
        "SNR": [
            -1.090259213988304,
            -1.0029865567581455
        ],
        "SRR": [
            9.224060018575429,
            10.057312043280556
        ],
        "SI-SDRi": [
            5.196097705254261,
            6.707254745363004
        ],
        "SD-SDRi": [
            4.968073358179899,
            6.5057180925327405
        ],
        "SNRi": [
            7.205402856310094,
            8.769654997126292
        ],
        "MIX-SI-SDR": [
            -8.636839844018613,
            -9.881519584713958
        ],
        "MIX-SD-SDR": [
            -8.637799216396518,
            -9.881590689840747
        ],
        "MIX-SNR": [
            -8.295662070298398,
            -9.772641553884437
        ]
    },
    "drums+other+vocals": {
        "SI-SDR": [
            6.59469256707422,
            8.299135709386508
        ],
        "SI-SIR": [
            17.72892556072364,
            20.522331040313183
        ],
        "SI-SAR": [
            6.942747288349436,
            8.567556846497812
        ],
        "SD-SDR": [
            4.2237629183356145,
            6.710821750854278
        ],
        "SNR": [
            7.139106594071444,
            8.687746357297634
        ],
        "SRR": [
            7.984086084558877,
            11.849281794123648
        ],
        "SI-SDRi": [
            -1.6521146446870754,
            -1.4621606823190252
        ],
        "SD-SDRi": [
            -4.022084921047778,
            -3.050403535724465
        ],
        "SNRi": [
            -1.1565554762269539,
            -1.0848951965868032
        ],
        "MIX-SI-SDR": [
            8.246807211761295,
            9.761296391705534
        ],
        "MIX-SD-SDR": [
            8.245847839383392,
            9.761225286578743
        ],
        "MIX-SNR": [
            8.295662070298398,
            9.772641553884437
        ]
    }
}