{
    "combination": [
        0,
        1
    ],
    "permutation": [
        0,
        1
    ],
    "bass": {
        "SI-SDR": [
            -8.186383853953327,
            -9.284516637886163
        ],
        "SI-SIR": [
            -8.110771380594908,
            -9.223368531073511
        ],
        "SI-SAR": [
            9.443276199084066,
            9.260034500110729
        ],
        "SD-SDR": [
            -8.71903596122823,
            -9.65226085544058
        ],
        "SNR": [
            -3.021194671496144,
            -4.235446341281798
        ],
        "SRR": [
            0.6579750286899337,
            1.2526984517123776
        ],
        "SI-SDRi": [
            0.45045599006528647,
            0.5970029468277946
        ],
        "SD-SDRi": [
            -0.0812367448317115,
            0.22932983440016663
        ],
        "SNRi": [
            5.274467398802255,
            5.537195212602639
        ],
        "MIX-SI-SDR": [
            -8.636839844018613,
            -9.881519584713958
        ],
        "MIX-SD-SDR": [
            -8.637799216396518,
            -9.881590689840747
        ],
        "MIX-SNR": [
            -8.295662070298398,
            -9.772641553884437
        ]
    },
    "drums+other+vocals": {
        "SI-SDR": [
            8.257036355226857,
            9.860564033555582
        ],
        "SI-SIR": [
            8.847767196753296,
            10.52736493091314
        ],
        "SI-SAR": [
            17.21300096248841,
            18.32758091303156
        ],
        "SD-SDR": [
            -1.0119734480453815,
            -0.6395947347343061
        ],
        "SNR": [
            5.244252456685343,
            5.498893312166588
        ],
        "SRR": [
            -0.46502850726397094,
            -0.23419764723711012
        ],
        "SI-SDRi": [
            0.010229143465561918,
            0.099267641850048
        ],
        "SD-SDRi": [
            -9.257821287428774,
            -10.400820021313049
        ],
        "SNRi": [
            -3.051409613613055,
            -4.273748241717849
        ],
        "MIX-SI-SDR": [
            8.246807211761295,
            9.761296391705534
        ],
        "MIX-SD-SDR": [
            8.245847839383392,
            9.761225286578743
        ],
        "MIX-SNR": [
            8.295662070298398,
            9.772641553884437
        ]
    }
}