{
    "combination": [
        0,
        1
    ],
    "permutation": [
        0,
        1
    ],
    "bass": {
        "SI-SDR": [
            -3.4031521072866218,
            -3.147408640299182
        ],
        "SI-SIR": [
            0.18828612711699336,
            1.8681007061670274
        ],
        "SI-SAR": [
            -0.9053251004673306,
            -1.5036772559248246
        ],
        "SD-SDR": [
            -3.630453408541163,
            -3.3535033273672052
        ],
        "SNR": [
            -1.0690373200143741,
            -0.9635917321701191
        ],
        "SRR": [
            9.294525458724339,
            9.986311664934567
        ],
        "SI-SDRi": [
            5.233687736731992,
            6.734110944414776
        ],
        "SD-SDRi": [
            5.007345807855355,
            6.528087362473542
        ],
        "SNRi": [
            7.226624750284024,
            8.809049821714318
        ],
        "MIX-SI-SDR": [
            -8.636839844018613,
            -9.881519584713958
        ],
        "MIX-SD-SDR": [
            -8.637799216396518,
            -9.881590689840747
        ],
        "MIX-SNR": [
            -8.295662070298398,
            -9.772641553884437
        ]
    },
    "drums+other+vocals": {
        "SI-SDR": [
            6.623980960109918,
            8.342751437116917
        ],
        "SI-SIR": [
            17.791565687649424,
            20.48144456507017
        ],
        "SI-SAR": [
            6.969264305114933,
            8.616616281074592
        ],
        "SD-SDR": [
            4.252104760503739,
            6.764644168601133
        ],
        "SNR": [
            7.15974770369216,
            8.72594457708098
        ],
        "SRR": [
            8.011124847482558,
            11.926308575881936
        ],
        "SI-SDRi": [
            -1.622826251651377,
            -1.4185449545886168
        ],
        "SD-SDRi": [
            -3.9937430788796533,
            -2.99658111797761
        ],
        "SNRi": [
            -1.1359143666062383,
            -1.0466969768034566
        ],
        "MIX-SI-SDR": [
            8.246807211761295,
            9.761296391705534
        ],
        "MIX-SD-SDR": [
            8.245847839383392,
            9.761225286578743
        ],
        "MIX-SNR": [
            8.295662070298398,
            9.772641553884437
        ]
    }
}