{
    "combination": [
        0,
        1
    ],
    "permutation": [
        0,
        1
    ],
    "bass": {
        "SI-SDR": [
            -3.050362429843791,
            -2.596236423580707
        ],
        "SI-SIR": [
            -2.974557699521794,
            -2.5305866572812628
        ],
        "SI-SAR": [
            14.568364846656545,
            15.642058378893806
        ],
        "SD-SDR": [
            -4.487713050231928,
            -4.3205896125571925
        ],
        "SNR": [
            1.0409696698015074,
            1.4416323095431047
        ],
        "SRR": [
            1.013375029259587,
            0.5246781803441348
        ],
        "SI-SDRi": [
            -0.12167021301240544,
            0.05810118397002739
        ],
        "SD-SDRi": [
            -1.5582739942498063,
            -1.663675813252099
        ],
        "SNRi": [
            3.8122731499796103,
            3.815986940405034
        ],
        "MIX-SI-SDR": [
            -2.9286922168313856,
            -2.6543376075507346
        ],
        "MIX-SD-SDR": [
            -2.929439055982122,
            -2.6569137993050935
        ],
        "MIX-SNR": [
            -2.771303480178103,
            -2.374354630861929
        ]
    },
    "drums+other+vocals": {
        "SI-SDR": [
            2.446838804735555,
            2.212561180704098
        ],
        "SI-SIR": [
            2.6425567966336327,
            2.3530329476547944
        ],
        "SI-SAR": [
            16.00586590091335,
            17.184560411812384
        ],
        "SD-SDR": [
            -3.0796456864728463,
            -2.82790291679464
        ],
        "SNR": [
            3.8062893848747277,
            3.811054720622807
        ],
        "SRR": [
            -1.6522178418690812,
            -1.1956044358328388
        ],
        "SI-SDRi": [
            -0.2420294420339646,
            -0.0019331148361829698
        ],
        "SD-SDRi": [
            -5.7677670940916315,
            -5.039821020580563
        ],
        "SNRi": [
            1.0349859046966237,
            1.4367000897608784
        ],
        "MIX-SI-SDR": [
            2.6888682467695197,
            2.214494295540281
        ],
        "MIX-SD-SDR": [
            2.688121407618785,
            2.2119181037859232
        ],
        "MIX-SNR": [
            2.771303480178104,
            2.3743546308619288
        ]
    }
}