{
    "combination": [
        0,
        1
    ],
    "permutation": [
        0,
        1
    ],
    "bass": {
        "SI-SDR": [
            -0.2737069673197495,
            -0.32757586983754616
        ],
        "SI-SIR": [
            1.199765115778384,
            0.8426350855441342
        ],
        "SI-SAR": [
            5.136643060217003,
            5.939600958453597
        ],
        "SD-SDR": [
            -0.7768884986006857,
            -0.9758499290162406
        ],
        "SNR": [
            1.904782815717529,
            2.049418966572967
        ],
        "SRR": [
            8.832869580199079,
            7.6045125150758075
        ],
        "SI-SDRi": [
            2.654985249511636,
            2.3267617377131886
        ],
        "SD-SDRi": [
            2.1525505573814363,
            1.681063870288853
        ],
        "SNRi": [
            4.676086295895632,
            4.423773597434897
        ],
        "MIX-SI-SDR": [
            -2.9286922168313856,
            -2.6543376075507346
        ],
        "MIX-SD-SDR": [
            -2.929439055982122,
            -2.6569137993050935
        ],
        "MIX-SNR": [
            -2.771303480178103,
            -2.374354630861929
        ]
    },
    "drums+other+vocals": {
        "SI-SDR": [
            3.650276339336501,
            3.363470291221837
        ],
        "SI-SIR": [
            9.129852717772733,
            7.603963903118682
        ],
        "SI-SAR": [
            5.096095340689689,
            5.416227193599841
        ],
        "SD-SDR": [
            -0.8269523362146396,
            -1.4998291204896832
        ],
        "SNR": [
            4.666311868690181,
            4.413559702366705
        ],
        "SRR": [
            1.088768118580935,
            0.2157620570813165
        ],
        "SI-SDRi": [
            0.9614080925669812,
            1.148975995681556
        ],
        "SD-SDRi": [
            -3.5150737438334247,
            -3.7117472242756064
        ],
        "SNRi": [
            1.8950083885120774,
            2.039205071504776
        ],
        "MIX-SI-SDR": [
            2.6888682467695197,
            2.214494295540281
        ],
        "MIX-SD-SDR": [
            2.688121407618785,
            2.2119181037859232
        ],
        "MIX-SNR": [
            2.771303480178104,
            2.3743546308619288
        ]
    }
}