{
    "combination": [
        0,
        1
    ],
    "permutation": [
        0,
        1
    ],
    "bass": {
        "SI-SDR": [
            -0.31607335986489615,
            -0.3484932453655498
        ],
        "SI-SIR": [
            1.1629209937445966,
            0.8378395320379061
        ],
        "SI-SAR": [
            5.080635637889022,
            5.866956741647016
        ],
        "SD-SDR": [
            -0.8079884911577464,
            -0.9787169771543649
        ],
        "SNR": [
            1.8573311696195263,
            2.014061933052363
        ],
        "SRR": [
            8.894589032984658,
            7.71548053508214
        ],
        "SI-SDRi": [
            2.612618856966489,
            2.3058443621851845
        ],
        "SD-SDRi": [
            2.1214505648243756,
            1.6781968221507286
        ],
        "SNRi": [
            4.628634649797629,
            4.3884165639142925
        ],
        "MIX-SI-SDR": [
            -2.9286922168313856,
            -2.6543376075507346
        ],
        "MIX-SD-SDR": [
            -2.929439055982122,
            -2.6569137993050935
        ],
        "MIX-SNR": [
            -2.771303480178103,
            -2.374354630861929
        ]
    },
    "drums+other+vocals": {
        "SI-SDR": [
            3.564040726221479,
            3.2909502882855213
        ],
        "SI-SIR": [
            9.132182697898596,
            7.654142979447616
        ],
        "SI-SAR": [
            4.975365795329879,
            5.27121065503219
        ],
        "SD-SDR": [
            -0.9214776239331908,
            -1.5714139283422934
        ],
        "SNR": [
            4.618382790107033,
            4.377171836681097
        ],
        "SRR": [
            0.9896535698334197,
            0.1446303562660878
        ],
        "SI-SDRi": [
            0.8751724794519591,
            1.0764559927452404
        ],
        "SD-SDRi": [
            -3.609599031551976,
            -3.7833320321282167
        ],
        "SNRi": [
            1.8470793099289287,
            2.0028172058191687
        ],
        "MIX-SI-SDR": [
            2.6888682467695197,
            2.214494295540281
        ],
        "MIX-SD-SDR": [
            2.688121407618785,
            2.2119181037859232
        ],
        "MIX-SNR": [
            2.771303480178104,
            2.3743546308619288
        ]
    }
}