{
    "combination": [
        0,
        1
    ],
    "permutation": [
        0,
        1
    ],
    "bass": {
        "SI-SDR": [
            1.3849225694380694,
            0.647296629175227
        ],
        "SI-SIR": [
            4.388124344955178,
            2.993757656934754
        ],
        "SI-SAR": [
            4.402332327580648,
            4.441540728759364
        ],
        "SD-SDR": [
            0.9590107484196384,
            0.18235738149313852
        ],
        "SNR": [
            3.060274531633615,
            2.5410992016377176
        ],
        "SRR": [
            11.25487259322802,
            10.116634287698377
        ],
        "SI-SDRi": [
            4.993988253821673,
            3.9999290775300773
        ],
        "SD-SDRi": [
            4.568419666703269,
            3.5359439799434806
        ],
        "SNRi": [
            6.553466242854961,
            5.707318681246852
        ],
        "MIX-SI-SDR": [
            -3.6090656843836038,
            -3.3526324483548504
        ],
        "MIX-SD-SDR": [
            -3.609408918283631,
            -3.353586598450342
        ],
        "MIX-SNR": [
            -3.493191711221346,
            -3.166219479609134
        ]
    },
    "drums+other+vocals": {
        "SI-SDR": [
            5.8064391524236765,
            4.788172364161888
        ],
        "SI-SIR": [
            13.75587075445852,
            11.85256294734215
        ],
        "SI-SAR": [
            6.565433075236594,
            5.738798856509488
        ],
        "SD-SDR": [
            3.132768166987793,
            1.4900359862194534
        ],
        "SNR": [
            6.495146700780703,
            5.650479500181285
        ],
        "SRR": [
            6.507998846283654,
            4.230396389915303
        ],
        "SI-SDRi": [
            2.364705842574192,
            1.7108740896017354
        ],
        "SD-SDRi": [
            -0.3086219089616633,
            -1.5863081382452053
        ],
        "SNRi": [
            3.0019549895593567,
            2.48426002057215
        ],
        "MIX-SI-SDR": [
            3.4417333098494844,
            3.0772982745601523
        ],
        "MIX-SD-SDR": [
            3.4413900759494562,
            3.0763441244646588
        ],
        "MIX-SNR": [
            3.493191711221346,
            3.1662194796091345
        ]
    }
}