{
    "combination": [
        0,
        1
    ],
    "permutation": [
        0,
        1
    ],
    "bass": {
        "SI-SDR": [
            -0.7985718485154734,
            -3.0607425996170265
        ],
        "SI-SIR": [
            2.4189931393368225,
            0.6371829996964157
        ],
        "SI-SAR": [
            2.013905766983501,
            -0.6439307748770475
        ],
        "SD-SDR": [
            -1.2317095439235592,
            -3.658519123844027
        ],
        "SNR": [
            1.4072833730506165,
            0.12805559727321045
        ],
        "SRR": [
            8.994642818103413,
            5.249395910989257
        ],
        "SI-SDRi": [
            4.543014349298186,
            4.002391492477296
        ],
        "SD-SDRi": [
            4.109877138352122,
            3.4049345859441735
        ],
        "SNRi": [
            6.754237474590227,
            7.025078074816079
        ],
        "MIX-SI-SDR": [
            -5.341586197813659,
            -7.063134092094322
        ],
        "MIX-SD-SDR": [
            -5.341586682275681,
            -7.063453709788201
        ],
        "MIX-SNR": [
            -5.346954101539611,
            -6.897022477542869
        ]
    },
    "drums+other+vocals": {
        "SI-SDR": [
            6.002986415802503,
            6.231197623556692
        ],
        "SI-SIR": [
            13.934952623588186,
            13.297085532367854
        ],
        "SI-SAR": [
            6.76532363856866,
            7.1814578076795605
        ],
        "SD-SDR": [
            3.539970486975967,
            4.168539134737078
        ],
        "SNR": [
            6.69329533875877,
            6.969325458654421
        ],
        "SRR": [
            7.176602435876076,
            8.392695969891143
        ],
        "SI-SDRi": [
            0.6544644829395887,
            -0.63239850916362
        ],
        "SD-SDRi": [
            -1.8085509614249236,
            -2.6947373802893555
        ],
        "SNRi": [
            1.3463412372191597,
            0.07230298111155165
        ],
        "MIX-SI-SDR": [
            5.348521932862914,
            6.863596132720312
        ],
        "MIX-SD-SDR": [
            5.3485214484008905,
            6.863276515026434
        ],
        "MIX-SNR": [
            5.346954101539611,
            6.897022477542869
        ]
    }
}