{
    "combination": [
        0,
        1
    ],
    "permutation": [
        0,
        1
    ],
    "bass": {
        "SI-SDR": [
            0.347719482452091,
            0.4120540903178458
        ],
        "SI-SIR": [
            4.169153121988993,
            3.541755968589109
        ],
        "SI-SAR": [
            2.6748031079900074,
            3.3061472310318356
        ],
        "SD-SDR": [
            0.2179713378877266,
            0.22331781759526992
        ],
        "SNR": [
            1.5617021321981674,
            1.8140851291147646
        ],
        "SRR": [
            15.529515451352102,
            13.936633576204308
        ],
        "SI-SDRi": [
            5.4314336481603,
            4.297489642663941
        ],
        "SD-SDRi": [
            5.303408482481654,
            4.110096239605127
        ],
        "SNRi": [
            6.963495078756362,
            5.9431264605838665
        ],
        "MIX-SI-SDR": [
            -5.0837141657082086,
            -3.8854355523460953
        ],
        "MIX-SD-SDR": [
            -5.085437144593928,
            -3.886778422009857
        ],
        "MIX-SNR": [
            -5.401792946558195,
            -4.129041331469102
        ]
    },
    "drums+other+vocals": {
        "SI-SDR": [
            6.17103948208912,
            4.9191057398051905
        ],
        "SI-SIR": [
            18.85493245157012,
            15.613523406630813
        ],
        "SI-SAR": [
            6.411681555751824,
            5.305954691104113
        ],
        "SD-SDR": [
            3.9468678813197884,
            2.220054331624635
        ],
        "SNR": [
            6.881175381450095,
            5.896194714478424
        ],
        "SRR": [
            7.917755735772234,
            5.5656432849129045
        ],
        "SI-SDRi": [
            0.6751351131866699,
            0.6942957410953277
        ],
        "SD-SDRi": [
            -1.5473135086969392,
            -2.0034127974214635
        ],
        "SNRi": [
            1.4793824348919005,
            1.7671533830093225
        ],
        "MIX-SI-SDR": [
            5.49590436890245,
            4.224809998709863
        ],
        "MIX-SD-SDR": [
            5.494181390016728,
            4.223467129046099
        ],
        "MIX-SNR": [
            5.401792946558195,
            4.129041331469102
        ]
    }
}