{
    "combination": [
        0,
        1
    ],
    "permutation": [
        0,
        1
    ],
    "bass": {
        "SI-SDR": [
            -4.522322483390269,
            -6.099948139119391
        ],
        "SI-SIR": [
            -4.456626117762697,
            -6.040033852627962
        ],
        "SI-SAR": [
            13.712913956982183,
            12.532513759530685
        ],
        "SD-SDR": [
            -5.331858104323237,
            -6.683306791092984
        ],
        "SNR": [
            -0.41226196659649483,
            -1.7470356549489052
        ],
        "SRR": [
            2.3621075302021852,
            2.3235947606106895
        ],
        "SI-SDRi": [
            0.8192637144233901,
            0.9631859529749311
        ],
        "SD-SDRi": [
            0.009728577952444084,
            0.38014691869521666
        ],
        "SNRi": [
            4.934692134943116,
            5.149986822593964
        ],
        "MIX-SI-SDR": [
            -5.341586197813659,
            -7.063134092094322
        ],
        "MIX-SD-SDR": [
            -5.341586682275681,
            -7.063453709788201
        ],
        "MIX-SNR": [
            -5.346954101539611,
            -6.897022477542869
        ]
    },
    "drums+other+vocals": {
        "SI-SDR": [
            6.105154667590974,
            7.651866573719046
        ],
        "SI-SIR": [
            6.4084048125361415,
            8.05357707875215
        ],
        "SI-SAR": [
            17.81573043764819,
            18.18988494611174
        ],
        "SD-SDR": [
            -1.3718940867584841,
            -1.2146674869507814
        ],
        "SNR": [
            4.9108155792208725,
            5.116674972786597
        ],
        "SRR": [
            -0.5165410923766621,
            -0.6107510172842474
        ],
        "SI-SDRi": [
            0.7566327347280604,
            0.7882704409987333
        ],
        "SD-SDRi": [
            -6.720415535159375,
            -8.077944001977215
        ],
        "SNRi": [
            -0.4361385223187382,
            -1.7803475047562722
        ],
        "MIX-SI-SDR": [
            5.348521932862914,
            6.863596132720312
        ],
        "MIX-SD-SDR": [
            5.3485214484008905,
            6.863276515026434
        ],
        "MIX-SNR": [
            5.346954101539611,
            6.897022477542869
        ]
    }
}