{
    "combination": [
        0,
        1
    ],
    "permutation": [
        0,
        1
    ],
    "bass": {
        "SI-SDR": [
            -0.8280360851132107,
            -3.0420646168421865
        ],
        "SI-SIR": [
            2.402727719477501,
            0.6515898090407544
        ],
        "SI-SAR": [
            1.9724529731185232,
            -0.6220699980708723
        ],
        "SD-SDR": [
            -1.2646163381246884,
            -3.629629480845695
        ],
        "SNR": [
            1.391611168105352,
            0.12218725349371196
        ],
        "SRR": [
            8.929047514630687,
            5.348126199151423
        ],
        "SI-SDRi": [
            4.5135501127004485,
            4.021069475252135
        ],
        "SD-SDRi": [
            4.076970344150992,
            3.433824228942506
        ],
        "SNRi": [
            6.738565269644963,
            7.019209731036581
        ],
        "MIX-SI-SDR": [
            -5.341586197813659,
            -7.063134092094322
        ],
        "MIX-SD-SDR": [
            -5.341586682275681,
            -7.063453709788201
        ],
        "MIX-SNR": [
            -5.346954101539611,
            -6.897022477542869
        ]
    },
    "drums+other+vocals": {
        "SI-SDR": [
            5.978002768229308,
            6.226469923219651
        ],
        "SI-SIR": [
            13.886414810008127,
            13.355068707898079
        ],
        "SI-SAR": [
            6.744874285963034,
            7.161528552039797
        ],
        "SD-SDR": [
            3.5263839440966835,
            4.155278244692339
        ],
        "SNR": [
            6.679284981776288,
            6.963587079732072
        ],
        "SRR": [
            7.1779946177587695,
            8.365434873152575
        ],
        "SI-SDRi": [
            0.6294808353663939,
            -0.6371262095006616
        ],
        "SD-SDRi": [
            -1.822137504304207,
            -2.7079982703340946
        ],
        "SNRi": [
            1.3323308802366771,
            0.06656460218920301
        ],
        "MIX-SI-SDR": [
            5.348521932862914,
            6.863596132720312
        ],
        "MIX-SD-SDR": [
            5.3485214484008905,
            6.863276515026434
        ],
        "MIX-SNR": [
            5.346954101539611,
            6.897022477542869
        ]
    }
}