{
    "combination": [
        0,
        1
    ],
    "permutation": [
        0,
        1
    ],
    "bass": {
        "SI-SDR": [
            -1.6947286423983197,
            -2.4151250426191226
        ],
        "SI-SIR": [
            1.4682642306010438,
            0.15502471687195984
        ],
        "SI-SAR": [
            1.1680650631593354,
            1.0850171076953479
        ],
        "SD-SDR": [
            -1.781606740760008,
            -2.5038813568420295
        ],
        "SNR": [
            -0.3973301301454643,
            -0.9947523244805869
        ],
        "SRR": [
            15.250499944659596,
            14.436271744034133
        ],
        "SI-SDRi": [
            4.225813668098158,
            3.544959342429649
        ],
        "SD-SDRi": [
            4.146065980514758,
            3.4657761821161506
        ],
        "SNRi": [
            6.255944818947373,
            5.825627370569803
        ],
        "MIX-SI-SDR": [
            -5.920542310496478,
            -5.960084385048772
        ],
        "MIX-SD-SDR": [
            -5.927672721274766,
            -5.96965753895818
        ],
        "MIX-SNR": [
            -6.653274949092838,
            -6.82037969505039
        ]
    },
    "drums+other+vocals": {
        "SI-SDR": [
            5.420247549162516,
            5.013530810421908
        ],
        "SI-SIR": [
            18.333422625984458,
            16.87816945481738
        ],
        "SI-SAR": [
            5.648183999703336,
            5.305847981792442
        ],
        "SD-SDR": [
            2.692049900905536,
            1.7137978537337437
        ],
        "SNR": [
            6.2193927581343935,
            5.790283514791952
        ],
        "SRR": [
            6.004057389058076,
            4.452754594809995
        ],
        "SI-SDRi": [
            -1.402182253042218,
            -2.000323740267654
        ],
        "SD-SDRi": [
            -4.12324949052091,
            -5.290483543046406
        ],
        "SNRi": [
            -0.43388219095844427,
            -1.0300961802584379
        ],
        "MIX-SI-SDR": [
            6.822429802204734,
            7.013854550689562
        ],
        "MIX-SD-SDR": [
            6.8152993914264455,
            7.00428139678015
        ],
        "MIX-SNR": [
            6.653274949092838,
            6.82037969505039
        ]
    }
}