{
    "combination": [
        0,
        1
    ],
    "permutation": [
        0,
        1
    ],
    "bass": {
        "SI-SDR": [
            -1.214226767137906,
            -0.6849712631885908
        ],
        "SI-SIR": [
            1.5514370115506648,
            2.475615496413171
        ],
        "SI-SAR": [
            2.0553165231317303,
            2.1800690581839417
        ],
        "SD-SDR": [
            -1.4032610849147078,
            -0.8696094105334861
        ],
        "SNR": [
            0.4831383177975578,
            0.8966675198296393
        ],
        "SRR": [
            12.303349814222555,
            12.937011368135117
        ],
        "SI-SDRi": [
            5.312513411433592,
            5.76954744321107
        ],
        "SD-SDRi": [
            5.128189586855556,
            5.587780053972588
        ],
        "SNRi": [
            7.643423165575163,
            7.83681696479435
        ],
        "MIX-SI-SDR": [
            -6.526740178571498,
            -6.454518706399661
        ],
        "MIX-SD-SDR": [
            -6.531450671770264,
            -6.457389464506074
        ],
        "MIX-SNR": [
            -7.160284847777605,
            -6.94014944496471
        ]
    },
    "drums+other+vocals": {
        "SI-SDR": [
            7.496579665081593,
            7.574856057425658
        ],
        "SI-SIR": [
            17.51672908344792,
            18.279826240190047
        ],
        "SI-SAR": [
            7.951921506198612,
            7.960723209837626
        ],
        "SD-SDR": [
            4.508080929404219,
            4.944178599550439
        ],
        "SNR": [
            7.55228707976136,
            7.751091052295205
        ],
        "SRR": [
            7.540292099704677,
            8.370490592958834
        ],
        "SI-SDRi": [
            0.20707357083729416,
            0.5319871108388776
        ],
        "SD-SDRi": [
            -2.7767146716413116,
            -2.0958195889299303
        ],
        "SNRi": [
            0.3920022319837546,
            0.8109416073304949
        ],
        "MIX-SI-SDR": [
            7.289506094244299,
            7.04286894658678
        ],
        "MIX-SD-SDR": [
            7.284795601045531,
            7.039998188480369
        ],
        "MIX-SNR": [
            7.160284847777605,
            6.94014944496471
        ]
    }
}