{
    "combination": [
        0,
        1
    ],
    "permutation": [
        0,
        1
    ],
    "bass": {
        "SI-SDR": [
            -11.538151472366993,
            -9.759896374215707
        ],
        "SI-SIR": [
            -7.093719215375716,
            -5.036664909661248
        ],
        "SI-SAR": [
            -9.604140303279813,
            -7.974792980419347
        ],
        "SD-SDR": [
            -11.673974200826615,
            -9.890978453760283
        ],
        "SNR": [
            -7.204932294386893,
            -6.149211068629396
        ],
        "SRR": [
            3.441878782656387,
            5.3768076233926765
        ],
        "SI-SDRi": [
            4.453704517800144,
            5.671365705796447
        ],
        "SD-SDRi": [
            4.317915531914391,
            5.540304744140251
        ],
        "SNRi": [
            8.635665043287096,
            9.396006900327144
        ],
        "MIX-SI-SDR": [
            -15.991855990167137,
            -15.431262080012154
        ],
        "MIX-SD-SDR": [
            -15.991889732741006,
            -15.431283197900534
        ],
        "MIX-SNR": [
            -15.840597337673989,
            -15.545217968956539
        ]
    },
    "drums+other+vocals": {
        "SI-SDR": [
            8.263468383783778,
            9.117063987220016
        ],
        "SI-SIR": [
            21.723588384918898,
            22.736717317335724
        ],
        "SI-SAR": [
            8.46380042208965,
            9.310007616847857
        ],
        "SD-SDR": [
            6.3970391394444395,
            7.4101759345083185
        ],
        "SNR": [
            8.56149728352934,
            9.298890554236541
        ],
        "SRR": [
            10.964611237171782,
            12.291496475880736
        ],
        "SI-SDRi": [
            -7.573253583067725,
            -6.43137330252234
        ],
        "SD-SDRi": [
            -9.43964908483319,
            -8.13824023734566
        ],
        "SNRi": [
            -7.279100054144649,
            -6.246327414719998
        ],
        "MIX-SI-SDR": [
            15.836721966851503,
            15.548437289742356
        ],
        "MIX-SD-SDR": [
            15.83668822427763,
            15.548416171853978
        ],
        "MIX-SNR": [
            15.840597337673989,
            15.545217968956539
        ]
    }
}