{
    "combination": [
        0,
        1
    ],
    "permutation": [
        0,
        1
    ],
    "bass": {
        "SI-SDR": [
            -7.142494193562051,
            -7.966729611082774
        ],
        "SI-SIR": [
            -5.564110674220146,
            -6.393745814469703
        ],
        "SI-SAR": [
            -1.9814601830326484,
            -2.7933496744536916
        ],
        "SD-SDR": [
            -7.412642351997407,
            -8.228871014600697
        ],
        "SNR": [
            -3.4585949270534266,
            -4.016274049056394
        ],
        "SRR": [
            4.783554571220265,
            4.094027328061306
        ],
        "SI-SDRi": [
            2.651266733752875,
            2.3835803616888596
        ],
        "SD-SDRi": [
            2.385874676232982,
            2.1278844029523967
        ],
        "SNRi": [
            5.494548090125302,
            5.3028879193298035
        ],
        "MIX-SI-SDR": [
            -9.793760927314926,
            -10.350309972771633
        ],
        "MIX-SD-SDR": [
            -9.798517028230389,
            -10.356755417553094
        ],
        "MIX-SNR": [
            -8.953143017178729,
            -9.319161968386197
        ]
    },
    "drums+other+vocals": {
        "SI-SDR": [
            5.319262348145422,
            4.99835703754104
        ],
        "SI-SIR": [
            13.847116572746748,
            13.793152217485304
        ],
        "SI-SAR": [
            5.97604920045594,
            5.613078509344245
        ],
        "SD-SDR": [
            0.5359528883763307,
            0.16610988560179418
        ],
        "SNR": [
            5.486443461337757,
            5.289973840929796
        ],
        "SRR": [
            2.290829634833104,
            1.8968238505210269
        ],
        "SI-SDRi": [
            -3.535515770470811,
            -4.212089429168974
        ],
        "SD-SDRi": [
            -8.314069129324437,
            -9.03789113632676
        ],
        "SNRi": [
            -3.4666995558409717,
            -4.029188127456401
        ],
        "MIX-SI-SDR": [
            8.854778118616233,
            9.210446466710014
        ],
        "MIX-SD-SDR": [
            8.850022017700768,
            9.204001021928553
        ],
        "MIX-SNR": [
            8.953143017178729,
            9.319161968386197
        ]
    }
}