{
    "combination": [
        0,
        1
    ],
    "permutation": [
        0,
        1
    ],
    "bass": {
        "SI-SDR": [
            -10.219079506461915,
            -10.976022474223186
        ],
        "SI-SIR": [
            -5.900662370888707,
            -6.315448553848193
        ],
        "SI-SAR": [
            -8.212740090605559,
            -9.158715334019579
        ],
        "SD-SDR": [
            -10.658043255831123,
            -11.393157927034004
        ],
        "SNR": [
            -4.390606029002276,
            -4.8522576700444615
        ],
        "SRR": [
            -0.4868533577637234,
            -1.0111873784525471
        ],
        "SI-SDRi": [
            1.3893053000257165,
            1.1374965272656272
        ],
        "SD-SDRi": [
            0.950377217434351,
            0.7203716834133029
        ],
        "SNRi": [
            7.313061866594767,
            7.206687430604755
        ],
        "MIX-SI-SDR": [
            -11.608384806487631,
            -12.113519001488813
        ],
        "MIX-SD-SDR": [
            -11.608420473265474,
            -12.113529610447307
        ],
        "MIX-SNR": [
            -11.703667895597043,
            -12.058945100649217
        ]
    },
    "drums+other+vocals": {
        "SI-SDR": [
            6.498671954905784,
            6.324811124220391
        ],
        "SI-SIR": [
            14.949774472923398,
            15.201672819966273
        ],
        "SI-SAR": [
            7.1681194985670835,
            6.927188922387941
        ],
        "SD-SDR": [
            4.722570609646944,
            4.6944557810632395
        ],
        "SNR": [
            7.24112782020629,
            7.1444575426803585
        ],
        "SRR": [
            9.463564085229471,
            9.739182045091914
        ],
        "SI-SDRi": [
            -5.211498685724901,
            -5.73075695754032
        ],
        "SD-SDRi": [
            -6.987564364205898,
            -7.361101691738974
        ],
        "SNRi": [
            -4.462540075390753,
            -4.914487557968858
        ],
        "MIX-SI-SDR": [
            11.710170640630684,
            12.055568081760711
        ],
        "MIX-SD-SDR": [
            11.710134973852842,
            12.055557472802214
        ],
        "MIX-SNR": [
            11.703667895597043,
            12.058945100649217
        ]
    }
}