{
    "combination": [
        0,
        1
    ],
    "permutation": [
        0,
        1
    ],
    "bass": {
        "SI-SDR": [
            -2.6582193241881846,
            -1.7840932704857781
        ],
        "SI-SIR": [
            0.19233921698169332,
            1.4968251533578736
        ],
        "SI-SAR": [
            0.5179227363910506,
            0.9714664783199536
        ],
        "SD-SDR": [
            -3.0035931953328836,
            -2.264258174415492
        ],
        "SNR": [
            -0.1388583451021806,
            0.780758325132751
        ],
        "SRR": [
            8.162897714571159,
            7.537551479488193
        ],
        "SI-SDRi": [
            5.25001456602654,
            6.343934580410393
        ],
        "SD-SDRi": [
            4.906358951689516,
            5.86643899457294
        ],
        "SNRi": [
            7.351915080754442,
            8.379085916627728
        ],
        "MIX-SI-SDR": [
            -7.908233890214724,
            -8.12802785089617
        ],
        "MIX-SD-SDR": [
            -7.909952147022399,
            -8.130697168988432
        ],
        "MIX-SNR": [
            -7.490773425856623,
            -7.598327591494977
        ]
    },
    "drums+other+vocals": {
        "SI-SDR": [
            7.097577063817992,
            8.255049165403356
        ],
        "SI-SIR": [
            15.906759488564749,
            16.15340409439595
        ],
        "SI-SAR": [
            7.710115092303518,
            9.023865682516645
        ],
        "SD-SDR": [
            4.188399051964224,
            5.805229815384056
        ],
        "SNR": [
            7.303669171950807,
            8.32488222664747
        ],
        "SRR": [
            7.302231740523142,
            9.459213793340059
        ],
        "SI-SDRi": [
            -0.3216803869253786,
            0.744291037581597
        ],
        "SD-SDRi": [
            -3.2291401419714783,
            -1.7028589943454433
        ],
        "SNRi": [
            -0.1871042539058161,
            0.7265546351524925
        ],
        "MIX-SI-SDR": [
            7.419257450743371,
            7.5107581278217594
        ],
        "MIX-SD-SDR": [
            7.417539193935702,
            7.508088809729499
        ],
        "MIX-SNR": [
            7.490773425856623,
            7.598327591494977
        ]
    }
}