{
    "combination": [
        0,
        1
    ],
    "permutation": [
        0,
        1
    ],
    "bass": {
        "SI-SDR": [
            -2.0285298334543937,
            -2.6190730115290966
        ],
        "SI-SIR": [
            2.385106617641676,
            2.010347670618665
        ],
        "SI-SAR": [
            -0.07714631747419544,
            -0.7854898346859591
        ],
        "SD-SDR": [
            -2.099566061470018,
            -2.6873311400624376
        ],
        "SNR": [
            -0.7939437301477639,
            -1.322455561568242
        ],
        "SRR": [
            15.798947826539438,
            15.383052568311289
        ],
        "SI-SDRi": [
            7.576943479231966,
            7.589860412157723
        ],
        "SD-SDRi": [
            7.505931196476192,
            7.521602345248804
        ],
        "SNRi": [
            8.873405217345708,
            8.889830117107252
        ],
        "MIX-SI-SDR": [
            -9.60547331268636,
            -10.208933423686819
        ],
        "MIX-SD-SDR": [
            -9.60549725794621,
            -10.208933485311242
        ],
        "MIX-SNR": [
            -9.66734894749347,
            -10.212285678675494
        ]
    },
    "drums+other+vocals": {
        "SI-SDR": [
            8.525428062841534,
            8.486453989137202
        ],
        "SI-SIR": [
            24.75995134929417,
            25.163230521932718
        ],
        "SI-SAR": [
            8.630032889955805,
            8.580820179818655
        ],
        "SD-SDR": [
            6.619532947695115,
            6.686058737557504
        ],
        "SNR": [
            8.751143163628129,
            8.760721495400873
        ],
        "SRR": [
            11.114539436563861,
            11.379366752550336
        ],
        "SI-SDRi": [
            -1.1486436205068529,
            -1.726151034548069
        ],
        "SD-SDRi": [
            -3.054514790393423,
            -3.5265462245033454
        ],
        "SNRi": [
            -0.9162057838653421,
            -1.4515641832746216
        ],
        "MIX-SI-SDR": [
            9.674071683348387,
            10.21260502368527
        ],
        "MIX-SD-SDR": [
            9.674047738088538,
            10.21260496206085
        ],
        "MIX-SNR": [
            9.66734894749347,
            10.212285678675494
        ]
    }
}