{
    "combination": [
        0,
        1
    ],
    "permutation": [
        0,
        1
    ],
    "bass": {
        "SI-SDR": [
            -1.5390394289215006,
            -1.3018838483304298
        ],
        "SI-SIR": [
            1.7558570602625092,
            2.034426976238757
        ],
        "SI-SAR": [
            1.2041723677006524,
            1.405178271546861
        ],
        "SD-SDR": [
            -1.9051480083517243,
            -1.8680803226460183
        ],
        "SNR": [
            0.727635857818869,
            1.2599050041446822
        ],
        "SRR": [
            9.018364456918626,
            7.260114192872734
        ],
        "SI-SDRi": [
            4.889130070676354,
            5.7989027706127665
        ],
        "SD-SDRi": [
            4.525269800458896,
            5.239441619496137
        ],
        "SNRi": [
            7.582560119060806,
            7.62506142522512
        ],
        "MIX-SI-SDR": [
            -6.428169499597855,
            -7.1007866189431965
        ],
        "MIX-SD-SDR": [
            -6.4304178088106205,
            -7.107521942142156
        ],
        "MIX-SNR": [
            -6.854924261241937,
            -6.365156421080437
        ]
    },
    "drums+other+vocals": {
        "SI-SDR": [
            7.037231069861615,
            7.102720985813242
        ],
        "SI-SIR": [
            15.371808835644064,
            14.72242431404065
        ],
        "SI-SAR": [
            7.7264063823525255,
            7.927631508731593
        ],
        "SD-SDR": [
            4.656884366402023,
            4.719311135981064
        ],
        "SNR": [
            7.4544811437908995,
            7.500911326009037
        ],
        "SRR": [
            8.40427341483439,
            8.462507335849477
        ],
        "SI-SDRi": [
            0.09076629689556803,
            0.8967175568161121
        ],
        "SD-SDRi": [
            -2.287332097351263,
            -1.4799569698171071
        ],
        "SNRi": [
            0.5995568825489626,
            1.1357549049286
        ],
        "MIX-SI-SDR": [
            6.946464772966047,
            6.20600342899713
        ],
        "MIX-SD-SDR": [
            6.944216463753286,
            6.199268105798171
        ],
        "MIX-SNR": [
            6.854924261241937,
            6.365156421080437
        ]
    }
}