{
    "combination": [
        0,
        1
    ],
    "permutation": [
        0,
        1
    ],
    "bass": {
        "SI-SDR": [
            -5.966326818141175,
            -5.046814917347469
        ],
        "SI-SIR": [
            -2.5362020278606447,
            -1.8779854895234287
        ],
        "SI-SAR": [
            -3.3388213442107038,
            -2.1894608854430566
        ],
        "SD-SDR": [
            -6.452399089790648,
            -5.478735462079588
        ],
        "SNR": [
            -1.9256902439384387,
            -1.51578826569532
        ],
        "SRR": [
            3.2992051611519035,
            4.7592396172990545
        ],
        "SI-SDRi": [
            2.1919527628277518,
            2.495496244460826
        ],
        "SD-SDRi": [
            1.7094420169303834,
            2.065464959793454
        ],
        "SNRi": [
            5.621967345281952,
            5.607051279275632
        ],
        "MIX-SI-SDR": [
            -8.158279580968927,
            -7.5423111618082945
        ],
        "MIX-SD-SDR": [
            -8.161841106721031,
            -7.544200421873042
        ],
        "MIX-SNR": [
            -7.547657589220391,
            -7.122839544970953
        ]
    },
    "drums+other+vocals": {
        "SI-SDR": [
            4.2927001510077964,
            4.317972789913934
        ],
        "SI-SIR": [
            12.338283392476487,
            12.557127120511481
        ],
        "SI-SAR": [
            5.0335720041817265,
            5.0237717232625805
        ],
        "SD-SDR": [
            1.9441536109668611,
            1.7620917995724943
        ],
        "SNR": [
            5.562059467788717,
            5.5378736865020155
        ],
        "SRR": [
            5.735488726567044,
            5.279975278861998
        ],
        "SI-SDRi": [
            -3.153591584153899,
            -2.7266101868333665
        ],
        "SD-SDRi": [
            -5.498576598442725,
            -5.280601917110058
        ],
        "SNRi": [
            -1.985598121431674,
            -1.584965858468939
        ],
        "MIX-SI-SDR": [
            7.4462917351616955,
            7.044582976747301
        ],
        "MIX-SD-SDR": [
            7.442730209409586,
            7.042693716682552
        ],
        "MIX-SNR": [
            7.547657589220391,
            7.1228395449709545
        ]
    }
}