{
    "combination": [
        0,
        1
    ],
    "permutation": [
        0,
        1
    ],
    "bass": {
        "SI-SDR": [
            -3.4562558779419454,
            -4.1251535484856365
        ],
        "SI-SIR": [
            -1.490591414010446,
            -1.938654541393754
        ],
        "SI-SAR": [
            0.9323186278272031,
            -0.0973245637080283
        ],
        "SD-SDR": [
            -3.6587878172030788,
            -4.402220229764895
        ],
        "SNR": [
            -1.2126692359870765,
            -1.4012990625418476
        ],
        "SRR": [
            9.7549925188391,
            7.687576721004577
        ],
        "SI-SDRi": [
            2.26140522477273,
            2.922922477170638
        ],
        "SD-SDRi": [
            2.0598205778317427,
            2.659114986552308
        ],
        "SNRi": [
            4.261624950110578,
            4.640996710887389
        ],
        "MIX-SI-SDR": [
            -5.7176611027146755,
            -7.0480760256562744
        ],
        "MIX-SD-SDR": [
            -5.718608395034821,
            -7.061335216317203
        ],
        "MIX-SNR": [
            -5.474294186097655,
            -6.042295773429236
        ]
    },
    "drums+other+vocals": {
        "SI-SDR": [
            2.6726202588560506,
            3.2619529149170843
        ],
        "SI-SIR": [
            12.556787087255067,
            13.194702677697379
        ],
        "SI-SAR": [
            3.143258315958316,
            3.727064758727756
        ],
        "SD-SDR": [
            -1.4665694173028134,
            -0.597977080606122
        ],
        "SNR": [
            4.235799008825265,
            4.613234315010515
        ],
        "SRR": [
            0.6485671358913012,
            1.7020229480684421
        ],
        "SI-SDRi": [
            -2.7340504680264965,
            -2.5510617703156138
        ],
        "SD-SDRi": [
            -6.872292851865218,
            -6.397732575177896
        ],
        "SNRi": [
            -1.23849517727239,
            -1.4290614584187216
        ],
        "MIX-SI-SDR": [
            5.406670726882547,
            5.813014685232698
        ],
        "MIX-SD-SDR": [
            5.405723434562405,
            5.799755494571774
        ],
        "MIX-SNR": [
            5.474294186097655,
            6.042295773429236
        ]
    }
}