{
    "combination": [
        0,
        1
    ],
    "permutation": [
        0,
        1
    ],
    "bass": {
        "SI-SDR": [
            2.526262325397017,
            -0.3018728873840943
        ],
        "SI-SIR": [
            8.560492028078635,
            5.618090458665721
        ],
        "SI-SAR": [
            3.771115917443404,
            0.9815849793917721
        ],
        "SD-SDR": [
            2.182292095507111,
            -0.5824394965744748
        ],
        "SNR": [
            3.871245464578836,
            1.4762987798756284
        ],
        "SRR": [
            13.365776684743134,
            11.454571887317142
        ],
        "SI-SDRi": [
            8.821145923054143,
            8.456031954003237
        ],
        "SD-SDRi": [
            8.478156841519727,
            8.176237238403825
        ],
        "SNRi": [
            9.901706967988957,
            9.9232312361399
        ],
        "MIX-SI-SDR": [
            -6.294883597657125,
            -8.757904841387331
        ],
        "MIX-SD-SDR": [
            -6.295864746012617,
            -8.7586767349783
        ],
        "MIX-SNR": [
            -6.030461503410121,
            -8.446932456264271
        ]
    },
    "drums+other+vocals": {
        "SI-SDR": [
            9.443989773236595,
            9.489230313540716
        ],
        "SI-SIR": [
            20.037422007724288,
            20.8556414421488
        ],
        "SI-SAR": [
            9.84036750376785,
            9.818461344156654
        ],
        "SD-SDR": [
            8.283442125343639,
            8.288595119072278
        ],
        "SNR": [
            9.769490044943392,
            9.79413127707353
        ],
        "SRR": [
            14.582014966349009,
            14.45882378904977
        ],
        "SI-SDRi": [
            3.477992199172177,
            1.0854226668811382
        ],
        "SD-SDRi": [
            2.3184256996347097,
            -0.11444063399633109
        ],
        "SNRi": [
            3.739028541533271,
            1.3471988208092593
        ],
        "MIX-SI-SDR": [
            5.965997574064418,
            8.403807646659578
        ],
        "MIX-SD-SDR": [
            5.965016425708929,
            8.40303575306861
        ],
        "MIX-SNR": [
            6.030461503410121,
            8.446932456264271
        ]
    }
}