{
    "combination": [
        0,
        1
    ],
    "permutation": [
        0,
        1
    ],
    "bass": {
        "SI-SDR": [
            -13.556501520749695,
            -13.457900126448092
        ],
        "SI-SIR": [
            -11.783498938118607,
            -11.75540138427387
        ],
        "SI-SAR": [
            -8.809368454555903,
            -8.567448644686266
        ],
        "SD-SDR": [
            -13.788208527325102,
            -13.647729157007515
        ],
        "SNR": [
            -7.282569749243784,
            -7.647633212676526
        ],
        "SRR": [
            -0.9444186543674654,
            0.041056454253593555
        ],
        "SI-SDRi": [
            -0.5434587595200764,
            -0.18240614690422063
        ],
        "SD-SDRi": [
            -0.7749548113428926,
            -0.37176593574637096
        ],
        "SNRi": [
            5.464004138437701,
            5.2216981203365265
        ],
        "MIX-SI-SDR": [
            -13.013042761229618,
            -13.275493979543871
        ],
        "MIX-SD-SDR": [
            -13.01325371598221,
            -13.275963221261144
        ],
        "MIX-SNR": [
            -12.746573887681485,
            -12.869331333013053
        ]
    },
    "drums+other+vocals": {
        "SI-SDR": [
            4.9871475337336495,
            4.669905920221157
        ],
        "SI-SIR": [
            13.761972365396433,
            14.233730212760472
        ],
        "SI-SAR": [
            5.604913599549919,
            5.178763643573586
        ],
        "SD-SDR": [
            0.6304897472076503,
            0.0993413081737966
        ],
        "SNR": [
            5.441830157740057,
            5.193261217854939
        ],
        "SRR": [
            2.61452985268868,
            1.9641647503365047
        ],
        "SI-SDRi": [
            -7.745672599029438,
            -8.1793520443042
        ],
        "SD-SDRi": [
            -12.102119430802848,
            -12.749447414634291
        ],
        "SNRi": [
            -7.304743729941428,
            -7.676070115158113
        ],
        "MIX-SI-SDR": [
            12.732820132763088,
            12.849257964525355
        ],
        "MIX-SD-SDR": [
            12.732609178010499,
            12.848788722808088
        ],
        "MIX-SNR": [
            12.746573887681485,
            12.869331333013053
        ]
    }
}