{
    "combination": [
        0,
        1
    ],
    "permutation": [
        0,
        1
    ],
    "bass": {
        "SI-SDR": [
            -3.0451971833043947,
            -4.050612104519202
        ],
        "SI-SIR": [
            -0.49331115830113936,
            -1.902701860485775
        ],
        "SI-SAR": [
            0.4776770083421744,
            0.03685213420916159
        ],
        "SD-SDR": [
            -3.0574942342254525,
            -4.056779350217577
        ],
        "SNR": [
            -2.4244026006363892,
            -3.549883701330563
        ],
        "SRR": [
            22.428486239275614,
            24.423234513399713
        ],
        "SI-SDRi": [
            4.430072042312973,
            3.851468430227995
        ],
        "SD-SDRi": [
            4.419630911590946,
            3.849373129771288
        ],
        "SNRi": [
            5.4880842688708364,
            5.043489419882572
        ],
        "MIX-SI-SDR": [
            -7.475269225617367,
            -7.902080534747197
        ],
        "MIX-SD-SDR": [
            -7.477125145816398,
            -7.906152479988865
        ],
        "MIX-SNR": [
            -7.912486869507226,
            -8.593373121213135
        ]
    },
    "drums+other+vocals": {
        "SI-SDR": [
            4.525071155341872,
            4.021164540076989
        ],
        "SI-SIR": [
            24.426654588558634,
            24.41902092441282
        ],
        "SI-SAR": [
            4.569724781928678,
            4.060974123363341
        ],
        "SD-SDR": [
            1.017761450806578,
            -0.027879209576255448
        ],
        "SNR": [
            5.430663174992043,
            4.986358431738168
        ],
        "SRR": [
            3.5821339155814567,
            2.14479198938712
        ],
        "SI-SDRi": [
            -3.4611721999439293,
            -4.674589379520886
        ],
        "SD-SDRi": [
            -6.966625984280194,
            -8.719561183932464
        ],
        "SNRi": [
            -2.4818236945151826,
            -3.6070146894749673
        ],
        "MIX-SI-SDR": [
            7.986243355285802,
            8.695753919597875
        ],
        "MIX-SD-SDR": [
            7.984387435086772,
            8.691681974356209
        ],
        "MIX-SNR": [
            7.912486869507226,
            8.593373121213135
        ]
    }
}