{
    "combination": [
        0,
        1
    ],
    "permutation": [
        0,
        1
    ],
    "bass": {
        "SI-SDR": [
            -1.5007310185011649,
            -3.3451981072774126
        ],
        "SI-SIR": [
            2.4308073178647938,
            0.5307998963357029
        ],
        "SI-SAR": [
            0.7499598815309404,
            -1.0563823207218312
        ],
        "SD-SDR": [
            -1.7763715218510416,
            -3.601142848851901
        ],
        "SNR": [
            0.5309050296625236,
            -0.9167376960103291
        ],
        "SRR": [
            10.335132586294854,
            8.822582052018422
        ],
        "SI-SDRi": [
            5.528215253330915,
            5.293351320191831
        ],
        "SD-SDRi": [
            5.253019841859755,
            5.037798498746741
        ],
        "SNRi": [
            7.364991263686624,
            7.948197069897735
        ],
        "MIX-SI-SDR": [
            -7.02894627183208,
            -8.638549427469243
        ],
        "MIX-SD-SDR": [
            -7.029391363710797,
            -8.638941347598642
        ],
        "MIX-SNR": [
            -6.834086234024101,
            -8.864934765908064
        ]
    },
    "drums+other+vocals": {
        "SI-SDR": [
            6.7074108415779605,
            7.480619816712803
        ],
        "SI-SIR": [
            17.140935626714764,
            17.78797282386237
        ],
        "SI-SAR": [
            7.119382755098806,
            7.905349316716217
        ],
        "SD-SDR": [
            4.591989609609195,
            5.365941272261799
        ],
        "SNR": [
            7.300910532877043,
            7.873871474506831
        ],
        "SRR": [
            8.730725633085383,
            9.505860974680168
        ],
        "SI-SDRi": [
            -0.08699370248478377,
            -1.4143908465174952
        ],
        "SD-SDRi": [
            -2.201969842574833,
            -3.5286774708391038
        ],
        "SNRi": [
            0.4668242988529414,
            -0.9910632914012334
        ],
        "MIX-SI-SDR": [
            6.794404544062744,
            8.895010663230298
        ],
        "MIX-SD-SDR": [
            6.793959452184028,
            8.894618743100903
        ],
        "MIX-SNR": [
            6.8340862340241015,
            8.864934765908064
        ]
    }
}