{
    "combination": [
        0,
        1
    ],
    "permutation": [
        0,
        1
    ],
    "bass": {
        "SI-SDR": [
            -1.7439967830311665,
            0.05552751534662775
        ],
        "SI-SIR": [
            2.1240449303339637,
            4.312482675759483
        ],
        "SI-SAR": [
            0.5503482596143835,
            2.0983674647031374
        ],
        "SD-SDR": [
            -1.9609910373065058,
            -0.22455422171997896
        ],
        "SNR": [
            0.16065646440255282,
            1.7583942171255895
        ],
        "SRR": [
            11.160415114872277,
            11.819729256300393
        ],
        "SI-SDRi": [
            6.445642621538058,
            7.123952377512476
        ],
        "SD-SDRi": [
            6.229075988295266,
            6.844081574695248
        ],
        "SNRi": [
            8.13221407532771,
            8.691501832802512
        ],
        "MIX-SI-SDR": [
            -8.189639404569224,
            -7.068424862165847
        ],
        "MIX-SD-SDR": [
            -8.190067025601772,
            -7.068635796415227
        ],
        "MIX-SNR": [
            -7.971557610925157,
            -6.933107615676923
        ]
    },
    "drums+other+vocals": {
        "SI-SDR": [
            7.787922770145007,
            8.376655425312334
        ],
        "SI-SIR": [
            19.117255158709266,
            18.782936086475434
        ],
        "SI-SAR": [
            8.12008745474541,
            8.791347636861905
        ],
        "SD-SDR": [
            5.610783689764033,
            6.465061337209306
        ],
        "SNR": [
            8.082057765292403,
            8.632801281925042
        ],
        "SRR": [
            9.652954036504193,
            10.949742436556482
        ],
        "SI-SDRi": [
            -0.14956992493330556,
            1.4706277303150257
        ],
        "SD-SDRi": [
            -2.3262813842817325,
            -0.4407554235386266
        ],
        "SNRi": [
            0.11050015436724525,
            1.6996936662481188
        ],
        "MIX-SI-SDR": [
            7.937492695078313,
            6.9060276949973085
        ],
        "MIX-SD-SDR": [
            7.9370650740457656,
            6.905816760747933
        ],
        "MIX-SNR": [
            7.971557610925157,
            6.933107615676923
        ]
    }
}