{
    "combination": [
        0,
        1
    ],
    "permutation": [
        0,
        1
    ],
    "bass": {
        "SI-SDR": [
            -3.2733938426868754,
            -1.8781742370139012
        ],
        "SI-SIR": [
            0.571990388745584,
            2.1867777075765162
        ],
        "SI-SAR": [
            -0.9632083643403184,
            0.2842008424503011
        ],
        "SD-SDR": [
            -3.340545487470857,
            -1.9494464747909745
        ],
        "SNR": [
            -1.8884563704931223,
            -0.6626542885036707
        ],
        "SRR": [
            14.800263639297393,
            15.934780073587637
        ],
        "SI-SDRi": [
            5.910876725600257,
            6.336153487852455
        ],
        "SD-SDRi": [
            5.843756979884418,
            6.265501216089891
        ],
        "SNRi": [
            7.363879972539987,
            7.823690525593182
        ],
        "MIX-SI-SDR": [
            -9.184270568287133,
            -8.214327724866356
        ],
        "MIX-SD-SDR": [
            -9.184302467355275,
            -8.214947690880866
        ],
        "MIX-SNR": [
            -9.25233634303311,
            -8.486344814096853
        ]
    },
    "drums+other+vocals": {
        "SI-SDR": [
            6.700788638447536,
            7.271205734676014
        ],
        "SI-SIR": [
            22.695037034796716,
            22.84492426715554
        ],
        "SI-SAR": [
            6.811420268321198,
            7.393245156126165
        ],
        "SD-SDR": [
            4.4504017848843604,
            5.162026667083991
        ],
        "SNR": [
            7.254030539963052,
            7.719307751511234
        ],
        "SRR": [
            8.38238789878287,
            9.310727683147919
        ],
        "SI-SDRi": [
            -2.5596890421263847,
            -1.254735163821472
        ],
        "SD-SDRi": [
            -4.8100439966214195,
            -3.363294265398981
        ],
        "SNRi": [
            -1.998305803070057,
            -0.7670370625856187
        ],
        "MIX-SI-SDR": [
            9.26047768057392,
            8.525940898497486
        ],
        "MIX-SD-SDR": [
            9.26044578150578,
            8.525320932482972
        ],
        "MIX-SNR": [
            9.25233634303311,
            8.486344814096853
        ]
    }
}