{
    "combination": [
        0,
        1
    ],
    "permutation": [
        0,
        1
    ],
    "bass": {
        "SI-SDR": [
            -1.1931316482168781,
            -2.3620509053161314
        ],
        "SI-SIR": [
            2.5483784127858695,
            1.1092643096342438
        ],
        "SI-SAR": [
            1.1915114787398777,
            0.23150939141772772
        ],
        "SD-SDR": [
            -1.384196672513397,
            -2.5374250295249685
        ],
        "SNR": [
            0.5073496011613103,
            -0.4857628209392856
        ],
        "SRR": [
            12.27701677858279,
            11.488154920088448
        ],
        "SI-SDRi": [
            4.758554168137746,
            4.447146011520127
        ],
        "SD-SDRi": [
            4.570117711735985,
            4.272752863010609
        ],
        "SNRi": [
            6.89642998463766,
            6.615140834045549
        ],
        "MIX-SI-SDR": [
            -5.951685816354624,
            -6.8091969168362585
        ],
        "MIX-SD-SDR": [
            -5.954314384249382,
            -6.810177892535578
        ],
        "MIX-SNR": [
            -6.389080383476349,
            -7.100903654984835
        ]
    },
    "drums+other+vocals": {
        "SI-SDR": [
            6.141322903845508,
            5.838025329238792
        ],
        "SI-SIR": [
            17.061412407369687,
            17.09403214352737
        ],
        "SI-SAR": [
            6.507732678357567,
            6.176071731758962
        ],
        "SD-SDR": [
            3.924141914643914,
            3.394517392451747
        ],
        "SNR": [
            6.861963935936312,
            6.584476963859268
        ],
        "SRR": [
            7.905502499057031,
            7.056843476835811
        ],
        "SI-SDRi": [
            -0.35217830108098536,
            -1.3213033020032752
        ],
        "SD-SDRi": [
            -2.566730722387823,
            -3.763830263091001
        ],
        "SNRi": [
            0.4728835524599644,
            -0.5164266911255666
        ],
        "MIX-SI-SDR": [
            6.493501204926494,
            7.159328631242067
        ],
        "MIX-SD-SDR": [
            6.490872637031737,
            7.158347655542748
        ],
        "MIX-SNR": [
            6.389080383476347,
            7.100903654984835
        ]
    }
}