{
    "combination": [
        0,
        1
    ],
    "permutation": [
        0,
        1
    ],
    "bass": {
        "SI-SDR": [
            -0.6129837812286235,
            -0.45125622780869246
        ],
        "SI-SIR": [
            6.473459560955924,
            6.020154569501219
        ],
        "SI-SAR": [
            0.3322635399420323,
            0.6576924701649676
        ],
        "SD-SDR": [
            -0.6595478791424825,
            -0.5568453607664585
        ],
        "SNR": [
            0.25798543482150554,
            0.7714911395141479
        ],
        "SRR": [
            19.061044542889828,
            15.637493116983897
        ],
        "SI-SDRi": [
            8.788057418897067,
            7.7608661381535535
        ],
        "SD-SDRi": [
            8.742951975306157,
            7.655701751040389
        ],
        "SNRi": [
            10.143552524945541,
            9.208008682922422
        ],
        "MIX-SI-SDR": [
            -9.40104120012569,
            -8.212122365962246
        ],
        "MIX-SD-SDR": [
            -9.40249985444864,
            -8.212547111806847
        ],
        "MIX-SNR": [
            -9.885567090124036,
            -8.436517543408273
        ]
    },
    "drums+other+vocals": {
        "SI-SDR": [
            9.732762793512272,
            8.674950957922036
        ],
        "SI-SIR": [
            28.149135456169326,
            23.787877086114094
        ],
        "SI-SAR": [
            9.795755880613184,
            8.810866700575604
        ],
        "SD-SDR": [
            8.799278671349601,
            7.592947708360402
        ],
        "SNR": [
            10.086118032674474,
            9.147013888921121
        ],
        "SRR": [
            15.934437476645664,
            14.15828048358896
        ],
        "SI-SDRi": [
            -0.20511536710390743,
            0.20554941791174564
        ],
        "SD-SDRi": [
            -1.137140834943624,
            -0.8760290858052873
        ],
        "SNRi": [
            0.20055094255043748,
            0.7104963455128477
        ],
        "MIX-SI-SDR": [
            9.93787816061618,
            8.46940154001029
        ],
        "MIX-SD-SDR": [
            9.936419506293225,
            8.46897679416569
        ],
        "MIX-SNR": [
            9.885567090124036,
            8.436517543408273
        ]
    }
}