{
    "combination": [
        0,
        1
    ],
    "permutation": [
        0,
        1
    ],
    "bass": {
        "SI-SDR": [
            -5.375789447898869,
            -6.494155705435612
        ],
        "SI-SIR": [
            -3.2194161749250627,
            -4.775662499287128
        ],
        "SI-SAR": [
            -1.301519870351,
            -1.6368407976375474
        ],
        "SD-SDR": [
            -5.449139328190452,
            -6.587474486070265
        ],
        "SNR": [
            -3.5642977870082544,
            -4.233631797237505
        ],
        "SRR": [
            12.311333012805349,
            10.137253914545518
        ],
        "SI-SDRi": [
            4.356818180351169,
            3.701016369254835
        ],
        "SD-SDRi": [
            4.286305426508071,
            3.610912137810452
        ],
        "SNRi": [
            6.880182712177785,
            6.764904729608729
        ],
        "MIX-SI-SDR": [
            -9.732607628250038,
            -10.195172074690447
        ],
        "MIX-SD-SDR": [
            -9.735444754698523,
            -10.198386623880717
        ],
        "MIX-SNR": [
            -10.444480499186039,
            -10.998536526846234
        ]
    },
    "drums+other+vocals": {
        "SI-SDR": [
            7.006871268158445,
            7.288301180077418
        ],
        "SI-SIR": [
            19.832541883445955,
            18.32490801885236
        ],
        "SI-SAR": [
            7.239573423820563,
            7.644602047944583
        ],
        "SD-SDR": [
            3.089712628718886,
            2.690492446354754
        ],
        "SNR": [
            6.840803575174035,
            6.734112553254958
        ],
        "SRR": [
            5.350195580115452,
            4.540774364625092
        ],
        "SI-SDRi": [
            -3.506882527114561,
            -3.7797959802676475
        ],
        "SD-SDRi": [
            -7.421204040105636,
            -8.37439016480004
        ],
        "SNRi": [
            -3.603676924012004,
            -4.264423973591276
        ],
        "MIX-SI-SDR": [
            10.513753795273006,
            11.068097160345065
        ],
        "MIX-SD-SDR": [
            10.510916668824521,
            11.064882611154795
        ],
        "MIX-SNR": [
            10.444480499186039,
            10.998536526846234
        ]
    }
}