{
    "combination": [
        0,
        1
    ],
    "permutation": [
        0,
        1
    ],
    "bass": {
        "SI-SDR": [
            -3.2598289686089177,
            -1.927684522071427
        ],
        "SI-SIR": [
            2.7411119082708324,
            3.3867707424379234
        ],
        "SI-SAR": [
            -2.0038687650297193,
            -0.4148686337239074
        ],
        "SD-SDR": [
            -3.4426339962497536,
            -2.0602977918564758
        ],
        "SNR": [
            -1.1519328073852255,
            -0.33423096174400313
        ],
        "SRR": [
            10.406409664068779,
            13.15781339884377
        ],
        "SI-SDRi": [
            6.768488722233677,
            7.278504756591605
        ],
        "SD-SDRi": [
            6.589083504671692,
            7.14889110172707
        ],
        "SNRi": [
            9.68736058781578,
            9.560222621035459
        ],
        "MIX-SI-SDR": [
            -10.028317690842595,
            -9.206189278663032
        ],
        "MIX-SD-SDR": [
            -10.031717500921445,
            -9.209188893583546
        ],
        "MIX-SNR": [
            -10.839293395201006,
            -9.894453582779462
        ]
    },
    "drums+other+vocals": {
        "SI-SDR": [
            9.299493925132884,
            9.251991439473109
        ],
        "SI-SIR": [
            21.560884449455205,
            22.551675370862945
        ],
        "SI-SAR": [
            9.565491234585625,
            9.460045939818496
        ],
        "SD-SDR": [
            8.128609916927962,
            7.817494855495314
        ],
        "SNR": [
            9.644556912275688,
            9.513514156140916
        ],
        "SRR": [
            14.39361102376078,
            13.325866434389429
        ],
        "SI-SDRi": [
            -1.6126795753685865,
            -0.718212462452593
        ],
        "SD-SDRi": [
            -2.7801637734946567,
            -2.1497094315098746
        ],
        "SNRi": [
            -1.1947364829253182,
            -0.3809394266385482
        ],
        "MIX-SI-SDR": [
            10.91217350050147,
            9.970203901925702
        ],
        "MIX-SD-SDR": [
            10.908773690422619,
            9.967204287005188
        ],
        "MIX-SNR": [
            10.839293395201006,
            9.894453582779464
        ]
    }
}