{
    "combination": [
        0,
        1
    ],
    "permutation": [
        0,
        1
    ],
    "bass": {
        "SI-SDR": [
            -6.569448219420728,
            -6.604079882022322
        ],
        "SI-SIR": [
            -5.680201743574067,
            -5.656951910115362
        ],
        "SI-SAR": [
            0.75521262580568,
            0.4746375906180592
        ],
        "SD-SDR": [
            -6.739815194134049,
            -6.7637284559051585
        ],
        "SNR": [
            -3.65660928163241,
            -3.755340664072116
        ],
        "SRR": [
            7.409078826817812,
            7.662043981409445
        ],
        "SI-SDRi": [
            1.702381341239672,
            1.729717760140229
        ],
        "SD-SDRi": [
            1.533313150478726,
            1.5716709742656354
        ],
        "SNRi": [
            5.014841305459116,
            5.026820290288543
        ],
        "MIX-SI-SDR": [
            -8.2718295606604,
            -8.333797642162551
        ],
        "MIX-SD-SDR": [
            -8.273128344612775,
            -8.335399430170794
        ],
        "MIX-SNR": [
            -8.671450587091526,
            -8.78216095436066
        ]
    },
    "drums+other+vocals": {
        "SI-SDR": [
            5.580566398008524,
            5.4832217881059435
        ],
        "SI-SIR": [
            12.593462056730418,
            12.870367922839627
        ],
        "SI-SAR": [
            6.543886930111993,
            6.358394445325494
        ],
        "SD-SDR": [
            -0.9385720810937137,
            -0.8692410208131998
        ],
        "SNR": [
            5.004085590276654,
            5.0149810713870435
        ],
        "SRR": [
            0.1565902309961378,
            0.2749311236202342
        ],
        "SI-SDRi": [
            -3.147353308116519,
            -3.3610142821512383
        ],
        "SD-SDRi": [
            -9.665193003266378,
            -9.711875303062143
        ],
        "SNRi": [
            -3.6673649968148716,
            -3.7671798829736156
        ],
        "MIX-SI-SDR": [
            8.727919706125043,
            8.844236070257182
        ],
        "MIX-SD-SDR": [
            8.726620922172664,
            8.842634282248943
        ],
        "MIX-SNR": [
            8.671450587091526,
            8.78216095436066
        ]
    }
}