{
    "combination": [
        0,
        1
    ],
    "permutation": [
        0,
        1
    ],
    "bass": {
        "SI-SDR": [
            -5.82931277631848,
            -5.243018586519977
        ],
        "SI-SIR": [
            -4.772975936077542,
            -3.8838351255805605
        ],
        "SI-SAR": [
            0.8279742092513867,
            0.46392593498405127
        ],
        "SD-SDR": [
            -7.541732964257471,
            -5.402734251088033
        ],
        "SNR": [
            -0.08285771632338498,
            -2.7707039828994033
        ],
        "SRR": [
            -2.671880376694897,
            9.021246831110163
        ],
        "SI-SDRi": [
            1.716813517717985,
            2.307855577928617
        ],
        "SD-SDRi": [
            0.008760272393765867,
            2.1525800505970665
        ],
        "SNRi": [
            8.150584482089265,
            5.473886093943317
        ],
        "MIX-SI-SDR": [
            -7.5461262940364655,
            -7.550874164448594
        ],
        "MIX-SD-SDR": [
            -7.550493236651237,
            -7.555314301685099
        ],
        "MIX-SNR": [
            -8.23344219841265,
            -8.244590076842721
        ]
    },
    "drums+other+vocals": {
        "SI-SDR": [
            1.632562651231788,
            4.105171008349836
        ],
        "SI-SIR": [
            7.73554565916897,
            8.211411027394472
        ],
        "SI-SAR": [
            2.8548326433904037,
            6.241110939786853
        ],
        "SD-SDR": [
            -11.684330935535742,
            -0.09455013656258426
        ],
        "SNR": [
            1.8467733585980253,
            4.991003796191298
        ],
        "SRR": [
            -11.477119200970298,
            1.9830309024307184
        ],
        "SI-SDRi": [
            -6.711312266531734,
            -4.250667971078079
        ],
        "SD-SDRi": [
            -20.023838910684496,
            -8.445948978753993
        ],
        "SNRi": [
            -6.386668839814625,
            -3.2535862806514233
        ],
        "MIX-SI-SDR": [
            8.343874917763522,
            8.355838979427915
        ],
        "MIX-SD-SDR": [
            8.339507975148752,
            8.35139884219141
        ],
        "MIX-SNR": [
            8.23344219841265,
            8.244590076842721
        ]
    }
}