{
    "combination": [
        0,
        1
    ],
    "permutation": [
        0,
        1
    ],
    "bass": {
        "SI-SDR": [
            -1.040490261540577,
            -0.991394645755939
        ],
        "SI-SIR": [
            1.4714477444483491,
            1.8825897673736112
        ],
        "SI-SAR": [
            2.5328633695798337,
            2.1596385371255944
        ],
        "SD-SDR": [
            -2.914747693275461,
            -2.7735688092466253
        ],
        "SNR": [
            2.3252798160035524,
            2.3242277010245074
        ],
        "SRR": [
            1.638281311139616,
            1.955430335182298
        ],
        "SI-SDRi": [
            2.0735826883526185,
            2.4607912646874217
        ],
        "SD-SDRi": [
            0.2188826457841846,
            0.6935481883427146
        ],
        "SNRi": [
            4.661498531252214,
            5.064161010899898
        ],
        "MIX-SI-SDR": [
            -3.114072949893196,
            -3.4521859104433608
        ],
        "MIX-SD-SDR": [
            -3.1336303390596454,
            -3.46711699758934
        ],
        "MIX-SNR": [
            -2.3362187152486618,
            -2.7399333098753904
        ]
    },
    "drums+other+vocals": {
        "SI-SDR": [
            2.839194582068749,
            3.44452997562182
        ],
        "SI-SIR": [
            5.752148994469599,
            6.6476590994655025
        ],
        "SI-SAR": [
            5.94907217541004,
            6.270199738012923
        ],
        "SD-SDR": [
            0.5258695022055662,
            1.341119132250613
        ],
        "SNR": [
            4.634656255077734,
            5.040292732614496
        ],
        "SRR": [
            4.3667867530338915,
            5.499061697245499
        ],
        "SI-SDRi": [
            0.9401339887382769,
            1.0690219861533854
        ],
        "SD-SDRi": [
            -1.353633701958455,
            -1.0194577700718401
        ],
        "SNRi": [
            2.298437539829072,
            2.3003594227391058
        ],
        "MIX-SI-SDR": [
            1.8990605933304723,
            2.3755079894684346
        ],
        "MIX-SD-SDR": [
            1.8795032041640212,
            2.360576902322453
        ],
        "MIX-SNR": [
            2.3362187152486618,
            2.7399333098753904
        ]
    }
}