{
    "combination": [
        0,
        1
    ],
    "permutation": [
        0,
        1
    ],
    "bass": {
        "SI-SDR": [
            -1.70693949936584,
            -2.2155164427873473
        ],
        "SI-SIR": [
            0.5454429060759964,
            0.08820749948955083
        ],
        "SI-SAR": [
            2.2221091252404888,
            1.6390858498357261
        ],
        "SD-SDR": [
            -1.865753013227495,
            -2.4511796529073786
        ],
        "SNR": [
            -0.033124936024292645,
            -0.1406145397473116
        ],
        "SRR": [
            12.582380330181293,
            10.321044357123379
        ],
        "SI-SDRi": [
            3.2963261910853343,
            3.3698480924661203
        ],
        "SD-SDRi": [
            3.1419171816226097,
            3.1351302438717514
        ],
        "SNRi": [
            5.481244175515721,
            5.692970341460716
        ],
        "MIX-SI-SDR": [
            -5.003265690451174,
            -5.5853645352534675
        ],
        "MIX-SD-SDR": [
            -5.007670194850105,
            -5.58630989677913
        ],
        "MIX-SNR": [
            -5.514369111540014,
            -5.8335848812080275
        ]
    },
    "drums+other+vocals": {
        "SI-SDR": [
            4.61663712306314,
            4.894034591572139
        ],
        "SI-SIR": [
            14.564036028988351,
            13.905629227914758
        ],
        "SI-SAR": [
            5.080096116522396,
            5.476718970576742
        ],
        "SD-SDR": [
            1.000431530033147,
            1.3948797129332196
        ],
        "SNR": [
            5.454521119186743,
            5.656968150390053
        ],
        "SRR": [
            3.4791017529927237,
            3.9658265978438085
        ],
        "SI-SDRi": [
            -1.0474825974961623,
            -1.0057165369657168
        ],
        "SD-SDRi": [
            -4.659283686127222,
            -4.503926054078973
        ],
        "SNRi": [
            -0.059847992353271096,
            -0.17661673081797424
        ],
        "MIX-SI-SDR": [
            5.664119720559302,
            5.899751128537856
        ],
        "MIX-SD-SDR": [
            5.659715216160369,
            5.898805767012193
        ],
        "MIX-SNR": [
            5.514369111540014,
            5.8335848812080275
        ]
    }
}