{
    "combination": [
        0,
        1
    ],
    "permutation": [
        0,
        1
    ],
    "bass": {
        "SI-SDR": [
            1.8715121086049042,
            3.3992777986318625
        ],
        "SI-SIR": [
            5.862731691348236,
            8.205775448986065
        ],
        "SI-SAR": [
            4.08213777369073,
            5.1426547638112226
        ],
        "SD-SDR": [
            0.7933765614173298,
            1.605617100077497
        ],
        "SNR": [
            3.887556208464569,
            5.031369862751006
        ],
        "SRR": [
            7.372407556429157,
            6.312065063356437
        ],
        "SI-SDRi": [
            5.1725545273590505,
            6.166553597208689
        ],
        "SD-SDRi": [
            4.097414859144702,
            4.3742495431693005
        ],
        "SNRi": [
            7.53183783833949,
            8.013742120122409
        ],
        "MIX-SI-SDR": [
            -3.301042418754146,
            -2.7672757985768266
        ],
        "MIX-SD-SDR": [
            -3.304038297727372,
            -2.768632443091804
        ],
        "MIX-SNR": [
            -3.6442816298749205,
            -2.9823722573714013
        ]
    },
    "drums+other+vocals": {
        "SI-SDR": [
            6.78597786795864,
            7.272239470577242
        ],
        "SI-SIR": [
            11.59359553647365,
            10.86479746165769
        ],
        "SI-SAR": [
            8.528801700429865,
            9.769196189321377
        ],
        "SD-SDR": [
            5.239653301051751,
            6.2447484492060585
        ],
        "SNR": [
            7.514563177732714,
            7.997927352060968
        ],
        "SRR": [
            10.474735675539533,
            13.008432579244044
        ],
        "SI-SDRi": [
            2.990047357014724,
            4.180293833473593
        ],
        "SD-SDRi": [
            1.4467186690810618,
            3.1541594566173865
        ],
        "SNRi": [
            3.870281547857793,
            5.015555094689566
        ],
        "MIX-SI-SDR": [
            3.795930510943916,
            3.091945637103649
        ],
        "MIX-SD-SDR": [
            3.7929346319706894,
            3.090588992588672
        ],
        "MIX-SNR": [
            3.6442816298749205,
            2.9823722573714013
        ]
    }
}