{
    "combination": [
        0,
        1
    ],
    "permutation": [
        0,
        1
    ],
    "bass": {
        "SI-SDR": [
            4.117067860603248,
            4.36141002907299
        ],
        "SI-SIR": [
            7.331306383464026,
            7.693914803072008
        ],
        "SI-SAR": [
            6.9325779157552425,
            7.071767523312781
        ],
        "SD-SDR": [
            3.034412166758243,
            3.265878097130358
        ],
        "SNR": [
            5.5194658961131005,
            5.704952625348482
        ],
        "SRR": [
            9.597439636464419,
            9.783728119019571
        ],
        "SI-SDRi": [
            4.831215391551822,
            5.008857145255063
        ],
        "SD-SDRi": [
            3.7487901548144382,
            3.913495866620697
        ],
        "SNRi": [
            6.302812804095818,
            6.411431284315103
        ],
        "MIX-SI-SDR": [
            -0.7141475309485743,
            -0.6474471161820733
        ],
        "MIX-SD-SDR": [
            -0.7143779880561951,
            -0.6476177694903391
        ],
        "MIX-SNR": [
            -0.7833469079827176,
            -0.706478658966621
        ]
    },
    "drums+other+vocals": {
        "SI-SDR": [
            5.174656273165834,
            5.2918375785197656
        ],
        "SI-SIR": [
            9.81574293169114,
            9.978065565345297
        ],
        "SI-SAR": [
            7.002123719336457,
            7.095874325961108
        ],
        "SD-SDR": [
            3.1446889049767717,
            3.343224437888591
        ],
        "SNR": [
            6.223689168842697,
            6.3225431023196546
        ],
        "SRR": [
            7.423161792239268,
            7.76174906481891
        ],
        "SI-SDRi": [
            4.333455000677674,
            4.535138797675383
        ],
        "SD-SDRi": [
            2.3037180895962317,
            2.586696310352478
        ],
        "SNRi": [
            5.44034226085998,
            5.616064443353034
        ],
        "MIX-SI-SDR": [
            0.8412012724881603,
            0.756698780844382
        ],
        "MIX-SD-SDR": [
            0.8409708153805397,
            0.7565281275361131
        ],
        "MIX-SNR": [
            0.7833469079827176,
            0.7064786589666203
        ]
    }
}