{
    "combination": [
        0,
        1
    ],
    "permutation": [
        0,
        1
    ],
    "bass": {
        "SI-SDR": [
            -2.8415188584641604,
            -4.534816355845344
        ],
        "SI-SIR": [
            -0.10218469157096743,
            -2.002154111391386
        ],
        "SI-SAR": [
            0.45778469145754697,
            -0.9877816247255276
        ],
        "SD-SDR": [
            -3.0610902627610646,
            -4.771171842236122
        ],
        "SNR": [
            -0.6769471671526572,
            -1.8571309509814888
        ],
        "SRR": [
            10.010318220374364,
            7.988656184977479
        ],
        "SI-SDRi": [
            6.062304835442825,
            5.571758550755915
        ],
        "SD-SDRi": [
            5.843883103886691,
            5.340602472811867
        ],
        "SNRi": [
            7.842759105357042,
            7.34191837129347
        ],
        "MIX-SI-SDR": [
            -8.903823693906986,
            -10.106574906601258
        ],
        "MIX-SD-SDR": [
            -8.904973366647756,
            -10.111774315047988
        ],
        "MIX-SNR": [
            -8.5197062725097,
            -9.19904932227496
        ]
    },
    "drums+other+vocals": {
        "SI-SDR": [
            7.877235207331309,
            7.364747906125864
        ],
        "SI-SIR": [
            18.50299621291007,
            17.876455305513684
        ],
        "SI-SAR": [
            8.270536030255839,
            7.769016703928711
        ],
        "SD-SDR": [
            4.778054363406652,
            3.987446023080887
        ],
        "SNR": [
            7.774981636261346,
            7.301528555256908
        ],
        "SRR": [
            7.70125601119145,
            6.659355538635977
        ],
        "SI-SDRi": [
            -0.5904682806027397,
            -1.7346831580699984
        ],
        "SD-SDRi": [
            -3.6884994517866305,
            -5.1067856326682435
        ],
        "SNRi": [
            -0.7447246362483533,
            -1.897520767018051
        ],
        "MIX-SI-SDR": [
            8.467703487934049,
            9.099431064195862
        ],
        "MIX-SD-SDR": [
            8.466553815193283,
            9.09423165574913
        ],
        "MIX-SNR": [
            8.5197062725097,
            9.19904932227496
        ]
    }
}