{
    "combination": [
        0,
        1
    ],
    "permutation": [
        0,
        1
    ],
    "bass": {
        "SI-SDR": [
            -3.1619484264885616,
            -4.141852892050164
        ],
        "SI-SIR": [
            -0.04012382841281408,
            -1.2698863032140106
        ],
        "SI-SAR": [
            -0.2603807708125901,
            -0.9886679349353789
        ],
        "SD-SDR": [
            -3.4140796298166616,
            -4.395083773875159
        ],
        "SNR": [
            -0.7955366804592412,
            -1.5051664669852216
        ],
        "SRR": [
            9.072953237900602,
            8.073592893739086
        ],
        "SI-SDRi": [
            4.8337819742588035,
            4.5652289997697135
        ],
        "SD-SDRi": [
            4.581687906975418,
            4.312246164185185
        ],
        "SNRi": [
            7.264234771084356,
            7.025105774510072
        ],
        "MIX-SI-SDR": [
            -7.995730400747365,
            -8.707081891819877
        ],
        "MIX-SD-SDR": [
            -7.99576753679208,
            -8.707329938060344
        ],
        "MIX-SNR": [
            -8.059771451543597,
            -8.530272241495293
        ]
    },
    "drums+other+vocals": {
        "SI-SDR": [
            6.7994979837234535,
            6.606826550563635
        ],
        "SI-SIR": [
            16.716808591511676,
            16.53142677746527
        ],
        "SI-SAR": [
            7.266358543819975,
            7.072860589310995
        ],
        "SD-SDR": [
            4.130378537058633,
            3.6752769202660787
        ],
        "SNR": [
            7.183265552552641,
            6.955742505729059
        ],
        "SRR": [
            7.510964834028125,
            6.765781590512122
        ],
        "SI-SDRi": [
            -1.2703470402979917,
            -1.8990739660321019
        ],
        "SD-SDRi": [
            -3.939429350918097,
            -4.830375550089197
        ],
        "SNRi": [
            -0.8765058989909553,
            -1.5745297357662338
        ],
        "MIX-SI-SDR": [
            8.069845024021445,
            8.505900516595737
        ],
        "MIX-SD-SDR": [
            8.06980788797673,
            8.505652470355276
        ],
        "MIX-SNR": [
            8.059771451543597,
            8.530272241495293
        ]
    }
}