{
    "combination": [
        0,
        1
    ],
    "permutation": [
        0,
        1
    ],
    "bass": {
        "SI-SDR": [
            -5.543928163733389,
            -5.845589476365236
        ],
        "SI-SIR": [
            -2.3450186747896438,
            -2.761751101425171
        ],
        "SI-SAR": [
            -2.714386417617357,
            -2.9076034289260555
        ],
        "SD-SDR": [
            -5.648945167519158,
            -5.936311753207792
        ],
        "SNR": [
            -3.395597483364952,
            -3.759706223850614
        ],
        "SRR": [
            10.568704404840037,
            10.909674122874534
        ],
        "SI-SDRi": [
            4.544692761156675,
            4.128409959794661
        ],
        "SD-SDRi": [
            4.441930604032328,
            4.038585404887777
        ],
        "SNRi": [
            6.084872600770618,
            5.830109238060624
        ],
        "MIX-SI-SDR": [
            -10.088620924890064,
            -9.973999436159897
        ],
        "MIX-SD-SDR": [
            -10.090875771551486,
            -9.974897158095569
        ],
        "MIX-SNR": [
            -9.48047008413557,
            -9.589815461911238
        ]
    },
    "drums+other+vocals": {
        "SI-SDR": [
            5.170479008498584,
            4.834081356959664
        ],
        "SI-SIR": [
            19.668016271201232,
            19.608106540616305
        ],
        "SI-SAR": [
            5.327463284838052,
            4.98121697018423
        ],
        "SD-SDR": [
            2.385796921937455,
            1.9494780245209418
        ],
        "SNR": [
            6.038382167129854,
            5.792988025584107
        ],
        "SRR": [
            5.634081063720224,
            5.08922131655631
        ],
        "SI-SDRi": [
            -4.245554958707387,
            -4.715134811050722
        ],
        "SD-SDRi": [
            -7.027982198607093,
            -7.598840421553773
        ],
        "SNRi": [
            -3.4420879170057157,
            -3.7968274363271313
        ],
        "MIX-SI-SDR": [
            9.416033967205971,
            9.549216168010386
        ],
        "MIX-SD-SDR": [
            9.413779120544548,
            9.548318446074715
        ],
        "MIX-SNR": [
            9.48047008413557,
            9.589815461911238
        ]
    }
}