{
    "combination": [
        0,
        1
    ],
    "permutation": [
        0,
        1
    ],
    "bass": {
        "SI-SDR": [
            4.020592541685205,
            4.3431299260166965
        ],
        "SI-SIR": [
            7.844422143961367,
            8.413795169007418
        ],
        "SI-SAR": [
            6.345978547617886,
            6.501822363987104
        ],
        "SD-SDR": [
            2.4877756265694715,
            3.0062131623611537
        ],
        "SNR": [
            5.469168976417745,
            5.703470982246754
        ],
        "SRR": [
            7.754606093234725,
            8.774336500378592
        ],
        "SI-SDRi": [
            5.121108807587307,
            5.388161450812298
        ],
        "SD-SDRi": [
            3.590243564008862,
            4.053135967900804
        ],
        "SNRi": [
            6.365086471873225,
            6.548307402016742
        ],
        "MIX-SI-SDR": [
            -1.100516265902102,
            -1.045031524795602
        ],
        "MIX-SD-SDR": [
            -1.1024679374393904,
            -1.0469228055396502
        ],
        "MIX-SNR": [
            -0.8959174954554804,
            -0.8448364197699877
        ]
    },
    "drums+other+vocals": {
        "SI-SDR": [
            5.044524735331793,
            5.269407736852427
        ],
        "SI-SIR": [
            9.112952127730557,
            9.897751872225664
        ],
        "SI-SAR": [
            7.20465868369641,
            7.103556542168626
        ],
        "SD-SDR": [
            3.449109394274412,
            3.7011376777457454
        ],
        "SNR": [
            6.200970311667429,
            6.368903226384422
        ],
        "SRR": [
            8.571529589278805,
            8.885336475530277
        ],
        "SI-SDRi": [
            4.314329659014869,
            4.588697925182188
        ],
        "SD-SDRi": [
            2.720865989494778,
            3.022319146819558
        ],
        "SNRi": [
            5.305052816211948,
            5.524066806614433
        ],
        "MIX-SI-SDR": [
            0.7301950763169234,
            0.6807098116702384
        ],
        "MIX-SD-SDR": [
            0.7282434047796341,
            0.6788185309261878
        ],
        "MIX-SNR": [
            0.8959174954554805,
            0.8448364197699885
        ]
    }
}