{
    "combination": [
        0,
        1
    ],
    "permutation": [
        0,
        1
    ],
    "bass": {
        "SI-SDR": [
            2.795991230703595,
            2.940746618683785
        ],
        "SI-SIR": [
            5.532902464916239,
            6.119415861929777
        ],
        "SI-SAR": [
            6.0980528001223835,
            5.788961822814265
        ],
        "SD-SDR": [
            -0.45465197381257916,
            -0.4681581539535351
        ],
        "SNR": [
            4.479748262848757,
            4.531939532046377
        ],
        "SRR": [
            2.327910993597006,
            2.1770659799393717
        ],
        "SI-SDRi": [
            1.567766087387377,
            2.2426766083573337
        ],
        "SD-SDRi": [
            -1.6828770663974637,
            -1.1658992943199082
        ],
        "SNRi": [
            3.2507082245664805,
            3.7647277911942667
        ],
        "MIX-SI-SDR": [
            1.2282251433162177,
            0.6980700103264514
        ],
        "MIX-SD-SDR": [
            1.2282250925848845,
            0.6977411403663731
        ],
        "MIX-SNR": [
            1.2290400382822766,
            0.7672117408521104
        ]
    },
    "drums+other+vocals": {
        "SI-SDR": [
            0.8016757051606394,
            1.6438093441622863
        ],
        "SI-SIR": [
            2.3398575665275785,
            3.242563570590752
        ],
        "SI-SAR": [
            6.055856889302227,
            6.758717473027084
        ],
        "SD-SDR": [
            -0.471608804489394,
            0.519615161378729
        ],
        "SNR": [
            3.2348476097827064,
            3.7459592946261395
        ],
        "SRR": [
            5.478078658657379,
            6.939023642452806
        ],
        "SI-SDRi": [
            2.0317972246264753,
            2.4936503389483002
        ],
        "SD-SDRi": [
            0.7585127657077804,
            1.3697850261248266
        ],
        "SNRi": [
            4.463887648064983,
            4.513171035478249
        ],
        "MIX-SI-SDR": [
            -1.230121519465836,
            -0.8498409947860139
        ],
        "MIX-SD-SDR": [
            -1.2301215701971744,
            -0.8501698647460975
        ],
        "MIX-SNR": [
            -1.2290400382822761,
            -0.7672117408521093
        ]
    }
}