{
    "combination": [
        0,
        1
    ],
    "permutation": [
        0,
        1
    ],
    "bass": {
        "SI-SDR": [
            8.011628396884712,
            8.967365140720059
        ],
        "SI-SIR": [
            12.539167255907547,
            14.135980254688164
        ],
        "SI-SAR": [
            9.899704332601123,
            10.54243030812051
        ],
        "SD-SDR": [
            5.806662889812646,
            7.024825372717076
        ],
        "SNR": [
            8.240186025792754,
            9.083663996545738
        ],
        "SRR": [
            9.806425229570856,
            11.4540963745733
        ],
        "SI-SDRi": [
            8.92368133194805,
            9.761835355756405
        ],
        "SD-SDRi": [
            6.719736434245388,
            7.820923500463919
        ],
        "SNRi": [
            9.302437369702417,
            10.066035346182522
        ],
        "MIX-SI-SDR": [
            -0.9120529350633386,
            -0.7944702150363457
        ],
        "MIX-SD-SDR": [
            -0.9130735444327419,
            -0.796098127746843
        ],
        "MIX-SNR": [
            -1.0622513439096632,
            -0.9823713496367841
        ]
    },
    "drums+other+vocals": {
        "SI-SDR": [
            8.778363086000232,
            9.645756036653971
        ],
        "SI-SIR": [
            11.748761793236506,
            13.133353721885104
        ],
        "SI-SAR": [
            11.828934290881117,
            12.22605864277304
        ],
        "SD-SDR": [
            7.766861140001591,
            8.73773749436226
        ],
        "SNR": [
            9.251500473189356,
            10.018216249304546
        ],
        "SRR": [
            14.590976357628682,
            15.980735269538215
        ],
        "SI-SDRi": [
            7.598064450428117,
            8.51287175482154
        ],
        "SD-SDRi": [
            6.58758311379888,
            7.606481125240321
        ],
        "SNRi": [
            8.189249129279693,
            9.035844899667762
        ],
        "MIX-SI-SDR": [
            1.180298635572115,
            1.1328842818324318
        ],
        "MIX-SD-SDR": [
            1.179278026202711,
            1.13125636912194
        ],
        "MIX-SNR": [
            1.0622513439096632,
            0.9823713496367843
        ]
    }
}