{
    "combination": [
        0,
        1
    ],
    "permutation": [
        0,
        1
    ],
    "bass": {
        "SI-SDR": [
            -5.866599246528632,
            -7.006284539102894
        ],
        "SI-SIR": [
            -3.416611025496534,
            -4.5948035280502815
        ],
        "SI-SAR": [
            -2.2128380874522775,
            -3.3011887622532536
        ],
        "SD-SDR": [
            -5.947818809666227,
            -7.06160486681682
        ],
        "SNR": [
            -3.8720079101524547,
            -5.098021899328312
        ],
        "SRR": [
            11.373964304609764,
            11.915021607112045
        ],
        "SI-SDRi": [
            3.0889194300247746,
            2.9172651276754875
        ],
        "SD-SDRi": [
            3.0093124432131617,
            2.8642864616738297
        ],
        "SNRi": [
            5.567632351151396,
            5.48436103816646
        ],
        "MIX-SI-SDR": [
            -8.955518676553407,
            -9.923549666778381
        ],
        "MIX-SD-SDR": [
            -8.957131252879389,
            -9.92589132849065
        ],
        "MIX-SNR": [
            -9.43964026130385,
            -10.582382937494772
        ]
    },
    "drums+other+vocals": {
        "SI-SDR": [
            4.656938786216892,
            4.550616239954777
        ],
        "SI-SIR": [
            17.74467607436676,
            18.82734043223897
        ],
        "SI-SAR": [
            4.8756650824324685,
            4.715946434786188
        ],
        "SD-SDR": [
            1.1294012399458548,
            0.9401633820035808
        ],
        "SNR": [
            5.504416259205867,
            5.416696384667144
        ],
        "SRR": [
            3.6775618024799095,
            3.4232659147082423
        ],
        "SI-SDRi": [
            -4.84058089259183,
            -6.093540297947453
        ],
        "SD-SDRi": [
            -8.366505862536888,
            -9.701651494186383
        ],
        "SNRi": [
            -3.935224002097983,
            -5.165686552827628
        ],
        "MIX-SI-SDR": [
            9.497519678808722,
            10.64415653790223
        ],
        "MIX-SD-SDR": [
            9.495907102482743,
            10.641814876189963
        ],
        "MIX-SNR": [
            9.43964026130385,
            10.582382937494772
        ]
    }
}