{
    "combination": [
        0,
        1
    ],
    "permutation": [
        0,
        1
    ],
    "bass": {
        "SI-SDR": [
            1.9741081449051359,
            2.108608024656199
        ],
        "SI-SIR": [
            4.757953848190223,
            5.0652415124158185
        ],
        "SI-SAR": [
            5.223323081393706,
            5.173245921509965
        ],
        "SD-SDR": [
            1.7474201924489396,
            1.8975034696981938
        ],
        "SNR": [
            3.2175363579268046,
            3.2988184855711062
        ],
        "SRR": [
            14.68382987899712,
            15.135495265171684
        ],
        "SI-SDRi": [
            5.825756745450061,
            6.076841527272276
        ],
        "SD-SDRi": [
            5.603168916902378,
            5.871654006172771
        ],
        "SNRi": [
            7.4994886736583295,
            7.794780684059912
        ],
        "MIX-SI-SDR": [
            -3.8516486005449253,
            -3.968233502616077
        ],
        "MIX-SD-SDR": [
            -3.8557487244534387,
            -3.9741505364745775
        ],
        "MIX-SNR": [
            -4.281952315731525,
            -4.495962198488806
        ]
    },
    "drums+other+vocals": {
        "SI-SDR": [
            7.318183563579723,
            7.646052446031578
        ],
        "SI-SIR": [
            16.697252539278544,
            17.333238751044732
        ],
        "SI-SAR": [
            7.850567204316365,
            8.139817139968017
        ],
        "SD-SDR": [
            4.37155249660724,
            4.8623299008731475
        ],
        "SNR": [
            7.443603047419828,
            7.74148400195927
        ],
        "SRR": [
            7.446468653244288,
            8.111681929645389
        ],
        "SI-SDRi": [
            2.870666397918953,
            2.955245183048266
        ],
        "SD-SDRi": [
            -0.07186454514501772,
            0.17743967174834196
        ],
        "SNRi": [
            3.1616507316883027,
            3.2455218034704645
        ],
        "MIX-SI-SDR": [
            4.44751716566077,
            4.690807262983312
        ],
        "MIX-SD-SDR": [
            4.443417041752258,
            4.684890229124806
        ],
        "MIX-SNR": [
            4.281952315731525,
            4.495962198488805
        ]
    }
}