{
    "combination": [
        0,
        1
    ],
    "permutation": [
        0,
        1
    ],
    "bass": {
        "SI-SDR": [
            1.335276119938147,
            0.3256013341049139
        ],
        "SI-SIR": [
            4.531488186659136,
            3.11004222073041
        ],
        "SI-SAR": [
            4.167296834378011,
            3.5741538637510613
        ],
        "SD-SDR": [
            0.8912680935544528,
            -0.10592681361625722
        ],
        "SNR": [
            3.0445677537232605,
            2.2482603996813193
        ],
        "SRR": [
            11.015315762929978,
            10.135802647853495
        ],
        "SI-SDRi": [
            4.047874579338775,
            3.462063119380267
        ],
        "SD-SDRi": [
            3.606328604768342,
            3.0313092130611485
        ],
        "SNRi": [
            6.0469883334364,
            5.553530310883964
        ],
        "MIX-SI-SDR": [
            -2.712598459400628,
            -3.1364617852753534
        ],
        "MIX-SD-SDR": [
            -2.7150605112138892,
            -3.1372360266774058
        ],
        "MIX-SNR": [
            -3.0024205797131396,
            -3.305269911202645
        ]
    },
    "drums+other+vocals": {
        "SI-SDR": [
            5.014368910407852,
            4.4046797716887545
        ],
        "SI-SIR": [
            12.392033831129242,
            11.67344575955842
        ],
        "SI-SAR": [
            5.8916611325452495,
            5.306727960457826
        ],
        "SD-SDR": [
            2.609636958087504,
            1.6264704494604172
        ],
        "SNR": [
            6.0315537385494835,
            5.544657733613951
        ],
        "SRR": [
            6.323840199170755,
            4.8819678962178905
        ],
        "SI-SDRi": [
            1.8643570507387057,
            1.0197308265105223
        ],
        "SD-SDRi": [
            -0.5379128497683805,
            -1.757704254315764
        ],
        "SNRi": [
            3.0291331588363444,
            2.239387822411305
        ],
        "MIX-SI-SDR": [
            3.1500118596691467,
            3.384948945178232
        ],
        "MIX-SD-SDR": [
            3.1475498078558846,
            3.384174703776181
        ],
        "MIX-SNR": [
            3.002420579713139,
            3.305269911202646
        ]
    }
}