{
    "combination": [
        0,
        1
    ],
    "permutation": [
        0,
        1
    ],
    "bass": {
        "SI-SDR": [
            -3.245051609077168,
            -3.5833126018712838
        ],
        "SI-SIR": [
            0.9472538228592109,
            0.4293366533973592
        ],
        "SI-SAR": [
            -1.1629150549282696,
            -1.38685063687588
        ],
        "SD-SDR": [
            -3.6940251628744765,
            -3.9825297826649253
        ],
        "SNR": [
            -0.2917048927099283,
            -0.6436125161512425
        ],
        "SRR": [
            6.384163343953766,
            6.581300740091546
        ],
        "SI-SDRi": [
            3.2866391416308516,
            3.044013750502537
        ],
        "SD-SDRi": [
            2.8378087293441974,
            2.6450152098064175
        ],
        "SNRi": [
            6.134990457401233,
            5.85275020179237
        ],
        "MIX-SI-SDR": [
            -6.5316907507080195,
            -6.627326352373821
        ],
        "MIX-SD-SDR": [
            -6.531833892218674,
            -6.627544992471343
        ],
        "MIX-SNR": [
            -6.426695350111161,
            -6.4963627179436125
        ]
    },
    "drums+other+vocals": {
        "SI-SDR": [
            4.804214236077147,
            4.43259717163515
        ],
        "SI-SIR": [
            13.301270085537332,
            13.340915327384952
        ],
        "SI-SAR": [
            5.466050192511796,
            5.030314212110543
        ],
        "SD-SDR": [
            2.943138106902458,
            2.4477451092476676
        ],
        "SNR": [
            5.993141695037947,
            5.716520536790146
        ],
        "SRR": [
            7.520698419358311,
            6.803001102216504
        ],
        "SI-SDRi": [
            -1.5987976523424567,
            -2.034763273916454
        ],
        "SD-SDRi": [
            -3.4597306400064882,
            -4.019396696206419
        ],
        "SNRi": [
            -0.4335536550732142,
            -0.7798421811534668
        ],
        "MIX-SI-SDR": [
            6.403011888419604,
            6.467360445551604
        ],
        "MIX-SD-SDR": [
            6.402868746908946,
            6.467141805454087
        ],
        "MIX-SNR": [
            6.426695350111161,
            6.4963627179436125
        ]
    }
}