{
    "combination": [
        0,
        1
    ],
    "permutation": [
        0,
        1
    ],
    "bass": {
        "SI-SDR": [
            1.7816545070051146,
            0.8709182295665217
        ],
        "SI-SIR": [
            3.959328130344664,
            2.628205342512644
        ],
        "SI-SAR": [
            5.823003712333086,
            5.649390824251206
        ],
        "SD-SDR": [
            0.9822789894900716,
            0.05856508475372335
        ],
        "SNR": [
            3.6924200529721003,
            3.0445517092325987
        ],
        "SRR": [
            8.726172516824036,
            7.738806635723652
        ],
        "SI-SDRi": [
            2.5789107937470153,
            1.85107440990516
        ],
        "SD-SDRi": [
            1.7798291135795663,
            1.038808066763441
        ],
        "SNRi": [
            4.412005973605313,
            3.9814324554612672
        ],
        "MIX-SI-SDR": [
            -0.7972562867419006,
            -0.9801561803386383
        ],
        "MIX-SD-SDR": [
            -0.7975501240894947,
            -0.9802429820097176
        ],
        "MIX-SNR": [
            -0.7195859206332131,
            -0.9368807462286686
        ]
    },
    "drums+other+vocals": {
        "SI-SDR": [
            2.5870212350722293,
            1.9253117399997075
        ],
        "SI-SIR": [
            7.422281188354858,
            6.183236757338872
        ],
        "SI-SAR": [
            4.316260876355837,
            3.9675692931482267
        ],
        "SD-SDR": [
            -0.5136713752195012,
            -1.6165586668219327
        ],
        "SNR": [
            4.386075201919466,
            3.9561231558486187
        ],
        "SRR": [
            2.408079034672731,
            0.9201965530108492
        ],
        "SI-SDRi": [
            1.9331558223612118,
            1.023275349309689
        ],
        "SD-SDRi": [
            -1.167242950582921,
            -2.5185082558408705
        ],
        "SNRi": [
            3.666489281286253,
            3.01924240961995
        ],
        "MIX-SI-SDR": [
            0.6538654127110176,
            0.9020363906900185
        ],
        "MIX-SD-SDR": [
            0.6535715753634197,
            0.9019495890189378
        ],
        "MIX-SNR": [
            0.7195859206332131,
            0.9368807462286687
        ]
    }
}