{
    "combination": [
        0,
        1
    ],
    "permutation": [
        0,
        1
    ],
    "bass": {
        "SI-SDR": [
            -1.9059785120091768,
            -2.026974326709997
        ],
        "SI-SIR": [
            1.9586534727279958,
            1.8862494970068409
        ],
        "SI-SAR": [
            0.3907413981372857,
            0.23619760750382787
        ],
        "SD-SDR": [
            -2.241591033198772,
            -2.363592226945232
        ],
        "SNR": [
            0.3843413369639615,
            0.29763126607577384
        ],
        "SRR": [
            9.04459620165995,
            8.910100701065726
        ],
        "SI-SDRi": [
            4.415652582648144,
            4.271714439409015
        ],
        "SD-SDRi": [
            4.0814252318954605,
            3.9365261395708124
        ],
        "SNRi": [
            6.391943769339566,
            6.27823748727914
        ],
        "MIX-SI-SDR": [
            -6.32163109465732,
            -6.298688766119012
        ],
        "MIX-SD-SDR": [
            -6.323016265094232,
            -6.3001183665160445
        ],
        "MIX-SNR": [
            -6.007602432375604,
            -5.980606221203367
        ]
    },
    "drums+other+vocals": {
        "SI-SDR": [
            5.3684061243934345,
            5.206318331053195
        ],
        "SI-SIR": [
            14.992990145335332,
            14.843324574156593
        ],
        "SI-SAR": [
            5.869769911884362,
            5.706164437816177
        ],
        "SD-SDR": [
            3.2439793776979133,
            3.1099827596933785
        ],
        "SNR": [
            6.339358959884719,
            6.23216916683483
        ],
        "SRR": [
            7.368404266496203,
            7.279304714377429
        ],
        "SI-SDRi": [
            -0.562561099029474,
            -0.6962023569217308
        ],
        "SD-SDRi": [
            -2.6856026752880817,
            -2.791108327884515
        ],
        "SNRi": [
            0.33175652750911677,
            0.2515629456314654
        ],
        "MIX-SI-SDR": [
            5.9309672234229085,
            5.902520687974926
        ],
        "MIX-SD-SDR": [
            5.929582052985995,
            5.9010910875778935
        ],
        "MIX-SNR": [
            6.007602432375602,
            5.980606221203365
        ]
    }
}