{
    "combination": [
        0,
        1
    ],
    "permutation": [
        0,
        1
    ],
    "bass": {
        "SI-SDR": [
            -8.79986544105227,
            -8.102736685456048
        ],
        "SI-SIR": [
            -7.454580334215164,
            -6.72345314434319
        ],
        "SI-SAR": [
            -3.0548725887173767,
            -2.45002406923249
        ],
        "SD-SDR": [
            -8.810201234512189,
            -8.117261244141952
        ],
        "SNR": [
            -7.714563571655204,
            -6.92511588611832
        ],
        "SRR": [
            17.429370527954788,
            16.646812667586104
        ],
        "SI-SDRi": [
            1.823247328221301,
            1.5979445888101278
        ],
        "SD-SDRi": [
            1.815963891565735,
            1.5853829331063558
        ],
        "SNRi": [
            3.731594892052443,
            3.360916689147766
        ],
        "MIX-SI-SDR": [
            -10.623112769273572,
            -9.700681274266175
        ],
        "MIX-SD-SDR": [
            -10.626165126077924,
            -9.702644177248308
        ],
        "MIX-SNR": [
            -11.446158463707647,
            -10.286032575266086
        ]
    },
    "drums+other+vocals": {
        "SI-SDR": [
            2.3070806717998056,
            1.4309767742437547
        ],
        "SI-SIR": [
            19.71343199393049,
            18.416416284506823
        ],
        "SI-SAR": [
            2.386719532271729,
            1.5188030105089227
        ],
        "SD-SDR": [
            -3.390786494866324,
            -4.15390996510123
        ],
        "SNR": [
            3.7030137391455114,
            3.349491648194927
        ],
        "SRR": [
            -2.0282625901635147,
            -2.748997579303195
        ],
        "SI-SDRi": [
            -9.203551467262495,
            -8.913332171774762
        ],
        "SD-SDRi": [
            -14.898366277124268,
            -14.496256008137609
        ],
        "SNRi": [
            -7.743144724562136,
            -6.936540927071158
        ],
        "MIX-SI-SDR": [
            11.5106321390623,
            10.344308946018517
        ],
        "MIX-SD-SDR": [
            11.507579782257944,
            10.342346043036379
        ],
        "MIX-SNR": [
            11.446158463707647,
            10.286032575266086
        ]
    }
}