{
    "combination": [
        0,
        1
    ],
    "permutation": [
        0,
        1
    ],
    "bass": {
        "SI-SDR": [
            -6.147022762893329,
            -3.6938364010026916
        ],
        "SI-SIR": [
            -5.104125429052856,
            -2.6216376218179995
        ],
        "SI-SAR": [
            0.5594235725249465,
            2.9063291336991215
        ],
        "SD-SDR": [
            -6.607077399113573,
            -4.564910770104448
        ],
        "SNR": [
            -2.109323714259429,
            0.15098097173934377
        ],
        "SRR": [
            3.370668510236634,
            2.8406398918833995
        ],
        "SI-SDRi": [
            2.146020060756886,
            1.1114202407596325
        ],
        "SD-SDRi": [
            1.690391503072199,
            0.24486342124395577
        ],
        "SNRi": [
            5.495879309687731,
            4.486683814902122
        ],
        "MIX-SI-SDR": [
            -8.293042823650215,
            -4.805256641762324
        ],
        "MIX-SD-SDR": [
            -8.297468902185772,
            -4.809774191348404
        ],
        "MIX-SNR": [
            -7.60520302394716,
            -4.335702843162778
        ]
    },
    "drums+other+vocals": {
        "SI-SDR": [
            5.848864913235506,
            3.4198076376372297
        ],
        "SI-SIR": [
            11.053763268087803,
            6.712342770616065
        ],
        "SI-SAR": [
            7.408163061708571,
            6.165100161440609
        ],
        "SD-SDR": [
            0.2436805723885458,
            -1.3071900746163791
        ],
        "SNR": [
            5.482537654305166,
            4.478670174336205
        ],
        "SRR": [
            1.640865327420756,
            0.47599989129581766
        ],
        "SI-SDRi": [
            -1.6444950650690284,
            -0.7487164771846393
        ],
        "SD-SDRi": [
            -7.245253327380432,
            -5.4711966398521685
        ],
        "SNRi": [
            -2.122665369641994,
            0.14296733117342697
        ],
        "MIX-SI-SDR": [
            7.493359978304534,
            4.168524114821869
        ],
        "MIX-SD-SDR": [
            7.488933899768978,
            4.164006565235789
        ],
        "MIX-SNR": [
            7.60520302394716,
            4.335702843162778
        ]
    }
}