{
    "combination": [
        0,
        1
    ],
    "permutation": [
        0,
        1
    ],
    "bass": {
        "SI-SDR": [
            6.029774022014264,
            7.153377470018233
        ],
        "SI-SIR": [
            14.599444687690028,
            15.648498743900438
        ],
        "SI-SAR": [
            6.679771782424313,
            7.815531975544756
        ],
        "SD-SDR": [
            5.324075501755056,
            6.449607997784901
        ],
        "SNR": [
            6.978362960570145,
            7.9171647243166845
        ],
        "SRR": [
            13.563798894033685,
            14.700280765239505
        ],
        "SI-SDRi": [
            11.15415880144019,
            11.331480276840475
        ],
        "SD-SDRi": [
            10.448487008087652,
            10.627713801336949
        ],
        "SNRi": [
            12.141731868112359,
            12.106950535531237
        ],
        "MIX-SI-SDR": [
            -5.124384779425925,
            -4.178102806822242
        ],
        "MIX-SD-SDR": [
            -5.124411506332596,
            -4.178105803552047
        ],
        "MIX-SNR": [
            -5.163368907542215,
            -4.189785811214553
        ]
    },
    "drums+other+vocals": {
        "SI-SDR": [
            11.720133552937213,
            11.701650317461464
        ],
        "SI-SIR": [
            19.64767227794408,
            19.620604447258174
        ],
        "SI-SAR": [
            12.483320851944129,
            12.466488804516274
        ],
        "SD-SDR": [
            11.159557572136869,
            11.145455870966252
        ],
        "SNR": [
            11.958070746800109,
            11.942404199329165
        ],
        "SRR": [
            20.328329335993356,
            20.346162172874504
        ],
        "SI-SDRi": [
            6.544854804185226,
            7.507408585837693
        ],
        "SD-SDRi": [
            5.9843055502915545,
            6.9512171360722865
        ],
        "SNRi": [
            6.794701839257894,
            7.752618388114612
        ],
        "MIX-SI-SDR": [
            5.175278748751987,
            4.194241731623771
        ],
        "MIX-SD-SDR": [
            5.175252021845314,
            4.194238734893966
        ],
        "MIX-SNR": [
            5.163368907542215,
            4.189785811214553
        ]
    }
}