{
    "combination": [
        0,
        1
    ],
    "permutation": [
        0,
        1
    ],
    "bass": {
        "SI-SDR": [
            -9.010458905090708,
            -9.09982999778425
        ],
        "SI-SIR": [
            -6.549422202965657,
            -6.124889521691409
        ],
        "SI-SAR": [
            -5.371232264048742,
            -6.0538803052022185
        ],
        "SD-SDR": [
            -9.024951617993635,
            -9.1188192500504
        ],
        "SNR": [
            -7.712290488828623,
            -7.617195301856764
        ],
        "SRR": [
            15.748638946082432,
            14.483436389577411
        ],
        "SI-SDRi": [
            4.320320514759445,
            4.593104819804946
        ],
        "SD-SDRi": [
            4.306793924026676,
            4.574354996549687
        ],
        "SNRi": [
            6.242447860349889,
            6.3937268864989285
        ],
        "MIX-SI-SDR": [
            -13.330779419850153,
            -13.692934817589196
        ],
        "MIX-SD-SDR": [
            -13.331745542020311,
            -13.693174246600087
        ],
        "MIX-SNR": [
            -13.954738349178513,
            -14.010922188355693
        ]
    },
    "drums+other+vocals": {
        "SI-SDR": [
            5.810533377719695,
            5.74121408215364
        ],
        "SI-SIR": [
            25.69074812677016,
            25.872094112068392
        ],
        "SI-SAR": [
            5.855408397742953,
            5.783560032646351
        ],
        "SD-SDR": [
            2.185978525873834,
            2.708083843521397
        ],
        "SNR": [
            6.186065000954459,
            6.3395741502069285
        ],
        "SRR": [
            4.658234345994366,
            5.695672906582421
        ],
        "SI-SDRi": [
            -8.171114581143838,
            -8.282789673698167
        ],
        "SD-SDRi": [
            -11.79470331081954,
            -11.315680483319516
        ],
        "SNRi": [
            -7.768673348224054,
            -7.671348038148764
        ],
        "MIX-SI-SDR": [
            13.981647958863533,
            14.024003755851806
        ],
        "MIX-SD-SDR": [
            13.980681836693373,
            14.023764326840913
        ],
        "MIX-SNR": [
            13.954738349178513,
            14.010922188355693
        ]
    }
}