{
    "combination": [
        0,
        1
    ],
    "permutation": [
        0,
        1
    ],
    "bass": {
        "SI-SDR": [
            -3.5282779196684033,
            -3.5143714323647997
        ],
        "SI-SIR": [
            2.0004418216435833,
            1.6463991776710674
        ],
        "SI-SAR": [
            -2.101719566334868,
            -1.9358724692592044
        ],
        "SD-SDR": [
            -3.9155355932634155,
            -3.8673904425010734
        ],
        "SNR": [
            -0.6378105838674929,
            -0.7235472096021718
        ],
        "SRR": [
            6.774497316777865,
            7.207785672333459
        ],
        "SI-SDRi": [
            6.541508132331442,
            5.683220404994899
        ],
        "SD-SDRi": [
            6.154250856952665,
            5.330323450625207
        ],
        "SNRi": [
            9.44036429545622,
            8.607956916017192
        ],
        "MIX-SI-SDR": [
            -10.069786051999845,
            -9.197591837359699
        ],
        "MIX-SD-SDR": [
            -10.06978645021608,
            -9.19771389312628
        ],
        "MIX-SNR": [
            -10.078174879323713,
            -9.331504125619364
        ]
    },
    "drums+other+vocals": {
        "SI-SDR": [
            9.026072068188,
            8.063509168471883
        ],
        "SI-SIR": [
            18.552960095163527,
            17.759927084844108
        ],
        "SI-SAR": [
            9.539543340208482,
            8.556163618651798
        ],
        "SD-SDR": [
            7.731076483501702,
            6.632885672585413
        ],
        "SNR": [
            9.376047852487563,
            8.54920327220303
        ],
        "SRR": [
            13.617656973151405,
            12.151168628982965
        ],
        "SI-SDRi": [
            -1.0529274466670735,
            -1.2838289664793692
        ],
        "SD-SDRi": [
            -2.347922633137137,
            -2.714330406599256
        ],
        "SNRi": [
            -0.7021270268361501,
            -0.782300853416336
        ],
        "MIX-SI-SDR": [
            10.078999514855074,
            9.347338134951253
        ],
        "MIX-SD-SDR": [
            10.078999116638839,
            9.347216079184669
        ],
        "MIX-SNR": [
            10.078174879323713,
            9.331504125619366
        ]
    }
}