{
    "combination": [
        0,
        1
    ],
    "permutation": [
        0,
        1
    ],
    "bass": {
        "SI-SDR": [
            -4.496542152470314,
            -5.407383514374957
        ],
        "SI-SIR": [
            -4.394107465921392,
            -5.321516106197875
        ],
        "SI-SAR": [
            11.827947206320587,
            11.675039020135733
        ],
        "SD-SDR": [
            -6.0324514024530655,
            -6.616166183661046
        ],
        "SNR": [
            0.3832021620676093,
            -0.35665665966871085
        ],
        "SRR": [
            -0.7729183390016321,
            -0.47142342371418405
        ],
        "SI-SDRi": [
            -0.01614401373984098,
            0.019196496310274647
        ],
        "SD-SDRi": [
            -1.5520375349141782,
            -1.189381595977653
        ],
        "SNRi": [
            4.835972144306375,
            5.182196378199253
        ],
        "MIX-SI-SDR": [
            -4.480398138730473,
            -5.426580010685232
        ],
        "MIX-SD-SDR": [
            -4.480413867538887,
            -5.426784587683393
        ],
        "MIX-SNR": [
            -4.452769982238766,
            -5.5388530378679635
        ]
    },
    "drums+other+vocals": {
        "SI-SDR": [
            4.231202386029475,
            5.395521195067538
        ],
        "SI-SIR": [
            4.479543929368736,
            5.657946507324356
        ],
        "SI-SAR": [
            16.782130827065806,
            17.713859040317644
        ],
        "SD-SDR": [
            -0.9135881186877928,
            -0.47721411577490436
        ],
        "SNR": [
            4.777540943880103,
            5.141819395795755
        ],
        "SRR": [
            0.6719335232847117,
            0.822601762757009
        ],
        "SI-SDRi": [
            -0.21167777065923232,
            -0.17498610527713065
        ],
        "SD-SDRi": [
            -5.356452546568085,
            -6.047516839121412
        ],
        "SNRi": [
            0.32477096164133634,
            -0.39703364207220737
        ],
        "MIX-SI-SDR": [
            4.442880156688707,
            5.570507300344668
        ],
        "MIX-SD-SDR": [
            4.442864427880292,
            5.570302723346508
        ],
        "MIX-SNR": [
            4.452769982238767,
            5.538853037867963
        ]
    }
}