{
    "combination": [
        0,
        1
    ],
    "permutation": [
        0,
        1
    ],
    "bass": {
        "SI-SDR": [
            -4.444687924146872,
            -5.389343336977608
        ],
        "SI-SIR": [
            -4.299056442599342,
            -5.243681016478098
        ],
        "SI-SAR": [
            10.37321477742319,
            9.42765513238166
        ],
        "SD-SDR": [
            -5.5632120144149,
            -6.261867331512791
        ],
        "SNR": [
            0.030691026369468778,
            -0.7912521702826159
        ],
        "SRR": [
            0.8754432027688624,
            1.1371624706241765
        ],
        "SI-SDRi": [
            0.03571021458360146,
            0.03723667370762396
        ],
        "SD-SDRi": [
            -1.082798146876013,
            -0.835082743829398
        ],
        "SNRi": [
            4.483461008608234,
            4.747600867585348
        ],
        "MIX-SI-SDR": [
            -4.480398138730473,
            -5.426580010685232
        ],
        "MIX-SD-SDR": [
            -4.480413867538887,
            -5.426784587683393
        ],
        "MIX-SNR": [
            -4.452769982238766,
            -5.5388530378679635
        ]
    },
    "drums+other+vocals": {
        "SI-SDR": [
            4.135476413724647,
            5.182473758485369
        ],
        "SI-SIR": [
            4.595320401045325,
            5.761334645606739
        ],
        "SI-SAR": [
            14.115107851678543,
            14.22079094057115
        ],
        "SD-SDR": [
            -1.9830295583833975,
            -1.609991936019795
        ],
        "SNR": [
            4.428903726197899,
            4.710694712164612
        ],
        "SRR": [
            -0.7657931318357414,
            -0.5901511401226108
        ],
        "SI-SDRi": [
            -0.3074037429640599,
            -0.3880335418592997
        ],
        "SD-SDRi": [
            -6.42589398626369,
            -7.180294659366303
        ],
        "SNRi": [
            -0.02386625604086756,
            -0.8281583257033507
        ],
        "MIX-SI-SDR": [
            4.442880156688707,
            5.570507300344668
        ],
        "MIX-SD-SDR": [
            4.442864427880292,
            5.570302723346508
        ],
        "MIX-SNR": [
            4.452769982238767,
            5.538853037867963
        ]
    }
}