{
    "combination": [
        0,
        1
    ],
    "permutation": [
        0,
        1
    ],
    "bass": {
        "SI-SDR": [
            -3.5547892908546648,
            -4.388393455634771
        ],
        "SI-SIR": [
            -3.2969483913936104,
            -4.141384236016249
        ],
        "SI-SAR": [
            8.837818380885963,
            8.185237276515918
        ],
        "SD-SDR": [
            -4.221612050535478,
            -4.935134619537613
        ],
        "SNR": [
            -0.06682746561699407,
            -0.8145026661291099
        ],
        "SRR": [
            4.245273091192294,
            4.335393798118657
        ],
        "SI-SDRi": [
            0.9256088478758087,
            1.0381865550504612
        ],
        "SD-SDRi": [
            0.258801817003409,
            0.4916499681457802
        ],
        "SNRi": [
            4.385942516621772,
            4.724350371738853
        ],
        "MIX-SI-SDR": [
            -4.480398138730473,
            -5.426580010685232
        ],
        "MIX-SD-SDR": [
            -4.480413867538887,
            -5.426784587683393
        ],
        "MIX-SNR": [
            -4.452769982238766,
            -5.5388530378679635
        ]
    },
    "drums+other+vocals": {
        "SI-SDR": [
            4.790647912462908,
            5.8695110136634066
        ],
        "SI-SIR": [
            6.053573114944202,
            7.311812244505575
        ],
        "SI-SAR": [
            10.770885690758647,
            11.358005340665919
        ],
        "SD-SDR": [
            -2.5724399198234735,
            -1.91202235913829
        ],
        "SNR": [
            4.335227942492618,
            4.686731257054267
        ],
        "SRR": [
            -1.6918778610268723,
            -1.1202140724430618
        ],
        "SI-SDRi": [
            0.3477677557742007,
            0.2990037133187382
        ],
        "SD-SDRi": [
            -7.015304347703766,
            -7.482325082484798
        ],
        "SNRi": [
            -0.11754203974614885,
            -0.8521217808136958
        ],
        "MIX-SI-SDR": [
            4.442880156688707,
            5.570507300344668
        ],
        "MIX-SD-SDR": [
            4.442864427880292,
            5.570302723346508
        ],
        "MIX-SNR": [
            4.452769982238767,
            5.538853037867963
        ]
    }
}