{
    "combination": [
        0,
        1
    ],
    "permutation": [
        0,
        1
    ],
    "bass": {
        "SI-SDR": [
            -6.349156283660157,
            -6.28357077953805
        ],
        "SI-SIR": [
            -6.271786034845044,
            -6.203164059628513
        ],
        "SI-SAR": [
            11.181574587024217,
            11.08149020557324
        ],
        "SD-SDR": [
            -8.058425161183115,
            -7.825241133489417
        ],
        "SNR": [
            -0.3018937212191909,
            -0.4196243316004412
        ],
        "SRR": [
            -3.1820455029853614,
            -2.5792569205838016
        ],
        "SI-SDRi": [
            -0.4578045506737567,
            -0.6766689678486895
        ],
        "SD-SDRi": [
            -2.1609342173650807,
            -2.2179869115575945
        ],
        "SNRi": [
            4.974610446701025,
            5.039686191976299
        ],
        "MIX-SI-SDR": [
            -5.891351732986401,
            -5.606901811689361
        ],
        "MIX-SD-SDR": [
            -5.897490943818034,
            -5.607254221931822
        ],
        "MIX-SNR": [
            -5.276504167920216,
            -5.4593105235767405
        ]
    },
    "drums+other+vocals": {
        "SI-SDR": [
            4.6068157624339765,
            4.723920569949506
        ],
        "SI-SIR": [
            4.7967996717015975,
            4.925399052033236
        ],
        "SI-SAR": [
            18.29213634871885,
            18.159826769224704
        ],
        "SD-SDR": [
            -0.6730939913463088,
            -0.5409376917244835
        ],
        "SNR": [
            4.930902816439498,
            4.997479612805678
        ],
        "SRR": [
            0.8541989362406094,
            0.9927142322099349
        ],
        "SI-SDRi": [
            -0.49615419097716895,
            -0.6939095115272078
        ],
        "SD-SDRi": [
            -5.7699247339258255,
            -5.95841536295874
        ],
        "SNRi": [
            -0.3456013514807177,
            -0.4618309107710621
        ],
        "MIX-SI-SDR": [
            5.1029699534111455,
            5.417830081476714
        ],
        "MIX-SD-SDR": [
            5.096830742579517,
            5.4174776712342565
        ],
        "MIX-SNR": [
            5.276504167920216,
            5.4593105235767405
        ]
    }
}