{
    "combination": [
        0,
        1
    ],
    "permutation": [
        0,
        1
    ],
    "bass": {
        "SI-SDR": [
            -6.157842786865201,
            -5.951496346718303
        ],
        "SI-SIR": [
            -6.071198514364919,
            -5.864272619475853
        ],
        "SI-SAR": [
            10.885851841851121,
            11.063539228447166
        ],
        "SD-SDR": [
            -7.454748559095931,
            -7.091998816888951
        ],
        "SNR": [
            -0.6117279767056928,
            -0.7001183364688714
        ],
        "SRR": [
            -1.5736617610997405,
            -0.7273390990207458
        ],
        "SI-SDRi": [
            -0.26649105387880034,
            -0.3445945350289419
        ],
        "SD-SDRi": [
            -1.557257615277897,
            -1.484744594957129
        ],
        "SNRi": [
            4.664776191214523,
            4.759192187107869
        ],
        "MIX-SI-SDR": [
            -5.891351732986401,
            -5.606901811689361
        ],
        "MIX-SD-SDR": [
            -5.897490943818034,
            -5.607254221931822
        ],
        "MIX-SNR": [
            -5.276504167920216,
            -5.4593105235767405
        ]
    },
    "drums+other+vocals": {
        "SI-SDR": [
            4.650787232926412,
            4.87088059349473
        ],
        "SI-SIR": [
            4.926063079842541,
            5.157522039903868
        ],
        "SI-SAR": [
            16.767860208603395,
            16.817866308466066
        ],
        "SD-SDR": [
            -1.6406274594483161,
            -1.4552954765990753
        ],
        "SNR": [
            4.6222009282033785,
            4.718211426928836
        ],
        "SRR": [
            -0.47788465296088406,
            -0.3031686961039377
        ],
        "SI-SDRi": [
            -0.45218272048473374,
            -0.5469494879819834
        ],
        "SD-SDRi": [
            -6.737458202027833,
            -6.872773147833332
        ],
        "SNRi": [
            -0.6543032397168371,
            -0.7410990966479041
        ],
        "MIX-SI-SDR": [
            5.1029699534111455,
            5.417830081476714
        ],
        "MIX-SD-SDR": [
            5.096830742579517,
            5.4174776712342565
        ],
        "MIX-SNR": [
            5.276504167920216,
            5.4593105235767405
        ]
    }
}