{
    "combination": [
        0,
        1
    ],
    "permutation": [
        0,
        1
    ],
    "bass": {
        "SI-SDR": [
            -5.079959070737601,
            -4.563415864706495
        ],
        "SI-SIR": [
            -4.897240511865252,
            -4.374382491702203
        ],
        "SI-SAR": [
            8.771096404606526,
            9.14321627108103
        ],
        "SD-SDR": [
            -5.626901525338735,
            -4.9847387660582765
        ],
        "SNR": [
            -1.2378474227525136,
            -1.2356522062792727
        ],
        "SRR": [
            3.642126802163011,
            5.355912191004675
        ],
        "SI-SDRi": [
            0.8113926622487995,
            1.043485946982866
        ],
        "SD-SDRi": [
            0.2705894184792985,
            0.622515455873546
        ],
        "SNRi": [
            4.038656745167702,
            4.223658317297468
        ],
        "MIX-SI-SDR": [
            -5.891351732986401,
            -5.606901811689361
        ],
        "MIX-SD-SDR": [
            -5.897490943818034,
            -5.607254221931822
        ],
        "MIX-SNR": [
            -5.276504167920216,
            -5.4593105235767405
        ]
    },
    "drums+other+vocals": {
        "SI-SDR": [
            5.243739345728661,
            5.837847908374303
        ],
        "SI-SIR": [
            6.59530620611326,
            7.387273263852762
        ],
        "SI-SAR": [
            10.971478799182396,
            11.065688745460998
        ],
        "SD-SDR": [
            -3.74050043249918,
            -3.3335525916423485
        ],
        "SNR": [
            3.999404718494206,
            4.183937893160289
        ],
        "SRR": [
            -3.153874122810936,
            -2.773338668624952
        ],
        "SI-SDRi": [
            0.14076939231751595,
            0.42001782689758915
        ],
        "SD-SDRi": [
            -8.837331175078697,
            -8.751030262876604
        ],
        "SNRi": [
            -1.2770994494260095,
            -1.2753726304164514
        ],
        "MIX-SI-SDR": [
            5.1029699534111455,
            5.417830081476714
        ],
        "MIX-SD-SDR": [
            5.096830742579517,
            5.4174776712342565
        ],
        "MIX-SNR": [
            5.276504167920216,
            5.4593105235767405
        ]
    }
}