{
    "combination": [
        0,
        1
    ],
    "permutation": [
        0,
        1
    ],
    "bass": {
        "SI-SDR": [
            -8.630006886648793,
            -10.082732950172524
        ],
        "SI-SIR": [
            -8.577569588777415,
            -10.037060082120927
        ],
        "SI-SAR": [
            10.577625453595305,
            9.721343741361782
        ],
        "SD-SDR": [
            -9.3666435622094,
            -10.603315457834784
        ],
        "SNR": [
            -2.672701519159925,
            -3.997927112481905
        ],
        "SRR": [
            -1.2982203237366627,
            -1.1326765519088398
        ],
        "SI-SDRi": [
            0.006832957369820036,
            -0.20121336545856572
        ],
        "SD-SDRi": [
            -0.7288443458128828,
            -0.7217247679940364
        ],
        "SNRi": [
            5.6229605511384735,
            5.774714441402532
        ],
        "MIX-SI-SDR": [
            -8.636839844018613,
            -9.881519584713958
        ],
        "MIX-SD-SDR": [
            -8.637799216396518,
            -9.881590689840747
        ],
        "MIX-SNR": [
            -8.295662070298398,
            -9.772641553884437
        ]
    },
    "drums+other+vocals": {
        "SI-SDR": [
            8.028102910774189,
            9.295574400992336
        ],
        "SI-SIR": [
            8.334387273791638,
            9.661937675439601
        ],
        "SI-SAR": [
            19.696939968718624,
            20.216192167611794
        ],
        "SD-SDR": [
            -0.1493535441188687,
            -0.0372013602747181
        ],
        "SNR": [
            5.5921667644642685,
            5.736385840447012
        ],
        "SRR": [
            0.5674246237918861,
            0.5012562020582065
        ],
        "SI-SDRi": [
            -0.21870430098710614,
            -0.4657219907131971
        ],
        "SD-SDRi": [
            -8.395201383502261,
            -9.79842664685346
        ],
        "SNRi": [
            -2.70349530583413,
            -4.036255713437425
        ],
        "MIX-SI-SDR": [
            8.246807211761295,
            9.761296391705534
        ],
        "MIX-SD-SDR": [
            8.245847839383392,
            9.761225286578743
        ],
        "MIX-SNR": [
            8.295662070298398,
            9.772641553884437
        ]
    }
}