{
    "combination": [
        0,
        1
    ],
    "permutation": [
        0,
        1
    ],
    "bass": {
        "SI-SDR": [
            -9.040755845142188,
            -10.277638801773053
        ],
        "SI-SIR": [
            -8.928349483648523,
            -10.174868929379603
        ],
        "SI-SAR": [
            6.885260323292961,
            6.032829745600131
        ],
        "SD-SDR": [
            -9.642686141251101,
            -10.689319149825366
        ],
        "SNR": [
            -3.232307140569262,
            -4.541367543445167
        ],
        "SRR": [
            -0.7628154867040127,
            -0.2528631170726811
        ],
        "SI-SDRi": [
            -0.40391600112357473,
            -0.3961192170590948
        ],
        "SD-SDRi": [
            -1.004886924854583,
            -0.8077284599846184
        ],
        "SNRi": [
            5.063354929729137,
            5.23127401043927
        ],
        "MIX-SI-SDR": [
            -8.636839844018613,
            -9.881519584713958
        ],
        "MIX-SD-SDR": [
            -8.637799216396518,
            -9.881590689840747
        ],
        "MIX-SNR": [
            -8.295662070298398,
            -9.772641553884437
        ]
    },
    "drums+other+vocals": {
        "SI-SDR": [
            7.243969664037461,
            8.565133631286947
        ],
        "SI-SIR": [
            7.992222413654844,
            9.504745327719654
        ],
        "SI-SAR": [
            15.250085697598099,
            15.67483140264245
        ],
        "SD-SDR": [
            -1.3363866187399465,
            -1.1733178997823703
        ],
        "SNR": [
            5.035081474393358,
            5.196889149062085
        ],
        "SRR": [
            -0.688111567668088,
            -0.6856853637829897
        ],
        "SI-SDRi": [
            -1.0028375477238338,
            -1.196162760418586
        ],
        "SD-SDRi": [
            -9.582234458123338,
            -10.934543186361113
        ],
        "SNRi": [
            -3.26058059590504,
            -4.575752404822352
        ],
        "MIX-SI-SDR": [
            8.246807211761295,
            9.761296391705534
        ],
        "MIX-SD-SDR": [
            8.245847839383392,
            9.761225286578743
        ],
        "MIX-SNR": [
            8.295662070298398,
            9.772641553884437
        ]
    }
}