{
    "combination": [
        0,
        1
    ],
    "permutation": [
        0,
        1
    ],
    "bass": {
        "SI-SDR": [
            -7.702910466679546,
            -8.621548572638423
        ],
        "SI-SIR": [
            -7.4676443338190035,
            -8.356833096536917
        ],
        "SI-SAR": [
            5.076440551442438,
            3.660186676547643
        ],
        "SD-SDR": [
            -8.039468225597142,
            -8.852999130274728
        ],
        "SNR": [
            -3.4866122960265837,
            -4.6023954684015145
        ],
        "SRR": [
            3.2349710149964697,
            3.995473008961401
        ],
        "SI-SDRi": [
            0.9339293773390676,
            1.2599710120755354
        ],
        "SD-SDRi": [
            0.5983309907993757,
            1.0285915595660189
        ],
        "SNRi": [
            4.809049774271815,
            5.170246085482923
        ],
        "MIX-SI-SDR": [
            -8.636839844018613,
            -9.881519584713958
        ],
        "MIX-SD-SDR": [
            -8.637799216396518,
            -9.881590689840747
        ],
        "MIX-SNR": [
            -8.295662070298398,
            -9.772641553884437
        ]
    },
    "drums+other+vocals": {
        "SI-SDR": [
            7.465570268917858,
            8.560594454809545
        ],
        "SI-SIR": [
            9.840929311666036,
            11.839357421792586
        ],
        "SI-SAR": [
            11.219801467598119,
            11.318064966425128
        ],
        "SD-SDR": [
            -2.022232214067728,
            -1.3164343717092706
        ],
        "SNR": [
            4.782788127463387,
            5.136925898097058
        ],
        "SRR": [
            -1.5038306037251392,
            -0.8449785626035202
        ],
        "SI-SDRi": [
            -0.7812369428434369,
            -1.2007019368959888
        ],
        "SD-SDRi": [
            -10.26808005345112,
            -11.077659658288013
        ],
        "SNRi": [
            -3.512873942835011,
            -4.635715655787379
        ],
        "MIX-SI-SDR": [
            8.246807211761295,
            9.761296391705534
        ],
        "MIX-SD-SDR": [
            8.245847839383392,
            9.761225286578743
        ],
        "MIX-SNR": [
            8.295662070298398,
            9.772641553884437
        ]
    }
}