{
    "combination": [
        0,
        1
    ],
    "permutation": [
        0,
        1
    ],
    "bass": {
        "SI-SDR": [
            -3.03780954854814,
            -2.7683773362637316
        ],
        "SI-SIR": [
            -2.975425396833728,
            -2.708557071798529
        ],
        "SI-SAR": [
            15.420445561983415,
            15.870858289759436
        ],
        "SD-SDR": [
            -4.672464983898658,
            -4.606780481701177
        ],
        "SNR": [
            1.1686106892124775,
            1.407082298358193
        ],
        "SRR": [
            0.3628374251533351,
            0.013479496094701799
        ],
        "SI-SDRi": [
            -0.10911733171675442,
            -0.11403972871299706
        ],
        "SD-SDRi": [
            -1.7430259279165363,
            -1.9498666823960837
        ],
        "SNRi": [
            3.9399141693905806,
            3.7814369292201224
        ],
        "MIX-SI-SDR": [
            -2.9286922168313856,
            -2.6543376075507346
        ],
        "MIX-SD-SDR": [
            -2.929439055982122,
            -2.6569137993050935
        ],
        "MIX-SNR": [
            -2.771303480178103,
            -2.374354630861929
        ]
    },
    "drums+other+vocals": {
        "SI-SDR": [
            2.507976925936873,
            2.0422621564187096
        ],
        "SI-SIR": [
            2.6452830939750993,
            2.1582488017908528
        ],
        "SI-SAR": [
            17.577391777379574,
            17.83388964715946
        ],
        "SD-SDR": [
            -2.595446125982149,
            -2.7841807279611817
        ],
        "SNR": [
            3.935081167185003,
            3.777605632544623
        ],
        "SRR": [
            -0.9915709685997494,
            -1.0506221278738732
        ],
        "SI-SDRi": [
            -0.18089132083264658,
            -0.17223213912157131
        ],
        "SD-SDRi": [
            -5.283567533600934,
            -4.996098831747105
        ],
        "SNRi": [
            1.163777687006899,
            1.403251001682694
        ],
        "MIX-SI-SDR": [
            2.6888682467695197,
            2.214494295540281
        ],
        "MIX-SD-SDR": [
            2.688121407618785,
            2.2119181037859232
        ],
        "MIX-SNR": [
            2.771303480178104,
            2.3743546308619288
        ]
    }
}