{
    "combination": [
        0,
        1
    ],
    "permutation": [
        0,
        1
    ],
    "bass": {
        "SI-SDR": [
            -3.9712543237894247,
            -3.4304778491481995
        ],
        "SI-SIR": [
            -3.587189086797418,
            -2.928278604862232
        ],
        "SI-SAR": [
            6.753156315705885,
            6.1872849347779635
        ],
        "SD-SDR": [
            -6.120844553967033,
            -5.713720478950741
        ],
        "SNR": [
            0.977277574822816,
            1.2698071818737247
        ],
        "SRR": [
            -2.0360048109740476,
            -1.8296779517059472
        ],
        "SI-SDRi": [
            -1.042562106958039,
            -0.776140241597465
        ],
        "SD-SDRi": [
            -3.191405497984911,
            -3.0568066796456472
        ],
        "SNRi": [
            3.748581055000919,
            3.644161812735654
        ],
        "MIX-SI-SDR": [
            -2.9286922168313856,
            -2.6543376075507346
        ],
        "MIX-SD-SDR": [
            -2.929439055982122,
            -2.6569137993050935
        ],
        "MIX-SNR": [
            -2.771303480178103,
            -2.374354630861929
        ]
    },
    "drums+other+vocals": {
        "SI-SDR": [
            1.564751043832071,
            1.2990608446537237
        ],
        "SI-SIR": [
            2.1199586971055244,
            1.9758334257128416
        ],
        "SI-SAR": [
            10.772686509983272,
            9.706469281850659
        ],
        "SD-SDR": [
            -2.131473756986502,
            -2.1780661049801013
        ],
        "SNR": [
            3.7470058183292205,
            3.6395857430130674
        ],
        "SRR": [
            0.28660481469364013,
            0.41075174362315714
        ],
        "SI-SDRi": [
            -1.1241172029374487,
            -0.9154334508865571
        ],
        "SD-SDRi": [
            -4.819595164605287,
            -4.389984208766025
        ],
        "SNRi": [
            0.9757023381511165,
            1.2652311121511386
        ],
        "MIX-SI-SDR": [
            2.6888682467695197,
            2.214494295540281
        ],
        "MIX-SD-SDR": [
            2.688121407618785,
            2.2119181037859232
        ],
        "MIX-SNR": [
            2.771303480178104,
            2.3743546308619288
        ]
    }
}