{
    "combination": [
        0,
        1
    ],
    "permutation": [
        0,
        1
    ],
    "bass": {
        "SI-SDR": [
            -2.315925591241486,
            -2.3104792615965692
        ],
        "SI-SIR": [
            -2.2389693312907903,
            -2.218731705848999
        ],
        "SI-SAR": [
            15.23789930333299,
            14.487211840018723
        ],
        "SD-SDR": [
            -3.8544577940629505,
            -4.0953193972916795
        ],
        "SNR": [
            1.4948244672714015,
            1.6167477166941946
        ],
        "SRR": [
            1.3988991898319973,
            0.628429952592394
        ],
        "SI-SDRi": [
            0.6127666255898996,
            0.3438583459541653
        ],
        "SD-SDRi": [
            -0.9250187380808286,
            -1.438405597986586
        ],
        "SNRi": [
            4.266127947449505,
            3.991102347556124
        ],
        "MIX-SI-SDR": [
            -2.9286922168313856,
            -2.6543376075507346
        ],
        "MIX-SD-SDR": [
            -2.929439055982122,
            -2.6569137993050935
        ],
        "MIX-SNR": [
            -2.771303480178103,
            -2.374354630861929
        ]
    },
    "drums+other+vocals": {
        "SI-SDR": [
            3.282716713748217,
            2.5009175677086986
        ],
        "SI-SIR": [
            3.4659637073381293,
            2.685894650131231
        ],
        "SI-SAR": [
            17.12149258152377,
            16.299741698088166
        ],
        "SD-SDR": [
            -2.001854704435763,
            -2.365530348420616
        ],
        "SNR": [
            4.260275136436496,
            3.986907596695033
        ],
        "SRR": [
            -0.47652490251083196,
            -0.6514635740276276
        ],
        "SI-SDRi": [
            0.5938484669786974,
            0.2864232721684177
        ],
        "SD-SDRi": [
            -4.6899761120545485,
            -4.577448452206539
        ],
        "SNRi": [
            1.488971656258392,
            1.6125529658331041
        ],
        "MIX-SI-SDR": [
            2.6888682467695197,
            2.214494295540281
        ],
        "MIX-SD-SDR": [
            2.688121407618785,
            2.2119181037859232
        ],
        "MIX-SNR": [
            2.771303480178104,
            2.3743546308619288
        ]
    }
}