{
    "combination": [
        0,
        1
    ],
    "permutation": [
        0,
        1
    ],
    "bass": {
        "SI-SDR": [
            -5.6514377617734555,
            -7.055307207252504
        ],
        "SI-SIR": [
            -5.552196911182281,
            -6.955292289053892
        ],
        "SI-SAR": [
            10.809026507598086,
            9.37179955478731
        ],
        "SD-SDR": [
            -6.639878059328527,
            -7.731976021885887
        ],
        "SNR": [
            -0.7548588054381343,
            -2.042824331415704
        ],
        "SRR": [
            0.2733112411279406,
            0.6760478137642513
        ],
        "SI-SDRi": [
            -0.3098515639597963,
            0.00782688484181815
        ],
        "SD-SDRi": [
            -1.2982913770528466,
            -0.6685223120976866
        ],
        "SNRi": [
            4.592095296101476,
            4.854198146127165
        ],
        "MIX-SI-SDR": [
            -5.341586197813659,
            -7.063134092094322
        ],
        "MIX-SD-SDR": [
            -5.341586682275681,
            -7.063453709788201
        ],
        "MIX-SNR": [
            -5.346954101539611,
            -6.897022477542869
        ]
    },
    "drums+other+vocals": {
        "SI-SDR": [
            4.780573673760567,
            6.393199596443795
        ],
        "SI-SIR": [
            5.137963270532275,
            6.960261318709406
        ],
        "SI-SAR": [
            15.804467159954015,
            15.515185612334307
        ],
        "SD-SDR": [
            -1.8491895180295703,
            -1.6884771086319876
        ],
        "SNR": [
            4.572902516954256,
            4.822364654898047
        ],
        "SRR": [
            -0.7852429235821313,
            -0.9542859239465306
        ],
        "SI-SDRi": [
            -0.567948259102347,
            -0.47039653627651745
        ],
        "SD-SDRi": [
            -7.197710966430461,
            -8.55175362365842
        ],
        "SNRi": [
            -0.7740515845853544,
            -2.074657822644822
        ],
        "MIX-SI-SDR": [
            5.348521932862914,
            6.863596132720312
        ],
        "MIX-SD-SDR": [
            5.3485214484008905,
            6.863276515026434
        ],
        "MIX-SNR": [
            5.346954101539611,
            6.897022477542869
        ]
    }
}