{
    "combination": [
        0,
        1
    ],
    "permutation": [
        0,
        1
    ],
    "bass": {
        "SI-SDR": [
            -5.5179496965231944,
            -7.232311289076745
        ],
        "SI-SIR": [
            -5.322466597721862,
            -7.0405324472637
        ],
        "SI-SAR": [
            8.046176197860863,
            6.413061472633431
        ],
        "SD-SDR": [
            -6.18919290727119,
            -7.748592489086498
        ],
        "SNR": [
            -1.2214418310966886,
            -2.5616793165536134
        ],
        "SRR": [
            2.251150819298487,
            1.7559711438696013
        ],
        "SI-SDRi": [
            -0.17636349870953527,
            -0.16917719698242273
        ],
        "SD-SDRi": [
            -0.8476062249955092,
            -0.6851387792982973
        ],
        "SNRi": [
            4.125512270442922,
            4.335343160989256
        ],
        "MIX-SI-SDR": [
            -5.341586197813659,
            -7.063134092094322
        ],
        "MIX-SD-SDR": [
            -5.341586682275681,
            -7.063453709788201
        ],
        "MIX-SNR": [
            -5.346954101539611,
            -6.897022477542869
        ]
    },
    "drums+other+vocals": {
        "SI-SDR": [
            4.384744945026729,
            5.5562084375169505
        ],
        "SI-SIR": [
            5.388416367490683,
            6.868592207984753
        ],
        "SI-SAR": [
            11.238847798645864,
            11.393123064504255
        ],
        "SD-SDR": [
            -3.132956684408649,
            -2.9011248062852477
        ],
        "SNR": [
            4.105860314074498,
            4.3073760090068465
        ],
        "SRR": [
            -2.2864030399699082,
            -2.232714814364795
        ],
        "SI-SDRi": [
            -0.9637769878361846,
            -1.3073876952033618
        ],
        "SD-SDRi": [
            -8.481478132809539,
            -9.76440132131168
        ],
        "SNRi": [
            -1.241093787465113,
            -2.5896464685360225
        ],
        "MIX-SI-SDR": [
            5.348521932862914,
            6.863596132720312
        ],
        "MIX-SD-SDR": [
            5.3485214484008905,
            6.863276515026434
        ],
        "MIX-SNR": [
            5.346954101539611,
            6.897022477542869
        ]
    }
}