{
    "combination": [
        0,
        1
    ],
    "permutation": [
        0,
        1
    ],
    "bass": {
        "SI-SDR": [
            -5.010297282085626,
            -6.736977242104453
        ],
        "SI-SIR": [
            -4.947788858506068,
            -6.685220604165774
        ],
        "SI-SAR": [
            13.43937709145582,
            12.527057917429962
        ],
        "SD-SDR": [
            -6.161157446066429,
            -7.628531678642156
        ],
        "SNR": [
            -0.2247407915652422,
            -1.449506118658976
        ],
        "SRR": [
            0.16919040962106108,
            -0.3140133850060971
        ],
        "SI-SDRi": [
            0.33128891572803276,
            0.3261568499898688
        ],
        "SD-SDRi": [
            -0.8195707637907486,
            -0.5650779688539558
        ],
        "SNRi": [
            5.122213309974368,
            5.4475163588838935
        ],
        "MIX-SI-SDR": [
            -5.341586197813659,
            -7.063134092094322
        ],
        "MIX-SD-SDR": [
            -5.341586682275681,
            -7.063453709788201
        ],
        "MIX-SNR": [
            -5.346954101539611,
            -6.897022477542869
        ]
    },
    "drums+other+vocals": {
        "SI-SDR": [
            5.541389129104372,
            6.962460309686909
        ],
        "SI-SIR": [
            5.747454909853788,
            7.201947348864978
        ],
        "SI-SAR": [
            18.881798955739686,
            19.66667654793081
        ],
        "SD-SDR": [
            -0.6610715249635364,
            -0.33124920600949004
        ],
        "SNR": [
            5.098885609997373,
            5.411414363802187
        ],
        "SRR": [
            0.5293494243412658,
            0.5650610878320942
        ],
        "SI-SDRi": [
            0.19286719624145832,
            0.09886417696659677
        ],
        "SD-SDRi": [
            -6.009592973364427,
            -7.194525721035924
        ],
        "SNRi": [
            -0.24806849154223798,
            -1.4856081137406818
        ],
        "MIX-SI-SDR": [
            5.348521932862914,
            6.863596132720312
        ],
        "MIX-SD-SDR": [
            5.3485214484008905,
            6.863276515026434
        ],
        "MIX-SNR": [
            5.346954101539611,
            6.897022477542869
        ]
    }
}