{
    "combination": [
        0,
        1
    ],
    "permutation": [
        0,
        1
    ],
    "vocals": {
        "SI-SDR": [
            -3.081186551951818,
            -2.4181147042176736
        ],
        "SI-SIR": [
            -2.8667163822178483,
            -2.1688834733887763
        ],
        "SI-SAR": [
            10.089781395603017,
            10.117723468657546
        ],
        "SD-SDR": [
            -3.2619521364176656,
            -2.607864854105086
        ],
        "SNR": [
            -1.0236640435886804,
            -0.4693129790406339
        ],
        "SRR": [
            10.634802777448735,
            11.082686626204172
        ],
        "SI-SDRi": [
            -1.789537564773094,
            -1.533595241891657
        ],
        "SD-SDRi": [
            -1.9702765301779244,
            -1.7230644446245882
        ],
        "SNRi": [
            0.29299925640291247,
            0.4931851840864446
        ],
        "MIX-SI-SDR": [
            -1.2916489871787238,
            -0.8845194623260167
        ],
        "MIX-SD-SDR": [
            -1.2916756062397412,
            -0.8848004094804977
        ],
        "MIX-SNR": [
            -1.3166632999915928,
            -0.9624981631270785
        ]
    },
    "bass+drums+other": {
        "SI-SDR": [
            -11.546984232673228,
            -9.20190937271567
        ],
        "SI-SIR": [
            -8.708922497897941,
            -6.12766153899802
        ],
        "SI-SAR": [
            -8.357332098578382,
            -6.254629337103741
        ],
        "SD-SDR": [
            -22.65984905136895,
            -19.60872133492154
        ],
        "SNR": [
            0.2916306381915605,
            0.48964922162097413
        ],
        "SRR": [
            -22.31000657577823,
            -19.194082352897684
        ],
        "SI-SDRi": [
            -12.882133786920493,
            -10.226996496721473
        ],
        "SD-SDRi": [
            -23.994971986555196,
            -20.63352751177286
        ],
        "SNRi": [
            -1.0250326618000332,
            -0.4728489415061038
        ],
        "MIX-SI-SDR": [
            1.335149554247264,
            1.0250871240058022
        ],
        "MIX-SD-SDR": [
            1.335122935186246,
            1.0248061768513197
        ],
        "MIX-SNR": [
            1.3166632999915937,
            0.9624981631270779
        ]
    }
}