{
    "combination": [
        0,
        1
    ],
    "permutation": [
        0,
        1
    ],
    "vocals": {
        "SI-SDR": [
            -6.849210276809517,
            -5.751346665740136
        ],
        "SI-SIR": [
            -6.765516856769434,
            -5.663520292954354
        ],
        "SI-SAR": [
            10.343499191775567,
            11.23408616169831
        ],
        "SD-SDR": [
            -6.957004312199736,
            -5.9010763184215165
        ],
        "SNR": [
            -4.358106582525214,
            -3.2102191664853823
        ],
        "SRR": [
            9.148677034575618,
            8.798338361314483
        ],
        "SI-SDRi": [
            -2.4360111338952084,
            -2.5606588875947005
        ],
        "SD-SDRi": [
            -2.5437716965158534,
            -2.7103864029622398
        ],
        "SNRi": [
            0.015138124816079568,
            -0.028322935566589713
        ],
        "MIX-SI-SDR": [
            -4.4131991429143085,
            -3.1906877781454352
        ],
        "MIX-SD-SDR": [
            -4.413232615683882,
            -3.1906899154592767
        ],
        "MIX-SNR": [
            -4.373244707341294,
            -3.1818962309187926
        ]
    },
    "bass+drums+other": {
        "SI-SDR": [
            -20.253268729709625,
            -21.161414631366497
        ],
        "SI-SIR": [
            -18.22005565956866,
            -19.609462757378008
        ],
        "SI-SAR": [
            -15.980237419790269,
            -15.939461462057537
        ],
        "SD-SDR": [
            -34.64268496747532,
            -34.46083888711233
        ],
        "SNR": [
            0.0014132426141185862,
            -0.04134216513216643
        ],
        "SRR": [
            -34.48166912596311,
            -34.2527716434673
        ],
        "SI-SDRi": [
            -24.611959790682214,
            -24.339087607014502
        ],
        "SD-SDRi": [
            -39.00134255567833,
            -37.6385097254465
        ],
        "SNRi": [
            -4.371831464727175,
            -3.2232383960509585
        ],
        "MIX-SI-SDR": [
            4.358691060972588,
            3.177672975648003
        ],
        "MIX-SD-SDR": [
            4.358657588203011,
            3.1776708383341665
        ],
        "MIX-SNR": [
            4.373244707341294,
            3.181896230918792
        ]
    }
}