{
    "combination": [
        0,
        1
    ],
    "permutation": [
        0,
        1
    ],
    "vocals": {
        "SI-SDR": [
            -5.274930292175193,
            -5.725334101196147
        ],
        "SI-SIR": [
            -5.136114553766249,
            -5.49555666538285
        ],
        "SI-SAR": [
            9.747748739118759,
            7.153817408689554
        ],
        "SD-SDR": [
            -5.581322366358511,
            -6.154267611210363
        ],
        "SNR": [
            -2.081256109849571,
            -1.9487179954831346
        ],
        "SRR": [
            6.086040897123988,
            4.112377474963177
        ],
        "SI-SDRi": [
            -3.258168665619555,
            -3.3454027637737034
        ],
        "SD-SDRi": [
            -3.5645476750645706,
            -3.7739021817229257
        ],
        "SNRi": [
            -0.0834631701849331,
            0.3181775375454652
        ],
        "MIX-SI-SDR": [
            -2.016761626555638,
            -2.3799313374224433
        ],
        "MIX-SD-SDR": [
            -2.01677469129394,
            -2.3803654294874375
        ],
        "MIX-SNR": [
            -1.997792939664638,
            -2.2668955330286
        ]
    },
    "bass+drums+other": {
        "SI-SDR": [
            -18.403407884355182,
            -10.83379449502954
        ],
        "SI-SIR": [
            -16.980019737611805,
            -9.068657342027317
        ],
        "SI-SAR": [
            -12.866524757113254,
            -6.071018764454038
        ],
        "SD-SDR": [
            -28.76787164989449,
            -19.681077521125925
        ],
        "SNR": [
            -0.09292428892874802,
            0.3094113909408494
        ],
        "SRR": [
            -28.348967363758085,
            -19.07428167013651
        ],
        "SI-SDRi": [
            -20.38923595383774,
            -13.033975812360048
        ],
        "SD-SDRi": [
            -30.753686654638745,
            -21.88082474639144
        ],
        "SNRi": [
            -2.0907172285933857,
            -1.95748414208775
        ],
        "MIX-SI-SDR": [
            1.9858280694825563,
            2.2001813173305074
        ],
        "MIX-SD-SDR": [
            1.9858150047442549,
            2.199747225265516
        ],
        "MIX-SNR": [
            1.997792939664638,
            2.2668955330285994
        ]
    }
}