{
    "combination": [
        0,
        1
    ],
    "permutation": [
        0,
        1
    ],
    "vocals": {
        "SI-SDR": [
            -9.11925187288163,
            -9.932625787787657
        ],
        "SI-SIR": [
            -9.055541501718373,
            -9.883170515681211
        ],
        "SI-SAR": [
            9.248306131213969,
            9.5277955385541
        ],
        "SD-SDR": [
            -9.132515375541233,
            -9.946362597428765
        ],
        "SNR": [
            -7.858141863486438,
            -8.533680991790368
        ],
        "SRR": [
            16.0253755129012,
            15.059488309789973
        ],
        "SI-SDRi": [
            -1.1551429985228605,
            -1.2489152039558
        ],
        "SD-SDRi": [
            -1.1682224699208348,
            -1.2626483578132177
        ],
        "SNRi": [
            0.24875719820812492,
            0.17171727811932946
        ],
        "MIX-SI-SDR": [
            -7.96410887435877,
            -8.683710583831857
        ],
        "MIX-SD-SDR": [
            -7.964292905620399,
            -8.683714239615547
        ],
        "MIX-SNR": [
            -8.106899061694563,
            -8.705398269909697
        ]
    },
    "bass+drums+other": {
        "SI-SDR": [
            -11.013465555568807,
            -12.947745050909907
        ],
        "SI-SIR": [
            -4.27247955374452,
            -6.505279206881354
        ],
        "SI-SAR": [
            -9.979895843667135,
            -11.830339720443598
        ],
        "SD-SDR": [
            -28.645296588048204,
            -31.56788204539039
        ],
        "SNR": [
            0.2423730353546956,
            0.16779882789891432
        ],
        "SRR": [
            -28.56972223360261,
            -31.507796302477967
        ],
        "SI-SDRi": [
            -19.142754280620625,
            -21.65607159545028
        ],
        "SD-SDRi": [
            -36.77440128183839,
            -40.276204934147074
        ],
        "SNRi": [
            -7.864526026339867,
            -8.537599442010782
        ],
        "MIX-SI-SDR": [
            8.129288725051818,
            8.708326544540371
        ],
        "MIX-SD-SDR": [
            8.129104693790183,
            8.708322888756681
        ],
        "MIX-SNR": [
            8.106899061694563,
            8.705398269909697
        ]
    }
}