{
    "combination": [
        0,
        1
    ],
    "permutation": [
        0,
        1
    ],
    "vocals": {
        "SI-SDR": [
            -9.544747763106555,
            -9.42703092226485
        ],
        "SI-SIR": [
            -9.412847970707977,
            -9.347625191175414
        ],
        "SI-SAR": [
            5.6964372134578225,
            7.991936076451496
        ],
        "SD-SDR": [
            -9.651702012023843,
            -9.489907240525946
        ],
        "SNR": [
            -6.282747456637234,
            -6.835106785555942
        ],
        "SRR": [
            6.487528054532751,
            8.934465066528535
        ],
        "SI-SDRi": [
            -2.889337468686132,
            -2.5453554013697053
        ],
        "SD-SDRi": [
            -2.996260854643512,
            -2.6080550273658494
        ],
        "SNRi": [
            0.32301506429111804,
            0.16996964741824883
        ],
        "MIX-SI-SDR": [
            -6.655410294420423,
            -6.881675520895144
        ],
        "MIX-SD-SDR": [
            -6.655441157380332,
            -6.881852213160097
        ],
        "MIX-SNR": [
            -6.605762520928352,
            -7.005076432974191
        ]
    },
    "bass+drums+other": {
        "SI-SDR": [
            -11.215296667699626,
            -14.344404992538351
        ],
        "SI-SIR": [
            -7.856032937575241,
            -11.333745758298232
        ],
        "SI-SAR": [
            -8.527994109509795,
            -11.334464283779342
        ],
        "SD-SDR": [
            -24.213609297010414,
            -29.408066310325466
        ],
        "SNR": [
            0.3086328800583172,
            0.1562211389591386
        ],
        "SRR": [
            -23.99021352045761,
            -29.270575206591644
        ],
        "SI-SDRi": [
            -17.810260193659865,
            -21.374355737223507
        ],
        "SD-SDRi": [
            -30.808541960010746,
            -36.43784036274567
        ],
        "SNRi": [
            -6.297129640870034,
            -6.8488552940150536
        ],
        "MIX-SI-SDR": [
            6.594963525960238,
            7.029950744685155
        ],
        "MIX-SD-SDR": [
            6.594932663000331,
            7.029774052420202
        ],
        "MIX-SNR": [
            6.6057625209283515,
            7.005076432974192
        ]
    }
}