{
    "combination": [
        0,
        1
    ],
    "permutation": [
        0,
        1
    ],
    "vocals": {
        "SI-SDR": [
            -5.125654862302948,
            -6.35371930523303
        ],
        "SI-SIR": [
            -4.985909749369607,
            -6.2406699932385035
        ],
        "SI-SAR": [
            9.868507158577614,
            9.547846614178034
        ],
        "SD-SDR": [
            -5.290879664905028,
            -6.473615890873161
        ],
        "SNR": [
            -2.6502929751166815,
            -3.8817676432196886
        ],
        "SRR": [
            8.988561524031345,
            9.17596944237774
        ],
        "SI-SDRi": [
            -2.4957283031952344,
            -2.4664479610599157
        ],
        "SD-SDRi": [
            -2.6608866811654206,
            -2.5861451842838883
        ],
        "SNRi": [
            0.02580381720776037,
            0.09826326605907054
        ],
        "MIX-SI-SDR": [
            -2.6299265591077137,
            -3.887271344173114
        ],
        "MIX-SD-SDR": [
            -2.6299929837396077,
            -3.8874707065892724
        ],
        "MIX-SNR": [
            -2.676096792324442,
            -3.980030909278759
        ]
    },
    "bass+drums+other": {
        "SI-SDR": [
            -17.18541984407486,
            -15.895136650594242
        ],
        "SI-SIR": [
            -14.907649298005438,
            -13.446943871017108
        ],
        "SI-SAR": [
            -13.293454083266496,
            -12.239005445305102
        ],
        "SD-SDR": [
            -29.134772464890844,
            -28.83672926530141
        ],
        "SNR": [
            0.02160795150250515,
            0.09008109107939238
        ],
        "SRR": [
            -28.848292461825306,
            -28.610318855678734
        ],
        "SI-SDRi": [
            -19.886509309740937,
            -19.91250406671361
        ],
        "SD-SDRi": [
            -31.835795505925024,
            -32.853897319004616
        ],
        "SNRi": [
            -2.654488840821937,
            -3.889949818199367
        ],
        "MIX-SI-SDR": [
            2.701089465666076,
            4.0173674161193675
        ],
        "MIX-SD-SDR": [
            2.701023041034181,
            4.017168053703207
        ],
        "MIX-SNR": [
            2.6760967923244423,
            3.9800309092787596
        ]
    }
}