{
    "combination": [
        0,
        1
    ],
    "permutation": [
        0,
        1
    ],
    "vocals": {
        "SI-SDR": [
            -8.205467565456262,
            -7.661384577747757
        ],
        "SI-SIR": [
            -8.097785425357571,
            -7.510117498283742
        ],
        "SI-SAR": [
            7.9046685879674445,
            6.994428327598685
        ],
        "SD-SDR": [
            -8.271378318947978,
            -7.744195411012011
        ],
        "SNR": [
            -5.872673942880343,
            -5.23331813732319
        ],
        "SRR": [
            9.949815726681383,
            9.494115779478413
        ],
        "SI-SDRi": [
            -1.8861492363294534,
            -1.988947537114405
        ],
        "SD-SDRi": [
            -1.9520473477266895,
            -2.0713400364389276
        ],
        "SNRi": [
            0.41603512880909665,
            0.604902230712975
        ],
        "MIX-SI-SDR": [
            -6.3193183291268085,
            -5.672437040633352
        ],
        "MIX-SD-SDR": [
            -6.319330971221288,
            -5.672855374573083
        ],
        "MIX-SNR": [
            -6.28870907168944,
            -5.838220368036165
        ]
    },
    "bass+drums+other": {
        "SI-SDR": [
            -9.189409666270333,
            -7.415717225574459
        ],
        "SI-SIR": [
            -5.222636120867019,
            -3.4847288868501023
        ],
        "SI-SAR": [
            -6.962484035217572,
            -5.164652798318562
        ],
        "SD-SDR": [
            -23.671815415736663,
            -20.231918140237383
        ],
        "SNR": [
            0.4035044177207562,
            0.5947484278869348
        ],
        "SRR": [
            -23.514273168230755,
            -19.998694142531534
        ],
        "SI-SDRi": [
            -15.470943917887254,
            -13.297774576610625
        ],
        "SD-SDRi": [
            -29.953337025259106,
            -26.113557157333823
        ],
        "SNRi": [
            -5.8852046539686835,
            -5.243471940149231
        ],
        "MIX-SI-SDR": [
            6.281534251616923,
            5.882057351036167
        ],
        "MIX-SD-SDR": [
            6.281521609522442,
            5.88163901709644
        ],
        "MIX-SNR": [
            6.28870907168944,
            5.838220368036166
        ]
    }
}