{
    "combination": [
        0,
        1
    ],
    "permutation": [
        0,
        1
    ],
    "vocals": {
        "SI-SDR": [
            -7.273373144219946,
            -7.659724345948393
        ],
        "SI-SIR": [
            -7.112612617258137,
            -7.554074774177842
        ],
        "SI-SAR": [
            7.122808074482084,
            8.532159055020184
        ],
        "SD-SDR": [
            -7.369449197797142,
            -7.718166352693238
        ],
        "SNR": [
            -4.791557617846285,
            -5.566249148176528
        ],
        "SRR": [
            9.230191826256158,
            11.021613794886546
        ],
        "SI-SDRi": [
            -2.088049169313704,
            -1.713220241702782
        ],
        "SD-SDRi": [
            -2.184109477596013,
            -1.7716321908595019
        ],
        "SNRi": [
            0.4238786263047185,
            0.33508955520653405
        ],
        "MIX-SI-SDR": [
            -5.185323974906241,
            -5.946504104245611
        ],
        "MIX-SD-SDR": [
            -5.185339720201129,
            -5.946534161833736
        ],
        "MIX-SNR": [
            -5.215436244151004,
            -5.901338703383062
        ]
    },
    "bass+drums+other": {
        "SI-SDR": [
            -9.717221706585427,
            -10.423483786358997
        ],
        "SI-SIR": [
            -5.680631155399141,
            -5.953452537181619
        ],
        "SI-SAR": [
            -7.536447027443328,
            -8.503767693916075
        ],
        "SD-SDR": [
            -22.257032706159258,
            -25.015774068605282
        ],
        "SNR": [
            0.41432461739707577,
            0.32905801483370684
        ],
        "SRR": [
            -22.008036021623212,
            -24.862238340335168
        ],
        "SI-SDRi": [
            -14.941741427111012,
            -16.313261537550186
        ],
        "SD-SDRi": [
            -27.481536681389958,
            -30.905521762208345
        ],
        "SNRi": [
            -4.801111626753928,
            -5.572280688549356
        ],
        "MIX-SI-SDR": [
            5.224519720525586,
            5.88977775119119
        ],
        "MIX-SD-SDR": [
            5.2245039752307,
            5.889747693603065
        ],
        "MIX-SNR": [
            5.215436244151004,
            5.901338703383063
        ]
    }
}