{
    "combination": [
        0,
        1
    ],
    "permutation": [
        0,
        1
    ],
    "vocals": {
        "SI-SDR": [
            -10.635844211324855,
            -9.715679479863425
        ],
        "SI-SIR": [
            -10.52021727874233,
            -9.578669658688865
        ],
        "SI-SAR": [
            5.169094053673754,
            5.362971452809843
        ],
        "SD-SDR": [
            -10.672916000828447,
            -9.760872095923181
        ],
        "SNR": [
            -8.294215385635027,
            -7.395520280271626
        ],
        "SRR": [
            10.03301431662859,
            10.08887291025918
        ],
        "SI-SDRi": [
            -1.8391575405955685,
            -1.8842321319651099
        ],
        "SD-SDRi": [
            -1.8762288979706447,
            -1.9292611020334967
        ],
        "SNRi": [
            0.49493166342753625,
            0.5684505094183079
        ],
        "MIX-SI-SDR": [
            -8.796686670729287,
            -7.831447347898315
        ],
        "MIX-SD-SDR": [
            -8.796687102857803,
            -7.831610993889685
        ],
        "MIX-SNR": [
            -8.789147049062564,
            -7.963970789689934
        ]
    },
    "bass+drums+other": {
        "SI-SDR": [
            -7.681219636140976,
            -7.128455170945744
        ],
        "SI-SIR": [
            -1.8360220568338166,
            -1.7915971584788515
        ],
        "SI-SAR": [
            -6.3717544487279465,
            -5.624940772991001
        ],
        "SD-SDR": [
            -22.782450219132528,
            -21.2676986340515
        ],
        "SNR": [
            0.4816791358113579,
            0.562909095339635
        ],
        "SRR": [
            -22.64616215082772,
            -21.09694511291581
        ],
        "SI-SDRi": [
            -16.46937103289736,
            -15.113877853185798
        ],
        "SD-SDRi": [
            -31.570601183760395,
            -29.252957670300184
        ],
        "SNRi": [
            -8.307467913251207,
            -7.401061694350301
        ],
        "MIX-SI-SDR": [
            8.788151396756385,
            7.9854226822400545
        ],
        "MIX-SD-SDR": [
            8.788150964627867,
            7.985259036248684
        ],
        "MIX-SNR": [
            8.789147049062565,
            7.963970789689936
        ]
    }
}