{
    "combination": [
        0,
        1
    ],
    "permutation": [
        0,
        1
    ],
    "vocals": {
        "SI-SDR": [
            -2.534702570575862,
            -1.515492739689592
        ],
        "SI-SIR": [
            -2.1551363448226675,
            -1.1209293937032263
        ],
        "SI-SAR": [
            8.238665901217558,
            9.096971158123369
        ],
        "SD-SDR": [
            -2.929498908443807,
            -1.949515963981306
        ],
        "SNR": [
            0.07348551193301026,
            0.8857074197098285
        ],
        "SRR": [
            7.680515944531496,
            8.268401921591217
        ],
        "SI-SDRi": [
            -2.0124365364129755,
            -2.033480586398035
        ],
        "SD-SDRi": [
            -2.406520092807413,
            -2.4673870496934462
        ],
        "SNRi": [
            0.479084444494167,
            0.32550948166592464
        ],
        "MIX-SI-SDR": [
            -0.5222660341628866,
            0.517987846708443
        ],
        "MIX-SD-SDR": [
            -0.5229788156363944,
            0.51787108571214
        ],
        "MIX-SNR": [
            -0.40559893256115676,
            0.5601979380439038
        ]
    },
    "bass+drums+other": {
        "SI-SDR": [
            -9.19118836923483,
            -10.283470575280159
        ],
        "SI-SIR": [
            -6.348100670848623,
            -7.694794425038106
        ],
        "SI-SAR": [
            -6.006979442974862,
            -6.806169760906765
        ],
        "SD-SDR": [
            -17.359924440815252,
            -18.07539586873772
        ],
        "SNR": [
            0.47447181417507067,
            0.3230600504044248
        ],
        "SRR": [
            -16.641579586154084,
            -17.285662973608048
        ],
        "SI-SDRi": [
            -9.490650931857123,
            -9.675218834059546
        ],
        "SD-SDRi": [
            -17.658674221964038,
            -17.467027366520803
        ],
        "SNRi": [
            0.06887288161391475,
            0.8832579884483285
        ],
        "MIX-SI-SDR": [
            0.2994625626222942,
            -0.6082517412206139
        ],
        "MIX-SD-SDR": [
            0.29874978114878664,
            -0.608368502216915
        ],
        "MIX-SNR": [
            0.4055989325611559,
            -0.5601979380439036
        ]
    }
}