{
    "combination": [
        0,
        1
    ],
    "permutation": [
        0,
        1
    ],
    "vocals": {
        "SI-SDR": [
            -7.580643376123321,
            -7.160681090118201
        ],
        "SI-SIR": [
            -7.531868367250409,
            -7.122918208694346
        ],
        "SI-SAR": [
            11.939590846239787,
            13.465378533132803
        ],
        "SD-SDR": [
            -7.6731551837925345,
            -7.239037328957114
        ],
        "SNR": [
            -5.058757305268791,
            -4.908813466493554
        ],
        "SRR": [
            9.08889005185004,
            10.23718918523893
        ],
        "SI-SDRi": [
            -2.5746867968639116,
            -2.3373645821039215
        ],
        "SD-SDRi": [
            -2.667135988671344,
            -2.4155011931118446
        ],
        "SNRi": [
            0.006151017799384206,
            0.023026027839367913
        ],
        "MIX-SI-SDR": [
            -5.00595657925941,
            -4.82331650801428
        ],
        "MIX-SD-SDR": [
            -5.0060191951211905,
            -4.823536135845269
        ],
        "MIX-SNR": [
            -5.064908323068175,
            -4.931839494332922
        ]
    },
    "bass+drums+other": {
        "SI-SDR": [
            -20.79396155185443,
            -20.513515671520096
        ],
        "SI-SIR": [
            -19.079523552255893,
            -19.005807012345603
        ],
        "SI-SAR": [
            -15.928280676863247,
            -15.186779836189084
        ],
        "SD-SDR": [
            -35.70247331452472,
            -36.121770757433
        ],
        "SNR": [
            0.0010482863572835708,
            0.015512292292188857
        ],
        "SRR": [
            -35.559898647459235,
            -36.00071158493631
        ],
        "SI-SDRi": [
            -25.877321466757007,
            -25.48051251982437
        ],
        "SD-SDRi": [
            -40.78577061356551,
            -41.08854797790628
        ],
        "SNRi": [
            -5.063860036710891,
            -4.916327202040734
        ],
        "MIX-SI-SDR": [
            5.083359914902577,
            4.966996848304273
        ],
        "MIX-SD-SDR": [
            5.083297299040793,
            4.96677722047328
        ],
        "MIX-SNR": [
            5.064908323068175,
            4.931839494332923
        ]
    }
}