{
    "combination": [
        0,
        1
    ],
    "permutation": [
        0,
        1
    ],
    "vocals": {
        "SI-SDR": [
            -5.2622895069132625,
            -3.7704289438688554
        ],
        "SI-SIR": [
            -5.013585758524738,
            -3.515725684731103
        ],
        "SI-SAR": [
            7.2824887582758615,
            8.67379838945633
        ],
        "SD-SDR": [
            -5.539510312224294,
            -4.1039941994623925
        ],
        "SNR": [
            -2.1899346430086464,
            -0.9601419615173673
        ],
        "SRR": [
            6.5479477004366595,
            7.207756019454107
        ],
        "SI-SDRi": [
            -2.767856319275777,
            -2.5903039163633936
        ],
        "SD-SDRi": [
            -3.044765957422673,
            -2.9237663687541025
        ],
        "SNRi": [
            0.4033490463801117,
            0.26863118862697666
        ],
        "MIX-SI-SDR": [
            -2.4944331876374854,
            -1.180125027505462
        ],
        "MIX-SD-SDR": [
            -2.4947443548016213,
            -1.18022783070829
        ],
        "MIX-SNR": [
            -2.593283689388758,
            -1.228773150144344
        ]
    },
    "bass+drums+other": {
        "SI-SDR": [
            -10.128837769430138,
            -11.348382172200642
        ],
        "SI-SIR": [
            -7.687896625873245,
            -9.147565159002992
        ],
        "SI-SAR": [
            -6.463110963519032,
            -7.34234081787746
        ],
        "SD-SDR": [
            -19.573203824785526,
            -20.386658872574795
        ],
        "SNR": [
            0.39477523352309646,
            0.26663730050068035
        ],
        "SRR": [
            -19.049264066892256,
            -19.807792213597068
        ],
        "SI-SDRi": [
            -12.776806092630993,
            -12.613865513373186
        ],
        "SD-SDRi": [
            -22.220860980822245,
            -21.652039410544507
        ],
        "SNRi": [
            -2.1985084558656616,
            -0.9621358496436643
        ],
        "MIX-SI-SDR": [
            2.647968323200855,
            1.2654833411725446
        ],
        "MIX-SD-SDR": [
            2.64765715603672,
            1.2653805379697112
        ],
        "MIX-SNR": [
            2.593283689388758,
            1.2287731501443446
        ]
    }
}