{
    "combination": [
        0,
        1
    ],
    "permutation": [
        0,
        1
    ],
    "vocals": {
        "SI-SDR": [
            -4.648238914972254,
            -2.582066118147601
        ],
        "SI-SIR": [
            -4.460052556659582,
            -2.3389164070513093
        ],
        "SI-SAR": [
            9.077476234961146,
            10.058047065789069
        ],
        "SD-SDR": [
            -4.908949025657439,
            -2.7738411090860904
        ],
        "SNR": [
            -1.8340821201634263,
            -0.588785455867677
        ],
        "SRR": [
            7.43701831314014,
            10.871616947556884
        ],
        "SI-SDRi": [
            -2.6275220894948417,
            -1.9195993637660163
        ],
        "SD-SDRi": [
            -2.8867869066605203,
            -2.111212368008294
        ],
        "SNRi": [
            -0.009626126675628122,
            0.13128461089436716
        ],
        "MIX-SI-SDR": [
            -2.020716825477412,
            -0.6624667543815845
        ],
        "MIX-SD-SDR": [
            -2.0221621189969183,
            -0.6626287410777963
        ],
        "MIX-SNR": [
            -1.8244559934877982,
            -0.7200700667620442
        ]
    },
    "bass+drums+other": {
        "SI-SDR": [
            -16.73017377778877,
            -13.74692418844322
        ],
        "SI-SIR": [
            -14.253523279435916,
            -10.514851651004573
        ],
        "SI-SAR": [
            -13.111342286036042,
            -10.947620076990514
        ],
        "SD-SDR": [
            -27.325804930093206,
            -23.9731457573801
        ],
        "SNR": [
            -0.013578538355444456,
            0.12628859930412265
        ],
        "SRR": [
            -26.929637278784963,
            -23.539994344611294
        ],
        "SI-SDRi": [
            -18.426693688278615,
            -14.515845870628157
        ],
        "SD-SDRi": [
            -29.020879547063544,
            -24.741905452868828
        ],
        "SNRi": [
            -1.8380345318432427,
            -0.5937814674579217
        ],
        "MIX-SI-SDR": [
            1.6965199104898439,
            0.7689216821849361
        ],
        "MIX-SD-SDR": [
            1.6950746169703372,
            0.768759695488728
        ],
        "MIX-SNR": [
            1.8244559934877982,
            0.7200700667620443
        ]
    }
}