{
    "combination": [
        0,
        1
    ],
    "permutation": [
        0,
        1
    ],
    "vocals": {
        "SI-SDR": [
            -6.281726156037173,
            -6.801282691478515
        ],
        "SI-SIR": [
            -6.1070899460036365,
            -6.644298055663137
        ],
        "SI-SAR": [
            7.761799489638163,
            7.696244805050013
        ],
        "SD-SDR": [
            -6.581848000543527,
            -7.042012084194013
        ],
        "SNR": [
            -2.7679235074329704,
            -3.3915779228601832
        ],
        "SRR": [
            5.172215829170609,
            5.6403485524063
        ],
        "SI-SDRi": [
            -3.362191870245991,
            -3.1328214990609013
        ],
        "SD-SDRi": [
            -3.6622930500244455,
            -3.3735170226486604
        ],
        "SNRi": [
            0.12515545603511535,
            0.23999179017993644
        ],
        "MIX-SI-SDR": [
            -2.9195342857911823,
            -3.6684611924176136
        ],
        "MIX-SD-SDR": [
            -2.9195549505190814,
            -3.668495061545353
        ],
        "MIX-SNR": [
            -2.893078963468086,
            -3.6315697130401197
        ]
    },
    "bass+drums+other": {
        "SI-SDR": [
            -13.774076379275566,
            -12.406920016558438
        ],
        "SI-SIR": [
            -11.98183512761535,
            -10.443823486073377
        ],
        "SI-SAR": [
            -9.064851212505847,
            -8.013855704106613
        ],
        "SD-SDR": [
            -23.877471955250247,
            -23.307963351131374
        ],
        "SNR": [
            0.12002712741737542,
            0.2300209717672121
        ],
        "SRR": [
            -23.43123495706708,
            -22.939872930234415
        ],
        "SI-SDRi": [
            -16.653585920377004,
            -16.02254111297909
        ],
        "SD-SDRi": [
            -26.756960831623783,
            -26.92355057842429
        ],
        "SNRi": [
            -2.77305183605071,
            -3.401548741272907
        ],
        "MIX-SI-SDR": [
            2.879509541101438,
            3.6156210964206554
        ],
        "MIX-SD-SDR": [
            2.879488876373536,
            3.615587227292917
        ],
        "MIX-SNR": [
            2.893078963468086,
            3.631569713040119
        ]
    }
}