{
    "combination": [
        0,
        1
    ],
    "permutation": [
        0,
        1
    ],
    "vocals": {
        "SI-SDR": [
            -4.864655025677719,
            -4.6004042750367695
        ],
        "SI-SIR": [
            -4.722414894749859,
            -4.4078000354489975
        ],
        "SI-SAR": [
            10.053892610346695,
            9.026726631462745
        ],
        "SD-SDR": [
            -4.9288135339770145,
            -4.69076332512625
        ],
        "SNR": [
            -3.2473992830063363,
            -2.7786577639526184
        ],
        "SRR": [
            13.408526761474718,
            12.172464412678137
        ],
        "SI-SDRi": [
            -1.1213321442145476,
            -1.1145214078187515
        ],
        "SD-SDRi": [
            -1.1845815913202804,
            -1.2030491623775559
        ],
        "SNRi": [
            0.3055756405557961,
            0.4465963096514063
        ],
        "MIX-SI-SDR": [
            -3.743322881463171,
            -3.485882867218018
        ],
        "MIX-SD-SDR": [
            -3.744231942656734,
            -3.487714162748694
        ],
        "MIX-SNR": [
            -3.5529749235621324,
            -3.2252540736040247
        ]
    },
    "bass+drums+other": {
        "SI-SDR": [
            -11.155376142220616,
            -9.3001430013096
        ],
        "SI-SIR": [
            -5.862209212788347,
            -3.8839296228675013
        ],
        "SI-SAR": [
            -9.633658252943079,
            -7.8290370920222525
        ],
        "SD-SDR": [
            -25.473749247793233,
            -22.160898229561944
        ],
        "SNR": [
            0.2952518594106932,
            0.43829478294712587
        ],
        "SRR": [
            -25.31002711606557,
            -21.930119035636583
        ],
        "SI-SDRi": [
            -14.625383207099087,
            -12.403323946499127
        ],
        "SD-SDRi": [
            -28.94284725147814,
            -25.262247879220794
        ],
        "SNRi": [
            -3.2577230641514396,
            -2.786959290656899
        ],
        "MIX-SI-SDR": [
            3.4700070648784704,
            3.103180945189527
        ],
        "MIX-SD-SDR": [
            3.4690980036849064,
            3.10134964965885
        ],
        "MIX-SNR": [
            3.552974923562133,
            3.2252540736040247
        ]
    }
}