{
    "combination": [
        0,
        1
    ],
    "permutation": [
        0,
        1
    ],
    "vocals": {
        "SI-SDR": [
            -6.599321833223778,
            -6.708714881094898
        ],
        "SI-SIR": [
            -6.442443835714727,
            -6.541357440688543
        ],
        "SI-SAR": [
            7.901103792585859,
            7.516087988203056
        ],
        "SD-SDR": [
            -6.7169135745521045,
            -6.821609109083243
        ],
        "SNR": [
            -4.0834654899852625,
            -4.206418745161508
        ],
        "SRR": [
            9.015824528825524,
            9.085841460166069
        ],
        "SI-SDRi": [
            -2.068057681154478,
            -2.1015668869259043
        ],
        "SD-SDRi": [
            -2.1855812675014654,
            -2.2144580643853633
        ],
        "SNRi": [
            0.3900850897493777,
            0.38836832612933136
        ],
        "MIX-SI-SDR": [
            -4.5312641520692996,
            -4.607147994168994
        ],
        "MIX-SD-SDR": [
            -4.531332307050639,
            -4.60715104469788
        ],
        "MIX-SNR": [
            -4.47355057973464,
            -4.594787071290839
        ]
    },
    "bass+drums+other": {
        "SI-SDR": [
            -10.088411590939565,
            -10.217701506586197
        ],
        "SI-SIR": [
            -6.642944312420347,
            -6.565963763002502
        ],
        "SI-SAR": [
            -7.473618623522475,
            -7.766179072547658
        ],
        "SD-SDR": [
            -22.666357935346202,
            -22.611718969685576
        ],
        "SNR": [
            0.386959719812146,
            0.3805963774636973
        ],
        "SRR": [
            -22.419601152072104,
            -22.353964289301317
        ],
        "SI-SDRi": [
            -14.541447443360301,
            -14.808201428361095
        ],
        "SD-SDRi": [
            -27.1193256327856,
            -27.202215840931586
        ],
        "SNRi": [
            -4.086590859922494,
            -4.214190693827142
        ],
        "MIX-SI-SDR": [
            4.453035852420736,
            4.590499921774898
        ],
        "MIX-SD-SDR": [
            4.452967697439399,
            4.590496871246009
        ],
        "MIX-SNR": [
            4.47355057973464,
            4.594787071290839
        ]
    }
}