{
    "combination": [
        0,
        1
    ],
    "permutation": [
        0,
        1
    ],
    "vocals": {
        "SI-SDR": [
            -10.275717803419742,
            -9.848826801324513
        ],
        "SI-SIR": [
            -10.210207390843278,
            -9.781151969746013
        ],
        "SI-SAR": [
            7.971735996019565,
            8.258537951453368
        ],
        "SD-SDR": [
            -10.396536959746218,
            -9.960527341020025
        ],
        "SNR": [
            -6.599641001052563,
            -6.429323287207059
        ],
        "SRR": [
            5.220217697109478,
            5.992493622046322
        ],
        "SI-SDRi": [
            -3.5278994721758226,
            -3.199111533637895
        ],
        "SD-SDRi": [
            -3.6486978123797416,
            -3.3107822360163803
        ],
        "SNRi": [
            0.1069426599883565,
            0.1716052144085909
        ],
        "MIX-SI-SDR": [
            -6.747818331243919,
            -6.649715267686618
        ],
        "MIX-SD-SDR": [
            -6.747839147366476,
            -6.649745105003645
        ],
        "MIX-SNR": [
            -6.706583661040919,
            -6.60092850161565
        ]
    },
    "bass+drums+other": {
        "SI-SDR": [
            -16.02755547839313,
            -14.04442317196924
        ],
        "SI-SIR": [
            -14.271034939959277,
            -12.110122681196248
        ],
        "SI-SAR": [
            -11.247545479304673,
            -9.600506598014015
        ],
        "SD-SDR": [
            -30.129493468785725,
            -28.35586087096064
        ],
        "SNR": [
            0.09947620218007588,
            0.1678283808934507
        ],
        "SRR": [
            -29.957237271845077,
            -28.191872073643147
        ],
        "SI-SDRi": [
            -22.72536948529175,
            -20.634727302374724
        ],
        "SD-SDRi": [
            -36.827286659561786,
            -34.946135164049096
        ],
        "SNRi": [
            -6.6071074588608445,
            -6.433100120722201
        ],
        "MIX-SI-SDR": [
            6.697814006898622,
            6.5903041304054835
        ],
        "MIX-SD-SDR": [
            6.697793190776062,
            6.5902742930884575
        ],
        "MIX-SNR": [
            6.70658366104092,
            6.600928501615652
        ]
    }
}