{
    "combination": [
        0,
        1
    ],
    "permutation": [
        0,
        1
    ],
    "vocals": {
        "SI-SDR": [
            -5.070833764898184,
            -5.299775934592525
        ],
        "SI-SIR": [
            -4.87296554536934,
            -5.104423022882159
        ],
        "SI-SAR": [
            8.441807378691013,
            8.267178615799791
        ],
        "SD-SDR": [
            -5.370453610443192,
            -5.645310656705796
        ],
        "SNR": [
            -1.9702294243382432,
            -1.9531288456967517
        ],
        "SRR": [
            6.390632419036079,
            5.519237443791251
        ],
        "SI-SDRi": [
            -2.6665636399616472,
            -2.8862112525298307
        ],
        "SD-SDRi": [
            -2.9661590192556933,
            -3.2317454107895536
        ],
        "SNRi": [
            0.40691696306818614,
            0.4645696046271106
        ],
        "MIX-SI-SDR": [
            -2.404270124936537,
            -2.413564682062694
        ],
        "MIX-SD-SDR": [
            -2.404294591187499,
            -2.413565245916242
        ],
        "MIX-SNR": [
            -2.3771463874064294,
            -2.4176984503238623
        ]
    },
    "bass+drums+other": {
        "SI-SDR": [
            -10.213484990805902,
            -9.562619247176915
        ],
        "SI-SIR": [
            -8.190847148300715,
            -7.8247850746392755
        ],
        "SI-SAR": [
            -5.922683632243424,
            -4.744878656767424
        ],
        "SD-SDR": [
            -20.081799902229122,
            -19.005830000947558
        ],
        "SNR": [
            0.3916467767664856,
            0.4532924153785622
        ],
        "SRR": [
            -19.609343766549014,
            -18.48174208750826
        ],
        "SI-SDRi": [
            -12.574961606609623,
            -11.982687240006893
        ],
        "SD-SDRi": [
            -22.443252051781876,
            -21.425897429923992
        ],
        "SNRi": [
            -1.9854996106399438,
            -1.964406034945301
        ],
        "MIX-SI-SDR": [
            2.3614766158037197,
            2.4200679928299786
        ],
        "MIX-SD-SDR": [
            2.3614521495527536,
            2.420067428976433
        ],
        "MIX-SNR": [
            2.3771463874064294,
            2.417698450323863
        ]
    }
}