{
    "combination": [
        0,
        1
    ],
    "permutation": [
        0,
        1
    ],
    "vocals": {
        "SI-SDR": [
            -8.817812956502536,
            -8.985662186367476
        ],
        "SI-SIR": [
            -8.754725412525104,
            -8.929380707116149
        ],
        "SI-SAR": [
            9.592099538828705,
            9.91663624083843
        ],
        "SD-SDR": [
            -8.886411421244858,
            -9.043807107320696
        ],
        "SNR": [
            -6.291096942897143,
            -6.588584205709237
        ],
        "SRR": [
            9.16254181524571,
            9.717958185740914
        ],
        "SI-SDRi": [
            -2.3660786559231184,
            -2.1545261385448233
        ],
        "SD-SDRi": [
            -2.4346748914651144,
            -2.2126344265795783
        ],
        "SNRi": [
            0.17372871317440808,
            0.18737633326057868
        ],
        "MIX-SI-SDR": [
            -6.451734300579417,
            -6.831136047822652
        ],
        "MIX-SD-SDR": [
            -6.451736529779744,
            -6.831172680741117
        ],
        "MIX-SNR": [
            -6.464825656071551,
            -6.775960538969816
        ]
    },
    "bass+drums+other": {
        "SI-SDR": [
            -13.870257815821175,
            -13.359168533914856
        ],
        "SI-SIR": [
            -11.306856646462,
            -10.553739422326744
        ],
        "SI-SAR": [
            -10.361740981451508,
            -10.133852762015763
        ],
        "SD-SDR": [
            -29.365719048640614,
            -29.641905130672985
        ],
        "SNR": [
            0.17039244129764222,
            0.18150031265217334
        ],
        "SRR": [
            -29.24142856115127,
            -29.538469017521617
        ],
        "SI-SDRi": [
            -20.33804154477905,
            -20.123595310524763
        ],
        "SD-SDRi": [
            -35.83350054839816,
            -36.40629527436443
        ],
        "SNRi": [
            -6.294433214773909,
            -6.594460226317643
        ],
        "MIX-SI-SDR": [
            6.467783728957875,
            6.764426776609907
        ],
        "MIX-SD-SDR": [
            6.4677814997575505,
            6.764390143691445
        ],
        "MIX-SNR": [
            6.464825656071551,
            6.775960538969816
        ]
    }
}