{
    "combination": [
        0,
        1
    ],
    "permutation": [
        0,
        1
    ],
    "vocals": {
        "SI-SDR": [
            -3.3528482540515956,
            -8.404413883285486
        ],
        "SI-SIR": [
            -3.1694593855012587,
            -8.283329415949321
        ],
        "SI-SAR": [
            10.482636923495656,
            7.2029464447924605
        ],
        "SD-SDR": [
            -3.387547220690924,
            -8.427606173389037
        ],
        "SNR": [
            -2.3124767245653284,
            -6.897955081966359
        ],
        "SRR": [
            17.60446841040945,
            14.308391576112768
        ],
        "SI-SDRi": [
            -0.25677320634678447,
            -0.897633083446026
        ],
        "SD-SDRi": [
            -0.2911259279290568,
            -0.9207893681522679
        ],
        "SNRi": [
            0.6738738810068083,
            0.549710154542546
        ],
        "MIX-SI-SDR": [
            -3.096075047704811,
            -7.50678079983946
        ],
        "MIX-SD-SDR": [
            -3.096421292761867,
            -7.506816805236769
        ],
        "MIX-SNR": [
            -2.9863506055721367,
            -7.447665236508905
        ]
    },
    "bass+drums+other": {
        "SI-SDR": [
            -6.321213079994921,
            -6.842284437477323
        ],
        "SI-SIR": [
            2.1811660450102996,
            1.1556045200543008
        ],
        "SI-SAR": [
            -5.660252806796794,
            -6.0924830565685495
        ],
        "SD-SDR": [
            -19.907542069921597,
            -22.086366536218875
        ],
        "SNR": [
            0.6598690775526055,
            0.5354541405776023
        ],
        "SRR": [
            -19.71307847431333,
            -21.954556051535686
        ],
        "SI-SDRi": [
            -9.252744608408413,
            -14.27936903715685
        ],
        "SD-SDRi": [
            -22.838727353278028,
            -29.52341513050109
        ],
        "SNRi": [
            -2.3264815280195306,
            -6.912211095931302
        ],
        "MIX-SI-SDR": [
            2.9315315284134913,
            7.437084599679526
        ],
        "MIX-SD-SDR": [
            2.93118528335643,
            7.4370485942822135
        ],
        "MIX-SNR": [
            2.9863506055721363,
            7.447665236508905
        ]
    }
}