{
    "combination": [
        0,
        1
    ],
    "permutation": [
        0,
        1
    ],
    "vocals": {
        "SI-SDR": [
            -7.555338417292412,
            -7.513245582650134
        ],
        "SI-SIR": [
            -7.4022808794406565,
            -7.358183693195132
        ],
        "SI-SAR": [
            7.050261481573271,
            7.036847078897193
        ],
        "SD-SDR": [
            -7.619130304201397,
            -7.584344230381024
        ],
        "SNR": [
            -5.405283947579502,
            -5.271288530147701
        ],
        "SRR": [
            10.742915226067332,
            10.310386301297283
        ],
        "SI-SDRi": [
            -1.7591466194497807,
            -1.790329716403944
        ],
        "SD-SDRi": [
            -1.8217968567446103,
            -1.860683874561948
        ],
        "SNRi": [
            0.6709704032561872,
            0.6749945783851139
        ],
        "MIX-SI-SDR": [
            -5.796191797842631,
            -5.72291586624619
        ],
        "MIX-SD-SDR": [
            -5.797333447456786,
            -5.723660355819076
        ],
        "MIX-SNR": [
            -6.076254350835689,
            -5.946283108532815
        ]
    },
    "bass+drums+other": {
        "SI-SDR": [
            -6.573971613283838,
            -6.569992110908739
        ],
        "SI-SIR": [
            -2.250440815132503,
            -2.3413200411644506
        ],
        "SI-SAR": [
            -4.570632179298331,
            -4.510076254497109
        ],
        "SD-SDR": [
            -19.688430739618685,
            -19.556794540706885
        ],
        "SNR": [
            0.6599400617830349,
            0.6666676798259884
        ],
        "SRR": [
            -19.471080261542333,
            -19.332790352921343
        ],
        "SI-SDRi": [
            -12.721046975120451,
            -12.574179274784399
        ],
        "SD-SDRi": [
            -25.83436445184114,
            -25.56023721500966
        ],
        "SNRi": [
            -5.416314289052655,
            -5.279615428706825
        ],
        "MIX-SI-SDR": [
            6.147075361836613,
            6.0041871638756605
        ],
        "MIX-SD-SDR": [
            6.145933712222456,
            6.003442674302775
        ],
        "MIX-SNR": [
            6.07625435083569,
            5.946283108532814
        ]
    }
}