{
    "combination": [
        0,
        1
    ],
    "permutation": [
        0,
        1
    ],
    "vocals": {
        "SI-SDR": [
            -3.9201492422727116,
            -3.815128396806753
        ],
        "SI-SIR": [
            -3.773528754537643,
            -3.6610669080795133
        ],
        "SI-SAR": [
            10.868851268060745,
            10.762576845228208
        ],
        "SD-SDR": [
            -4.228119748015844,
            -4.159488671860743
        ],
        "SNR": [
            -1.147491195868581,
            -0.9579617851783979
        ],
        "SRR": [
            7.417707432956733,
            7.019266470649709
        ],
        "SI-SDRi": [
            -2.8290309998241527,
            -2.9103593899694427
        ],
        "SD-SDRi": [
            -3.136977456493962,
            -3.254556904349043
        ],
        "SNRi": [
            -0.07949347321102551,
            -0.11184233251281239
        ],
        "MIX-SI-SDR": [
            -1.0911182424485586,
            -0.9047690068373103
        ],
        "MIX-SD-SDR": [
            -1.0911422915218822,
            -0.9049317675116993
        ],
        "MIX-SNR": [
            -1.0679977226575554,
            -0.8461194526655855
        ]
    },
    "bass+drums+other": {
        "SI-SDR": [
            -18.097378733369887,
            -18.367331911028796
        ],
        "SI-SIR": [
            -16.520571332675466,
            -16.825913961597358
        ],
        "SI-SAR": [
            -12.932746296031715,
            -13.120755358546596
        ],
        "SD-SDR": [
            -28.276897820843924,
            -28.24304483022407
        ],
        "SNR": [
            -0.09276657551393142,
            -0.12365847648881144
        ],
        "SRR": [
            -27.838819022999708,
            -27.771438103012706
        ],
        "SI-SDRi": [
            -19.147306983772545,
            -19.16524195185153
        ],
        "SD-SDRi": [
            -29.32680202217326,
            -29.040792110372415
        ],
        "SNRi": [
            -1.160764298171487,
            -0.9697779291543965
        ],
        "MIX-SI-SDR": [
            1.0499282504026564,
            0.7979100408227366
        ],
        "MIX-SD-SDR": [
            1.0499042013293372,
            0.797747280148347
        ],
        "MIX-SNR": [
            1.0679977226575554,
            0.8461194526655851
        ]
    }
}