{
    "combination": [
        0,
        1
    ],
    "permutation": [
        0,
        1
    ],
    "vocals": {
        "SI-SDR": [
            -3.842546342635681,
            -4.7938051125542716
        ],
        "SI-SIR": [
            -3.6522936999029705,
            -4.570090920796036
        ],
        "SI-SAR": [
            9.836768847266711,
            8.19847958770999
        ],
        "SD-SDR": [
            -3.9907309489974057,
            -4.9277162968445145
        ],
        "SNR": [
            -1.7791441957694518,
            -2.6002094424684143
        ],
        "SRR": [
            10.752962887115237,
            10.24874185728487
        ],
        "SI-SDRi": [
            -1.7497015081409626,
            -1.5362478479877337
        ],
        "SD-SDRi": [
            -1.8977975231733102,
            -1.6700802300629354
        ],
        "SNRi": [
            0.3638518046301993,
            0.6037569740711319
        ],
        "MIX-SI-SDR": [
            -2.0928448344947186,
            -3.257557264566538
        ],
        "MIX-SD-SDR": [
            -2.0929334258240955,
            -3.257636066781579
        ],
        "MIX-SNR": [
            -2.142996000399651,
            -3.2039664165395463
        ]
    },
    "bass+drums+other": {
        "SI-SDR": [
            -10.713401458711429,
            -7.95314680556354
        ],
        "SI-SIR": [
            -7.612322903254329,
            -3.851698159908956
        ],
        "SI-SAR": [
            -7.792021382806135,
            -5.814160228639659
        ],
        "SD-SDR": [
            -22.205759229425897,
            -19.35204114975368
        ],
        "SNR": [
            0.3528652404700613,
            0.5944343102462504
        ],
        "SRR": [
            -21.886293780095354,
            -19.02535806650505
        ],
        "SI-SDRi": [
            -12.887084580102917,
            -11.131568934863331
        ],
        "SD-SDRi": [
            -24.37935375948801,
            -22.530384476838435
        ],
        "SNRi": [
            -1.79013075992959,
            -2.6095321062932957
        ],
        "MIX-SI-SDR": [
            2.173683121391487,
            3.1784221292997916
        ],
        "MIX-SD-SDR": [
            2.1735945300621107,
            3.178343327084752
        ],
        "MIX-SNR": [
            2.142996000399651,
            3.203966416539546
        ]
    }
}