{
    "combination": [
        0,
        1
    ],
    "permutation": [
        0,
        1
    ],
    "vocals": {
        "SI-SDR": [
            -6.31483277824907,
            -6.776466574808435
        ],
        "SI-SIR": [
            -6.037446683732384,
            -6.528279557492108
        ],
        "SI-SAR": [
            5.770118348336723,
            5.777088499079939
        ],
        "SD-SDR": [
            -6.6561559424639345,
            -7.101841471940553
        ],
        "SNR": [
            -2.619528165977682,
            -2.9730587371291497
        ],
        "SRR": [
            4.559573451792613,
            4.313832982430838
        ],
        "SI-SDRi": [
            -3.537278432920768,
            -3.5644903521623057
        ],
        "SD-SDRi": [
            -3.878484169676467,
            -3.8898532291794394
        ],
        "SNRi": [
            0.22055256401282097,
            0.2598705817646443
        ],
        "MIX-SI-SDR": [
            -2.777554345328302,
            -3.211976222646129
        ],
        "MIX-SD-SDR": [
            -2.7776717727874676,
            -3.2119882427611133
        ],
        "MIX-SNR": [
            -2.840080729990503,
            -3.232929318893794
        ]
    },
    "bass+drums+other": {
        "SI-SDR": [
            -11.762673399098485,
            -11.493321242150525
        ],
        "SI-SIR": [
            -9.397385931430119,
            -9.193542744512346
        ],
        "SI-SAR": [
            -7.99456883678204,
            -7.6330739579917175
        ],
        "SD-SDR": [
            -20.5191263489523,
            -20.622186087572974
        ],
        "SNR": [
            0.21654474705193552,
            0.2566670523304191
        ],
        "SRR": [
            -19.898545094919854,
            -20.05608294956299
        ],
        "SI-SDRi": [
            -14.635379317958483,
            -14.73621619600549
        ],
        "SD-SDRi": [
            -23.391714840353135,
            -23.865069021312955
        ],
        "SNRi": [
            -2.623535982938568,
            -2.976262266563375
        ],
        "MIX-SI-SDR": [
            2.8727059188599973,
            3.2428949538549645
        ],
        "MIX-SD-SDR": [
            2.8725884914008337,
            3.2428829337399816
        ],
        "MIX-SNR": [
            2.8400807299905035,
            3.2329293188937944
        ]
    }
}