{
    "combination": [
        0,
        1
    ],
    "permutation": [
        0,
        1
    ],
    "vocals": {
        "SI-SDR": [
            -13.937218030328784,
            -9.981652755793789
        ],
        "SI-SIR": [
            -13.758549500586042,
            -9.848637170667287
        ],
        "SI-SAR": [
            0.00917244834252156,
            5.223503108976041
        ],
        "SD-SDR": [
            -13.959512745814132,
            -10.01571881918754
        ],
        "SNR": [
            -11.308130967440595,
            -7.871319768365299
        ],
        "SRR": [
            8.947453611548513,
            11.055926688950006
        ],
        "SI-SDRi": [
            -0.2202586053670803,
            -0.8074298799698187
        ],
        "SD-SDRi": [
            -0.24225521057642396,
            -0.8413223191734431
        ],
        "SNRi": [
            2.066847011657515,
            1.4624520416805415
        ],
        "MIX-SI-SDR": [
            -13.716959424961704,
            -9.17422287582397
        ],
        "MIX-SD-SDR": [
            -13.717257535237708,
            -9.174396500014097
        ],
        "MIX-SNR": [
            -13.37497797909811,
            -9.33377181004584
        ]
    },
    "bass+drums+other": {
        "SI-SDR": [
            2.8621811735897102,
            0.3010541146749592
        ],
        "SI-SIR": [
            13.25478848926516,
            6.680510754262277
        ],
        "SI-SAR": [
            3.278245746258145,
            1.4371225990521443
        ],
        "SD-SDR": [
            -10.795161545237544,
            -13.958163032017328
        ],
        "SNR": [
            2.054073557090747,
            1.4491036488595164
        ],
        "SRR": [
            -10.603922348054255,
            -13.792152094245793
        ],
        "SI-SDRi": [
            -10.497651609016103,
            -9.05162253556866
        ],
        "SD-SDRi": [
            -24.15469621756735,
            -23.31066605807082
        ],
        "SNRi": [
            -11.320904422007363,
            -7.884668161186324
        ],
        "MIX-SI-SDR": [
            13.359832782605812,
            9.35267665024362
        ],
        "MIX-SD-SDR": [
            13.359534672329804,
            9.35250302605349
        ],
        "MIX-SNR": [
            13.37497797909811,
            9.33377181004584
        ]
    }
}