{
    "combination": [
        0,
        1
    ],
    "permutation": [
        0,
        1
    ],
    "vocals": {
        "SI-SDR": [
            -5.128783183356407,
            -6.137300041992459
        ],
        "SI-SIR": [
            -5.019844652625391,
            -6.053125604216335
        ],
        "SI-SAR": [
            10.931600200693312,
            11.03076006968465
        ],
        "SD-SDR": [
            -5.2553108269516375,
            -6.229444479600139
        ],
        "SNR": [
            -2.9077595559845992,
            -3.9717500882559085
        ],
        "SRR": [
            10.163788314843822,
            10.54969815563555
        ],
        "SI-SDRi": [
            -2.262135170661628,
            -2.2410216847625266
        ],
        "SD-SDRi": [
            -2.3886363357983837,
            -2.333045163461623
        ],
        "SNRi": [
            -0.011200394776802014,
            -0.0032634388664152247
        ],
        "MIX-SI-SDR": [
            -2.8666480126947786,
            -3.8962783572299324
        ],
        "MIX-SD-SDR": [
            -2.866674491153254,
            -3.896399316138516
        ],
        "MIX-SNR": [
            -2.896559161207797,
            -3.9684866493894932
        ]
    },
    "bass+drums+other": {
        "SI-SDR": [
            -19.744484350865157,
            -20.604716991791506
        ],
        "SI-SIR": [
            -17.235918959931297,
            -18.064757628315352
        ],
        "SI-SAR": [
            -16.16682056891443,
            -17.06688175207883
        ],
        "SD-SDR": [
            -32.605440922881826,
            -34.60125344612479
        ],
        "SNR": [
            -0.024273897029975733,
            -0.01308678438965992
        ],
        "SRR": [
            -32.374672717242696,
            -34.42467832655231
        ],
        "SI-SDRi": [
            -22.6564216748582,
            -24.602303976691843
        ],
        "SD-SDRi": [
            -35.51735176841639,
            -38.59871947211654
        ],
        "SNRi": [
            -2.9208330582377724,
            -3.9815734337791526
        ],
        "MIX-SI-SDR": [
            2.911937323993043,
            3.9975869849003387
        ],
        "MIX-SD-SDR": [
            2.911910845534565,
            3.997466025991758
        ],
        "MIX-SNR": [
            2.8965591612077968,
            3.968486649389493
        ]
    }
}