{
    "combination": [
        0,
        1
    ],
    "permutation": [
        0,
        1
    ],
    "vocals": {
        "SI-SDR": [
            -3.219496870225126,
            -3.8582317841505054
        ],
        "SI-SIR": [
            -2.8755135702654333,
            -3.523774459416006
        ],
        "SI-SAR": [
            7.96382914910925,
            7.442359715428766
        ],
        "SD-SDR": [
            -3.839658787982693,
            -4.636833928100125
        ],
        "SNR": [
            0.06491132364899116,
            -0.07432980443460381
        ],
        "SRR": [
            4.919525070110113,
            3.211339710864096
        ],
        "SI-SDRi": [
            -2.8331625306231176,
            -3.902095225306073
        ],
        "SD-SDRi": [
            -3.4532571331984334,
            -4.680267631914834
        ],
        "SNRi": [
            0.48713848946434174,
            -0.03136636011243052
        ],
        "MIX-SI-SDR": [
            -0.38633433960200836,
            0.043863441155567666
        ],
        "MIX-SD-SDR": [
            -0.3864016547842595,
            0.04343370381470926
        ],
        "MIX-SNR": [
            -0.4222271658153506,
            -0.04296344432217329
        ]
    },
    "bass+drums+other": {
        "SI-SDR": [
            -8.7913295142547,
            -12.141762269214905
        ],
        "SI-SIR": [
            -7.095179656317011,
            -10.825806067381533
        ],
        "SI-SAR": [
            -3.8876201889742488,
            -6.314957214780107
        ],
        "SD-SDR": [
            -15.796901273666649,
            -18.512369386003964
        ],
        "SNR": [
            0.4821064024480786,
            -0.03645838783762948
        ],
        "SRR": [
            -14.831760025891223,
            -17.373651449637638
        ],
        "SI-SDRi": [
            -9.246136659036106,
            -12.270706286418578
        ],
        "SD-SDRi": [
            -16.251641103265804,
            -18.640883665866784
        ],
        "SNRi": [
            0.05987923663272887,
            -0.07942183215980259
        ],
        "MIX-SI-SDR": [
            0.4548071447814055,
            0.12894401720367352
        ],
        "MIX-SD-SDR": [
            0.45473982959915404,
            0.12851427986282024
        ],
        "MIX-SNR": [
            0.42222716581534975,
            0.0429634443221731
        ]
    }
}