{
    "combination": [
        0,
        1
    ],
    "permutation": [
        0,
        1
    ],
    "vocals": {
        "SI-SDR": [
            -26.49784777928122,
            -27.087447973762217
        ],
        "SI-SIR": [
            -26.42572670633821,
            -27.015227945093816
        ],
        "SI-SAR": [
            -8.66461582378324,
            -9.26012145146696
        ],
        "SD-SDR": [
            -26.527170782781983,
            -27.0888350311085
        ],
        "SNR": [
            -17.774842968842183,
            -24.14045242846205
        ],
        "SRR": [
            -4.806758939646955,
            7.868757423639218
        ],
        "SI-SDRi": [
            -1.519897241007218,
            -1.4358735245177598
        ],
        "SD-SDRi": [
            -1.5489065378601623,
            -1.4367810617952657
        ],
        "SNRi": [
            5.983755087463749,
            -0.08229345109943864
        ],
        "MIX-SI-SDR": [
            -24.977950538274,
            -25.651574449244457
        ],
        "MIX-SD-SDR": [
            -24.97826424492182,
            -25.652053969313233
        ],
        "MIX-SNR": [
            -23.75859805630593,
            -24.058158977362613
        ]
    },
    "bass+drums+other": {
        "SI-SDR": [
            -7.992934124896137,
            -8.127698734513423
        ],
        "SI-SIR": [
            10.531955750369235,
            12.356541326841555
        ],
        "SI-SAR": [
            -7.931506590993126,
            -8.088676696635513
        ],
        "SD-SDR": [
            -36.77500735470867,
            -29.490943951054682
        ],
        "SNR": [
            0.11933681517316014,
            0.25566353825419547
        ],
        "SRR": [
            -36.76925474927917,
            -29.459098228820086
        ],
        "SI-SDRi": [
            -31.74705555137153,
            -32.18061522143822
        ],
        "SD-SDRi": [
            -60.52881507453625,
            -53.543380917910696
        ],
        "SNRi": [
            -23.639261241132772,
            -23.802495439108416
        ],
        "MIX-SI-SDR": [
            23.754121426475393,
            24.052916486924794
        ],
        "MIX-SD-SDR": [
            23.753807719827577,
            24.052436966856018
        ],
        "MIX-SNR": [
            23.75859805630593,
            24.058158977362613
        ]
    }
}