{
    "combination": [
        0,
        1
    ],
    "permutation": [
        0,
        1
    ],
    "vocals": {
        "SI-SDR": [
            -21.961631989980503,
            -23.18913797634795
        ],
        "SI-SIR": [
            -21.93900145676387,
            -23.158597274710907
        ],
        "SI-SAR": [
            0.88057360766607,
            -1.6448235637116393
        ],
        "SD-SDR": [
            -21.96175935486791,
            -23.18940832843589
        ],
        "SNR": [
            -21.391341250970925,
            -22.25245839560715
        ],
        "SRR": [
            23.36565028033501,
            18.869272679992775
        ],
        "SI-SDRi": [
            -1.139297424108193,
            -1.2288136732570116
        ],
        "SD-SDRi": [
            -1.1391732226525946,
            -1.2289889598284631
        ],
        "SNRi": [
            0.19018369460818008,
            0.23277637661288963
        ],
        "MIX-SI-SDR": [
            -20.82233456587231,
            -21.96032430309094
        ],
        "MIX-SD-SDR": [
            -20.822586132215317,
            -21.960419368607425
        ],
        "MIX-SNR": [
            -21.581524945579105,
            -22.48523477222004
        ]
    },
    "bass+drums+other": {
        "SI-SDR": [
            -8.800839310432403,
            -8.468556993667761
        ],
        "SI-SIR": [
            5.626086087503408,
            7.461554978680686
        ],
        "SI-SAR": [
            -8.641233902596198,
            -8.356257973767214
        ],
        "SD-SDR": [
            -32.31178878858169,
            -30.47853706466463
        ],
        "SNR": [
            0.189042624739808,
            0.22950717309452495
        ],
        "SRR": [
            -32.29239517744863,
            -30.451111418736406
        ],
        "SI-SDRi": [
            -30.388124256542078,
            -30.95693889260756
        ],
        "SD-SDRi": [
            -53.89882216834836,
            -52.96682389808795
        ],
        "SNRi": [
            -21.392482320839296,
            -22.255727599125514
        ],
        "MIX-SI-SDR": [
            21.587284946109676,
            22.4883818989398
        ],
        "MIX-SD-SDR": [
            21.587033379766677,
            22.48828683342332
        ],
        "MIX-SNR": [
            21.581524945579105,
            22.48523477222004
        ]
    }
}