{
    "combination": [
        0,
        1
    ],
    "permutation": [
        0,
        1
    ],
    "vocals": {
        "SI-SDR": [
            -11.268030910118686,
            -10.41110357303994
        ],
        "SI-SIR": [
            -11.188078433408585,
            -10.312826858984653
        ],
        "SI-SAR": [
            6.121407896551487,
            6.091278963159131
        ],
        "SD-SDR": [
            -11.414407686105548,
            -10.574147584090154
        ],
        "SNR": [
            -6.921109641261026,
            -6.232413240664628
        ],
        "SRR": [
            3.381696478017273,
            3.7619139851578014
        ],
        "SI-SDRi": [
            -4.2610446508555295,
            -4.058292357517047
        ],
        "SD-SDRi": [
            -4.4074185374450945,
            -4.221327915112172
        ],
        "SNRi": [
            0.07002040404071419,
            0.09526144960927585
        ],
        "MIX-SI-SDR": [
            -7.006986259263156,
            -6.352811215522893
        ],
        "MIX-SD-SDR": [
            -7.006989148660454,
            -6.352819668977982
        ],
        "MIX-SNR": [
            -6.99113004530174,
            -6.327674690273904
        ]
    },
    "bass+drums+other": {
        "SI-SDR": [
            -16.67221475469211,
            -15.598140481750576
        ],
        "SI-SIR": [
            -14.89970142427083,
            -13.65172530491913
        ],
        "SI-SAR": [
            -11.9241111364427,
            -11.17573152777501
        ],
        "SD-SDR": [
            -29.77098762428582,
            -28.109119309666575
        ],
        "SNR": [
            0.06631628370920574,
            0.09384523413869818
        ],
        "SRR": [
            -29.552830592430972,
            -27.858415270666022
        ],
        "SI-SDRi": [
            -23.660179228018706,
            -21.91997300957423
        ],
        "SD-SDRi": [
            -36.75894920821512,
            -34.43094338403514
        ],
        "SNRi": [
            -6.924813761592535,
            -6.233829456135205
        ],
        "MIX-SI-SDR": [
            6.987964473326595,
            6.321832527823654
        ],
        "MIX-SD-SDR": [
            6.9879615839293026,
            6.321824074368567
        ],
        "MIX-SNR": [
            6.991130045301741,
            6.327674690273904
        ]
    }
}