{
    "combination": [
        0,
        1
    ],
    "permutation": [
        0,
        1
    ],
    "vocals": {
        "SI-SDR": [
            -6.761039485097761,
            -6.284633423772891
        ],
        "SI-SIR": [
            -6.711367530007646,
            -6.222288898425534
        ],
        "SI-SAR": [
            12.680503392120473,
            12.176361432851506
        ],
        "SD-SDR": [
            -6.791713437914574,
            -6.315276270745421
        ],
        "SNR": [
            -5.329352830109945,
            -4.925699803960609
        ],
        "SRR": [
            14.73376017248845,
            15.21458813339211
        ],
        "SI-SDRi": [
            -1.2145794315283824,
            -1.149830440920713
        ],
        "SD-SDRi": [
            -1.2452356116195924,
            -1.1804594554285677
        ],
        "SNRi": [
            0.18391322345703998,
            0.23715928994208824
        ],
        "MIX-SI-SDR": [
            -5.546460053569379,
            -5.134802982852178
        ],
        "MIX-SD-SDR": [
            -5.546477826294981,
            -5.134816815316853
        ],
        "MIX-SNR": [
            -5.513266053566985,
            -5.162859093902697
        ]
    },
    "bass+drums+other": {
        "SI-SDR": [
            -12.696126405231693,
            -11.505133098101352
        ],
        "SI-SIR": [
            -8.955378485320184,
            -7.221522356966888
        ],
        "SI-SAR": [
            -10.310925560254237,
            -9.478224320800145
        ],
        "SD-SDR": [
            -30.835066080722076,
            -28.757812800812772
        ],
        "SNR": [
            0.18068054702871347,
            0.23164082437726446
        ],
        "SRR": [
            -30.767885299038632,
            -28.675278107809746
        ],
        "SI-SDRi": [
            -18.200091251605404,
            -16.67655698386375
        ],
        "SD-SDRi": [
            -36.33901315437018,
            -33.9292228541105
        ],
        "SNRi": [
            -5.33258550653827,
            -4.931218269525432
        ],
        "MIX-SI-SDR": [
            5.5039648463737105,
            5.171423885762398
        ],
        "MIX-SD-SDR": [
            5.503947073648105,
            5.171410053297725
        ],
        "MIX-SNR": [
            5.5132660535669835,
            5.162859093902696
        ]
    }
}