{
    "combination": [
        0,
        1
    ],
    "permutation": [
        0,
        1
    ],
    "vocals": {
        "SI-SDR": [
            -3.9997436052022426,
            -2.6806216950718738
        ],
        "SI-SIR": [
            -3.939641670301626,
            -2.6108407150164767
        ],
        "SI-SAR": [
            14.619231281545286,
            15.29469454360532
        ],
        "SD-SDR": [
            -4.074671096332897,
            -2.7972409785142824
        ],
        "SNR": [
            -2.425642945121237,
            -1.03722247083264
        ],
        "SRR": [
            13.59416999041988,
            12.971077610559883
        ],
        "SI-SDRi": [
            -1.3539686835319844,
            -1.4911699902106192
        ],
        "SD-SDRi": [
            -1.4288943716359328,
            -1.6077579308986831
        ],
        "SNRi": [
            0.22772657726503542,
            0.12554306617074662
        ],
        "MIX-SI-SDR": [
            -2.645774921670258,
            -1.1894517048612545
        ],
        "MIX-SD-SDR": [
            -2.645776724696964,
            -1.1894830476155993
        ],
        "MIX-SNR": [
            -2.6533695223862725,
            -1.1627655370033867
        ]
    },
    "bass+drums+other": {
        "SI-SDR": [
            -12.567058015800042,
            -15.381746875847442
        ],
        "SI-SIR": [
            -10.103371407726849,
            -13.358915273215475
        ],
        "SI-SAR": [
            -8.93130468269164,
            -11.091272146285574
        ],
        "SD-SDR": [
            -27.78619620674657,
            -29.306802509681802
        ],
        "SNR": [
            0.22002369412850087,
            0.11894958393939889
        ],
        "SRR": [
            -27.65361477657704,
            -29.12723566341632
        ],
        "SI-SDRi": [
            -15.224551755601876,
            -16.52410933017724
        ],
        "SD-SDRi": [
            -30.4436881435217,
            -30.449133621257253
        ],
        "SNRi": [
            -2.4333458282577722,
            -1.043815953063988
        ],
        "MIX-SI-SDR": [
            2.6574937398018355,
            1.1423624543297959
        ],
        "MIX-SD-SDR": [
            2.657491936775131,
            1.1423311115754498
        ],
        "MIX-SNR": [
            2.653369522386273,
            1.1627655370033867
        ]
    }
}