{
    "combination": [
        0,
        1
    ],
    "permutation": [
        0,
        1
    ],
    "vocals": {
        "SI-SDR": [
            -3.0108183637731676,
            -4.323019088694718
        ],
        "SI-SIR": [
            -2.879730390345308,
            -4.2206127958483775
        ],
        "SI-SAR": [
            12.256775376733664,
            12.002660109662514
        ],
        "SD-SDR": [
            -3.0766490105919786,
            -4.384655047746413
        ],
        "SNR": [
            -1.6774617859396224,
            -2.8252311316311274
        ],
        "SRR": [
            15.149786625459292,
            14.125628017271914
        ],
        "SI-SDRi": [
            -1.2819661278420487,
            -1.1629186204738584
        ],
        "SD-SDRi": [
            -1.3467650070019201,
            -1.2244779555451388
        ],
        "SNRi": [
            0.21735167313246095,
            0.2826097369874758
        ],
        "MIX-SI-SDR": [
            -1.728852235931119,
            -3.1601004682208593
        ],
        "MIX-SD-SDR": [
            -1.7298840035900584,
            -3.1601770922012737
        ],
        "MIX-SNR": [
            -1.8948134590720833,
            -3.107840868618603
        ]
    },
    "bass+drums+other": {
        "SI-SDR": [
            -13.025031053477083,
            -11.37320013611842
        ],
        "SI-SIR": [
            -9.17346313106757,
            -7.242014642424303
        ],
        "SI-SAR": [
            -10.719182699546801,
            -9.253033635892603
        ],
        "SD-SDR": [
            -26.501538449839323,
            -26.151006308734704
        ],
        "SNR": [
            0.21103175035936794,
            0.2775717486952307
        ],
        "SRR": [
            -26.30197851128747,
            -26.00400092846812
        ],
        "SI-SDRi": [
            -15.027848152843074,
            -14.455570089260315
        ],
        "SD-SDRi": [
            -28.50332378154637,
            -29.23329963789618
        ],
        "SNRi": [
            -1.683781708712716,
            -2.8302691199233725
        ],
        "MIX-SI-SDR": [
            2.0028170993659917,
            3.082369953141894
        ],
        "MIX-SD-SDR": [
            2.0017853317070475,
            3.0822933291614776
        ],
        "MIX-SNR": [
            1.894813459072084,
            3.107840868618603
        ]
    }
}