{
    "combination": [
        0,
        1
    ],
    "permutation": [
        0,
        1
    ],
    "vocals": {
        "SI-SDR": [
            -8.721333056847097,
            -8.686961556133053
        ],
        "SI-SIR": [
            -8.650079329872742,
            -8.614215176359556
        ],
        "SI-SAR": [
            9.16401235616585,
            9.10909011938924
        ],
        "SD-SDR": [
            -8.775389626058368,
            -8.737358343561652
        ],
        "SNR": [
            -6.460131317724693,
            -6.500620760537064
        ],
        "SRR": [
            10.300968946268963,
            10.641630265899186
        ],
        "SI-SDRi": [
            -2.0967951658339548,
            -2.0317033670293654
        ],
        "SD-SDRi": [
            -2.15085117301094,
            -2.0820912193978023
        ],
        "SNRi": [
            0.1711090362012495,
            0.18149393719559015
        ],
        "MIX-SI-SDR": [
            -6.6245378910131425,
            -6.655258189103687
        ],
        "MIX-SD-SDR": [
            -6.624538453047428,
            -6.65526712416385
        ],
        "MIX-SNR": [
            -6.631240353925943,
            -6.682114697732654
        ]
    },
    "bass+drums+other": {
        "SI-SDR": [
            -14.39288376570749,
            -13.97501215368176
        ],
        "SI-SIR": [
            -11.212053321094686,
            -10.68302320534495
        ],
        "SI-SAR": [
            -11.546670458331239,
            -11.22923805190872
        ],
        "SD-SDR": [
            -30.449148627417607,
            -30.089986842818075
        ],
        "SNR": [
            0.151145295667806,
            0.1633969314017343
        ],
        "SRR": [
            -30.340105430086194,
            -29.982426103247214
        ],
        "SI-SDRi": [
            -21.025580828329844,
            -20.66290638234591
        ],
        "SD-SDRi": [
            -37.08184512800568,
            -36.77787213642206
        ],
        "SNRi": [
            -6.480095058258135,
            -6.51871776633092
        ],
        "MIX-SI-SDR": [
            6.632697062622355,
            6.687894228664147
        ],
        "MIX-SD-SDR": [
            6.632696500588072,
            6.687885293603983
        ],
        "MIX-SNR": [
            6.631240353925941,
            6.682114697732654
        ]
    }
}