{
    "combination": [
        0,
        1
    ],
    "permutation": [
        0,
        1
    ],
    "vocals": {
        "SI-SDR": [
            -5.249100358344049,
            -5.389976098963506
        ],
        "SI-SIR": [
            -5.085089787224215,
            -5.244383612591914
        ],
        "SI-SAR": [
            9.061771557776408,
            9.429070263145164
        ],
        "SD-SDR": [
            -5.483272622159568,
            -5.593456648913751
        ],
        "SNR": [
            -2.3720823413978107,
            -2.625372299552976
        ],
        "SRR": [
            7.315775982750967,
            7.8005004814641765
        ],
        "SI-SDRi": [
            -2.8996664267372374,
            -2.8163367236823427
        ],
        "SD-SDRi": [
            -3.1337341575372757,
            -3.019798902472208
        ],
        "SNRi": [
            -0.07821508885636375,
            -0.07570691075370473
        ],
        "MIX-SI-SDR": [
            -2.3494339316068116,
            -2.573639375281163
        ],
        "MIX-SD-SDR": [
            -2.349538464622292,
            -2.573657746441543
        ],
        "MIX-SNR": [
            -2.293867252541447,
            -2.549665388799271
        ]
    },
    "bass+drums+other": {
        "SI-SDR": [
            -19.142454088611583,
            -19.927119983355503
        ],
        "SI-SIR": [
            -16.98376318387827,
            -17.77391378304936
        ],
        "SI-SAR": [
            -15.071786464361477,
            -15.847920342436286
        ],
        "SD-SDR": [
            -30.03411888752952,
            -31.344505832288206
        ],
        "SNR": [
            -0.08804560572110942,
            -0.08435387989982987
        ],
        "SRR": [
            -29.66519794628125,
            -31.01926405045419
        ],
        "SI-SDRi": [
            -21.403641093962218,
            -22.46347344305817
        ],
        "SD-SDRi": [
            -32.29520135986467,
            -33.880840920830494
        ],
        "SNRi": [
            -2.3819128582625564,
            -2.6340192686991
        ],
        "MIX-SI-SDR": [
            2.261187005350634,
            2.5363534597026676
        ],
        "MIX-SD-SDR": [
            2.261082472335151,
            2.536335088542289
        ],
        "MIX-SNR": [
            2.293867252541447,
            2.54966538879927
        ]
    }
}