{
    "combination": [
        0,
        1
    ],
    "permutation": [
        0,
        1
    ],
    "vocals": {
        "SI-SDR": [
            -6.631980795732745,
            -7.097062483351468
        ],
        "SI-SIR": [
            -6.476976194170204,
            -6.94253233721621
        ],
        "SI-SAR": [
            7.919688197495907,
            7.467684449068404
        ],
        "SD-SDR": [
            -6.897680437653837,
            -7.373098958629479
        ],
        "SNR": [
            -3.1529783737610213,
            -3.4002973236397493
        ],
        "SRR": [
            5.368425517962699,
            4.732366650492692
        ],
        "SI-SDRi": [
            -3.4164416618762785,
            -3.624006685301415
        ],
        "SD-SDRi": [
            -3.6821389703429954,
            -3.900041907995267
        ],
        "SNRi": [
            0.07178730836546121,
            0.07972041928835205
        ],
        "MIX-SI-SDR": [
            -3.2155391338564665,
            -3.4730557980500536
        ],
        "MIX-SD-SDR": [
            -3.2155414673108416,
            -3.4730570506342118
        ],
        "MIX-SNR": [
            -3.2247656821264825,
            -3.4800177429281014
        ]
    },
    "bass+drums+other": {
        "SI-SDR": [
            -15.028370636564322,
            -14.881828735146874
        ],
        "SI-SIR": [
            -13.231023982861972,
            -13.124435177369875
        ],
        "SI-SAR": [
            -10.32912187725211,
            -10.103569556539389
        ],
        "SD-SDR": [
            -25.520398661215587,
            -25.235632097454303
        ],
        "SNR": [
            0.0629679095856756,
            0.06513296055076344
        ],
        "SRR": [
            -25.114205230076173,
            -24.81564686317479
        ],
        "SI-SDRi": [
            -18.257529755746212,
            -18.364971986436228
        ],
        "SD-SDRi": [
            -28.749555446943102,
            -28.7187740961595
        ],
        "SNRi": [
            -3.161797772540807,
            -3.4148847823773387
        ],
        "MIX-SI-SDR": [
            3.229159119181891,
            3.483143251289354
        ],
        "MIX-SD-SDR": [
            3.229156785727515,
            3.4831419987051957
        ],
        "MIX-SNR": [
            3.2247656821264825,
            3.4800177429281023
        ]
    }
}