{
    "combination": [
        0,
        1
    ],
    "permutation": [
        0,
        1
    ],
    "vocals": {
        "SI-SDR": [
            -6.4012811438567425,
            -6.221282561262418
        ],
        "SI-SIR": [
            -6.3269643379085245,
            -6.148723669976858
        ],
        "SI-SAR": [
            11.30279702508323,
            11.58588310657552
        ],
        "SD-SDR": [
            -6.417913518992121,
            -6.254700009493018
        ],
        "SNR": [
            -5.360658307096151,
            -4.81790752142528
        ],
        "SRR": [
            17.758700410096314,
            14.900108274376176
        ],
        "SI-SDRi": [
            -1.1472639073571393,
            -1.2157102472605086
        ],
        "SD-SDRi": [
            -1.1621041127686222,
            -1.249127638977039
        ],
        "SNRi": [
            0.22442957541733488,
            0.1894281366473738
        ],
        "MIX-SI-SDR": [
            -5.254017236499603,
            -5.00557231400191
        ],
        "MIX-SD-SDR": [
            -5.255809406223499,
            -5.005572370515979
        ],
        "MIX-SNR": [
            -5.585087882513486,
            -5.007335658072654
        ]
    },
    "bass+drums+other": {
        "SI-SDR": [
            -11.799138125048685,
            -12.976027961654783
        ],
        "SI-SIR": [
            -7.725075590592725,
            -9.407638430693403
        ],
        "SI-SAR": [
            -9.642631718337919,
            -10.460198233990345
        ],
        "SD-SDR": [
            -29.629873555586055,
            -30.75220070879332
        ],
        "SNR": [
            0.21215322915213855,
            0.1772880998131004
        ],
        "SRR": [
            -29.557710665751344,
            -30.679117760421846
        ],
        "SI-SDRi": [
            -17.47827617633908,
            -17.983920374345722
        ],
        "SD-SDRi": [
            -35.307219437152554,
            -35.76009306497019
        ],
        "SNRi": [
            -5.372934653361345,
            -4.830047558259553
        ],
        "MIX-SI-SDR": [
            5.679138051290394,
            5.007892412690938
        ],
        "MIX-SD-SDR": [
            5.677345881566499,
            5.0078923561768685
        ],
        "MIX-SNR": [
            5.585087882513484,
            5.007335658072654
        ]
    }
}