{
    "combination": [
        0,
        1
    ],
    "permutation": [
        0,
        1
    ],
    "vocals": {
        "SI-SDR": [
            -5.917674791402753,
            -6.197401367420432
        ],
        "SI-SIR": [
            -5.7903353522063306,
            -6.035259254811072
        ],
        "SI-SAR": [
            9.474053141742825,
            8.162302302182095
        ],
        "SD-SDR": [
            -5.962657685499712,
            -6.246793700927309
        ],
        "SNR": [
            -4.3669548978033434,
            -4.531744911474851
        ],
        "SRR": [
            13.907183526113624,
            13.219126727146387
        ],
        "SI-SDRi": [
            -1.0270412686388708,
            -1.1068758205123492
        ],
        "SD-SDRi": [
            -1.0720236249616653,
            -1.1561962984055825
        ],
        "SNRi": [
            0.5183135458354382,
            0.6225720250235511
        ],
        "MIX-SI-SDR": [
            -4.890633522763882,
            -5.090525546908083
        ],
        "MIX-SD-SDR": [
            -4.890634060538047,
            -5.090597402521727
        ],
        "MIX-SNR": [
            -4.885268443638782,
            -5.154316936498402
        ]
    },
    "bass+drums+other": {
        "SI-SDR": [
            -7.762623615872938,
            -6.988504223501588
        ],
        "SI-SIR": [
            -1.9757642752375915,
            -0.9701043349419542
        ],
        "SI-SAR": [
            -6.432441006567608,
            -5.738383268114145
        ],
        "SD-SDR": [
            -22.010539733874232,
            -20.250327165997877
        ],
        "SNR": [
            0.509029593875645,
            0.614267216339718
        ],
        "SRR": [
            -21.844087850945044,
            -20.040406213960008
        ],
        "SI-SDRi": [
            -12.646150781476916,
            -12.16238909866163
        ],
        "SD-SDRi": [
            -26.894066361704045,
            -25.424140185544275
        ],
        "SNRi": [
            -4.376238849763137,
            -4.5400497201586845
        ],
        "MIX-SI-SDR": [
            4.883527165603977,
            5.1738848751600415
        ],
        "MIX-SD-SDR": [
            4.883526627829812,
            5.173813019546398
        ],
        "MIX-SNR": [
            4.885268443638782,
            5.154316936498402
        ]
    }
}