{
    "combination": [
        0,
        1
    ],
    "permutation": [
        0,
        1
    ],
    "vocals": {
        "SI-SDR": [
            -10.96431626532559,
            -10.788417390807084
        ],
        "SI-SIR": [
            -10.932626750875682,
            -10.750965151831128
        ],
        "SI-SAR": [
            10.420206120886155,
            9.873360525548291
        ],
        "SD-SDR": [
            -10.976767693837067,
            -10.799833089808676
        ],
        "SNR": [
            -9.47064007151777,
            -9.37950772295427
        ],
        "SRR": [
            14.45510785128399,
            15.008691530517268
        ],
        "SI-SDRi": [
            -1.1177598678412792,
            -1.0774425377701906
        ],
        "SD-SDRi": [
            -1.130027510953072,
            -1.0888375049586312
        ],
        "SNRi": [
            0.20229692095354146,
            0.27363259906363524
        ],
        "MIX-SI-SDR": [
            -9.84655639748431,
            -9.710974853036893
        ],
        "MIX-SD-SDR": [
            -9.846740182883995,
            -9.710995584850044
        ],
        "MIX-SNR": [
            -9.672936992471312,
            -9.653140322017904
        ]
    },
    "bass+drums+other": {
        "SI-SDR": [
            -10.61783297893445,
            -8.76684462762799
        ],
        "SI-SIR": [
            -4.549845804575364,
            -2.3391756580643532
        ],
        "SI-SAR": [
            -9.384127157223755,
            -7.645087971982132
        ],
        "SD-SDR": [
            -31.302584094980794,
            -28.78973482049156
        ],
        "SNR": [
            0.19699555315594286,
            0.2682443609490765
        ],
        "SRR": [
            -31.265330296747553,
            -28.74631736615768
        ],
        "SI-SDRi": [
            -20.272380397434176,
            -18.4137577040579
        ],
        "SD-SDRi": [
            -40.956947728080834,
            -38.43662716510832
        ],
        "SNRi": [
            -9.475941439315369,
            -9.384895961068828
        ],
        "MIX-SI-SDR": [
            9.654547418499725,
            9.646913076429913
        ],
        "MIX-SD-SDR": [
            9.654363633100044,
            9.64689234461676
        ],
        "MIX-SNR": [
            9.672936992471312,
            9.653140322017904
        ]
    }
}