{
    "combination": [
        0,
        1
    ],
    "permutation": [
        0,
        1
    ],
    "vocals": {
        "SI-SDR": [
            -7.303627268972117,
            -6.612661180452891
        ],
        "SI-SIR": [
            -7.21265468542099,
            -6.515209408885222
        ],
        "SI-SAR": [
            9.530517450038376,
            9.925919319697252
        ],
        "SD-SDR": [
            -7.421099645964608,
            -6.7786417597176865
        ],
        "SNR": [
            -4.599103086782554,
            -3.7169691641156515
        ],
        "SRR": [
            8.315989694365209,
            7.481354573625345
        ],
        "SI-SDRi": [
            -2.2178646972748464,
            -2.5293214190593627
        ],
        "SD-SDRi": [
            -2.3350216219835858,
            -2.695056912342239
        ],
        "SNRi": [
            0.3550331736519592,
            0.2628252896800829
        ],
        "MIX-SI-SDR": [
            -5.085762571697271,
            -4.083339761393528
        ],
        "MIX-SD-SDR": [
            -5.086078023981022,
            -4.083584847375447
        ],
        "MIX-SNR": [
            -4.954136260434513,
            -3.9797944537957344
        ]
    },
    "bass+drums+other": {
        "SI-SDR": [
            -10.39402622471725,
            -12.129142150903927
        ],
        "SI-SIR": [
            -7.941858187732324,
            -10.203091684492854
        ],
        "SI-SAR": [
            -6.743139447128728,
            -7.670483240645077
        ],
        "SD-SDR": [
            -24.188316805314773,
            -24.859160768569172
        ],
        "SNR": [
            0.34608658572821493,
            0.25776811003215516
        ],
        "SRR": [
            -24.003142348752714,
            -24.62113195406961
        ],
        "SI-SDRi": [
            -15.306528842496222,
            -16.067818005968057
        ],
        "SD-SDRi": [
            -29.100503970809996,
            -28.797591537651382
        ],
        "SNRi": [
            -4.608049674706298,
            -3.72202634376358
        ],
        "MIX-SI-SDR": [
            4.912502617778973,
            3.938675855064128
        ],
        "MIX-SD-SDR": [
            4.912187165495224,
            3.9384307690822093
        ],
        "MIX-SNR": [
            4.954136260434513,
            3.979794453795735
        ]
    }
}