{
    "combination": [
        0,
        1
    ],
    "permutation": [
        0,
        1
    ],
    "vocals": {
        "SI-SDR": [
            -6.241413505730231,
            -6.72483835713602
        ],
        "SI-SIR": [
            -6.151461160191754,
            -6.633446210383505
        ],
        "SI-SAR": [
            10.641203228268006,
            10.089531906649148
        ],
        "SD-SDR": [
            -6.316893829255025,
            -6.799401454786916
        ],
        "SNR": [
            -4.229646897000741,
            -4.618526705734579
        ],
        "SRR": [
            11.320297255599312,
            10.890430446660586
        ],
        "SI-SDRi": [
            -1.790350947125111,
            -1.7800818021749754
        ],
        "SD-SDRi": [
            -1.8658241798919741,
            -1.8545570288590865
        ],
        "SNRi": [
            0.20291477308434125,
            0.25755316625213887
        ],
        "MIX-SI-SDR": [
            -4.45106255860512,
            -4.944756554961045
        ],
        "MIX-SD-SDR": [
            -4.451069649363051,
            -4.94484442592783
        ],
        "MIX-SNR": [
            -4.432561670085082,
            -4.876079871986718
        ]
    },
    "bass+drums+other": {
        "SI-SDR": [
            -13.27313438115128,
            -11.914837327933938
        ],
        "SI-SIR": [
            -10.225964057319539,
            -8.614629260808398
        ],
        "SI-SAR": [
            -10.299394406002996,
            -9.176298102083877
        ],
        "SD-SDR": [
            -28.142141759905062,
            -26.86371933524266
        ],
        "SNR": [
            0.1952537851925213,
            0.250384326903189
        ],
        "SRR": [
            -27.998242463012616,
            -26.722485528927315
        ],
        "SI-SDRi": [
            -17.699038039425034,
            -16.768690095187964
        ],
        "SD-SDRi": [
            -32.568038327420886,
            -31.7174842315299
        ],
        "SNRi": [
            -4.237307884892562,
            -4.625695545083529
        ],
        "MIX-SI-SDR": [
            4.425903658273755,
            4.853852767254026
        ],
        "MIX-SD-SDR": [
            4.425896567515824,
            4.85376489628724
        ],
        "MIX-SNR": [
            4.432561670085083,
            4.876079871986718
        ]
    }
}