{
    "combination": [
        0,
        1
    ],
    "permutation": [
        0,
        1
    ],
    "vocals": {
        "SI-SDR": [
            -5.677267371067199,
            -5.323580765653357
        ],
        "SI-SIR": [
            -5.597229459699494,
            -5.234626817177248
        ],
        "SI-SAR": [
            11.707575767679316,
            11.60701110303811
        ],
        "SD-SDR": [
            -5.752926060206887,
            -5.3973085461276575
        ],
        "SNR": [
            -3.781048351762244,
            -3.5182529565003455
        ],
        "SRR": [
            11.874103354096652,
            12.341034706205358
        ],
        "SI-SDRi": [
            -1.7683075297583861,
            -1.7660600674002955
        ],
        "SD-SDRi": [
            -1.8439613400966728,
            -1.839598943148646
        ],
        "SNRi": [
            0.11348969765137262,
            0.1261708765966838
        ],
        "MIX-SI-SDR": [
            -3.9089598413088127,
            -3.557520698253062
        ],
        "MIX-SD-SDR": [
            -3.9089647201102142,
            -3.5577096029790116
        ],
        "MIX-SNR": [
            -3.8945380494136166,
            -3.6444238330970293
        ]
    },
    "bass+drums+other": {
        "SI-SDR": [
            -16.24487717369045,
            -15.74226239729744
        ],
        "SI-SIR": [
            -13.231776204971222,
            -12.703139080499923
        ],
        "SI-SAR": [
            -13.237376423762562,
            -12.760595765784606
        ],
        "SD-SDR": [
            -31.055816793696582,
            -30.120309115476424
        ],
        "SNR": [
            0.09802719061095558,
            0.1102364584311148
        ],
        "SRR": [
            -30.909947663995986,
            -29.95886325047815
        ],
        "SI-SDRi": [
            -20.13353845796763,
            -19.424448317487812
        ],
        "SD-SDRi": [
            -34.94447319917236,
            -33.80230613094085
        ],
        "SNRi": [
            -3.796510858802661,
            -3.5341873746659127
        ],
        "MIX-SI-SDR": [
            3.8886612842771813,
            3.6821859201903715
        ],
        "MIX-SD-SDR": [
            3.8886564054757775,
            3.681997015464423
        ],
        "MIX-SNR": [
            3.8945380494136166,
            3.6444238330970276
        ]
    }
}