{
    "combination": [
        0,
        1
    ],
    "permutation": [
        0,
        1
    ],
    "vocals": {
        "SI-SDR": [
            -5.685028239957273,
            -6.022897046744932
        ],
        "SI-SIR": [
            -5.595047098955723,
            -5.941395575900667
        ],
        "SI-SAR": [
            11.196212804983759,
            11.283978608585816
        ],
        "SD-SDR": [
            -5.7686897713729515,
            -6.095899820404192
        ],
        "SNR": [
            -3.703842097099166,
            -4.085281399472579
        ],
        "SRR": [
            11.425658855664697,
            11.684999938981404
        ],
        "SI-SDRi": [
            -2.0631430796674795,
            -2.0488978340128514
        ],
        "SD-SDRi": [
            -2.1462811591427458,
            -2.1211832403415922
        ],
        "SNRi": [
            0.0644851512446234,
            0.06765612843317736
        ],
        "MIX-SI-SDR": [
            -3.6218851602897932,
            -3.9739992127320805
        ],
        "MIX-SD-SDR": [
            -3.6224086122302057,
            -3.9747165800625996
        ],
        "MIX-SNR": [
            -3.7683272483437893,
            -4.152937527905756
        ]
    },
    "bass+drums+other": {
        "SI-SDR": [
            -17.390665955990976,
            -17.345892663130282
        ],
        "SI-SIR": [
            -14.672266028681635,
            -14.626732172812424
        ],
        "SI-SAR": [
            -14.067423867248642,
            -14.023524627219622
        ],
        "SD-SDR": [
            -31.293166785574908,
            -31.65004268438786
        ],
        "SNR": [
            0.05782548476964685,
            0.06418607933463168
        ],
        "SRR": [
            -31.11264524101687,
            -31.485773199786138
        ],
        "SI-SDRi": [
            -21.221089735577745,
            -21.56847684225889
        ],
        "SD-SDRi": [
            -35.12306711322127,
            -35.87190949618594
        ],
        "SNRi": [
            -3.710501763574143,
            -4.0887514485711245
        ],
        "MIX-SI-SDR": [
            3.83042377958677,
            4.222584179128606
        ],
        "MIX-SD-SDR": [
            3.829900327646361,
            4.221866811798085
        ],
        "MIX-SNR": [
            3.7683272483437897,
            4.152937527905756
        ]
    }
}