{
    "combination": [
        0,
        1
    ],
    "permutation": [
        0,
        1
    ],
    "vocals": {
        "SI-SDR": [
            -8.543225745907781,
            -9.392468261134344
        ],
        "SI-SIR": [
            -8.503189678204965,
            -9.347730721304593
        ],
        "SI-SAR": [
            11.830105872834675,
            10.50100343921783
        ],
        "SD-SDR": [
            -8.58432947730634,
            -9.42822498180689
        ],
        "SNR": [
            -6.57169268035549,
            -7.365121882952787
        ],
        "SRR": [
            11.675236802629776,
            11.433907406579388
        ],
        "SI-SDRi": [
            -1.605763435933322,
            -1.9292521033785146
        ],
        "SD-SDRi": [
            -1.646048424576887,
            -1.9650026471354733
        ],
        "SNRi": [
            0.10546542285840044,
            0.07367412591285749
        ],
        "MIX-SI-SDR": [
            -6.9374623099744595,
            -7.463216157755829
        ],
        "MIX-SD-SDR": [
            -6.938281052729454,
            -7.463222334671417
        ],
        "MIX-SNR": [
            -6.67715810321389,
            -7.438796008865644
        ]
    },
    "bass+drums+other": {
        "SI-SDR": [
            -16.269565419948204,
            -18.067273766739362
        ],
        "SI-SIR": [
            -12.995694656487043,
            -14.738309362340923
        ],
        "SI-SAR": [
            -13.507751436004527,
            -15.35384608848754
        ],
        "SD-SDR": [
            -34.64424890190711,
            -35.79891575233866
        ],
        "SNR": [
            0.09700048130828245,
            0.06709678876748928
        ],
        "SRR": [
            -34.580643743342165,
            -35.725073146930164
        ],
        "SI-SDRi": [
            -22.892079266794006,
            -25.5016756956329
        ],
        "SD-SDRi": [
            -41.26594400599792,
            -43.23331150431661
        ],
        "SNRi": [
            -6.580157621905608,
            -7.371699220098155
        ],
        "MIX-SI-SDR": [
            6.622513846845802,
            7.43440192889354
        ],
        "MIX-SD-SDR": [
            6.621695104090809,
            7.434395751977952
        ],
        "MIX-SNR": [
            6.67715810321389,
            7.438796008865644
        ]
    }
}