{
    "combination": [
        0,
        1
    ],
    "permutation": [
        0,
        1
    ],
    "vocals": {
        "SI-SDR": [
            -4.1493925564569345,
            -4.827547417283318
        ],
        "SI-SIR": [
            -4.03239308505279,
            -4.710193901110112
        ],
        "SI-SAR": [
            11.604979964161203,
            10.91387926045362
        ],
        "SD-SDR": [
            -4.237105125975547,
            -4.901403037903497
        ],
        "SNR": [
            -2.4368436286245085,
            -3.1152393301207972
        ],
        "SRR": [
            12.753902122375155,
            12.829480033673653
        ],
        "SI-SDRi": [
            -1.4211982313354081,
            -1.2598220000827953
        ],
        "SD-SDRi": [
            -1.5087535537092016,
            -1.3329541762609112
        ],
        "SNRi": [
            0.2202481647249095,
            0.2857782524559038
        ],
        "MIX-SI-SDR": [
            -2.7281943251215264,
            -3.567725417200523
        ],
        "MIX-SD-SDR": [
            -2.7283515722663454,
            -3.5684488616425862
        ],
        "MIX-SNR": [
            -2.657091793349418,
            -3.401017582576701
        ]
    },
    "bass+drums+other": {
        "SI-SDR": [
            -12.558847703048425,
            -11.034938121339424
        ],
        "SI-SIR": [
            -9.672850556374039,
            -7.426420158363287
        ],
        "SI-SAR": [
            -9.420582073736771,
            -8.550342471889058
        ],
        "SD-SDR": [
            -27.310492340061728,
            -26.321959447263826
        ],
        "SNR": [
            0.22477003895117076,
            0.28523129541642006
        ],
        "SRR": [
            -27.16258344126993,
            -26.191465447971307
        ],
        "SI-SDRi": [
            -15.177520577532771,
            -14.360566434573006
        ],
        "SD-SDRi": [
            -29.92900796740125,
            -29.646864316055343
        ],
        "SNRi": [
            -2.432321754398247,
            -3.1157862871602813
        ],
        "MIX-SI-SDR": [
            2.6186728744843464,
            3.3256283132335804
        ],
        "MIX-SD-SDR": [
            2.6185156273395216,
            3.3249048687915157
        ],
        "MIX-SNR": [
            2.6570917933494176,
            3.4010175825767015
        ]
    }
}