{
    "combination": [
        0,
        1
    ],
    "permutation": [
        0,
        1
    ],
    "vocals": {
        "SI-SDR": [
            -11.644558588389557,
            -10.307008055138079
        ],
        "SI-SIR": [
            -11.600743422766701,
            -10.26264132047036
        ],
        "SI-SAR": [
            8.338929112224424,
            9.622424876122237
        ],
        "SD-SDR": [
            -11.67515363807875,
            -10.346072981083134
        ],
        "SNR": [
            -9.255047342150531,
            -7.991319543583735
        ],
        "SRR": [
            9.8614663904686,
            10.133417900052859
        ],
        "SI-SDRi": [
            -2.178012932513882,
            -2.2277448839685032
        ],
        "SD-SDRi": [
            -2.2086075684680893,
            -2.2667836995507002
        ],
        "SNRi": [
            0.2194751833303794,
            0.1421256170219145
        ],
        "MIX-SI-SDR": [
            -9.466545655875676,
            -8.079263171169575
        ],
        "MIX-SD-SDR": [
            -9.466546069610661,
            -8.079289281532434
        ],
        "MIX-SNR": [
            -9.47452252548091,
            -8.13344516060565
        ]
    },
    "bass+drums+other": {
        "SI-SDR": [
            -11.734304337827858,
            -14.144343905995767
        ],
        "SI-SIR": [
            -8.388858064914222,
            -11.559338763755216
        ],
        "SI-SAR": [
            -9.035129980995968,
            -10.662534335145208
        ],
        "SD-SDR": [
            -30.00202459361581,
            -31.912910663138423
        ],
        "SNR": [
            0.20715880575971055,
            0.1462358617497919
        ],
        "SRR": [
            -29.936821475820974,
            -31.83969852337291
        ],
        "SI-SDRi": [
            -21.209727882607435,
            -22.28616057475498
        ],
        "SD-SDRi": [
            -39.477447724660394,
            -40.05470122153478
        ],
        "SNRi": [
            -9.2673637197212,
            -7.987209298855857
        ],
        "MIX-SI-SDR": [
            9.475423544779577,
            8.141816668759214
        ],
        "MIX-SD-SDR": [
            9.475423131044582,
            8.141790558396355
        ],
        "MIX-SNR": [
            9.47452252548091,
            8.13344516060565
        ]
    }
}