{
    "combination": [
        0,
        1
    ],
    "permutation": [
        0,
        1
    ],
    "vocals": {
        "SI-SDR": [
            -11.608034146260582,
            -10.493767754806589
        ],
        "SI-SIR": [
            -11.579692430413893,
            -10.463660752925065
        ],
        "SI-SAR": [
            10.259710723200659,
            11.112445065668709
        ],
        "SD-SDR": [
            -11.641145667470598,
            -10.517763459169547
        ],
        "SNR": [
            -9.145126187666023,
            -8.585462594811892
        ],
        "SRR": [
            9.553451351687617,
            12.070736955691544
        ],
        "SI-SDRi": [
            -2.7738324707837876,
            -2.215884826797593
        ],
        "SD-SDRi": [
            -2.806185920415219,
            -2.238880234895369
        ],
        "SNRi": [
            0.013101721100495567,
            0.042236997078445526
        ],
        "MIX-SI-SDR": [
            -8.834201675476795,
            -8.277882928008996
        ],
        "MIX-SD-SDR": [
            -8.834959747055379,
            -8.278883224274178
        ],
        "MIX-SNR": [
            -9.158227908766518,
            -8.627699591890337
        ]
    },
    "bass+drums+other": {
        "SI-SDR": [
            -23.06174118563641,
            -20.838294978773714
        ],
        "SI-SIR": [
            -21.06659748174375,
            -18.348833153706767
        ],
        "SI-SAR": [
            -18.72419137582757,
            -17.236072395312142
        ],
        "SD-SDR": [
            -41.12703638833878,
            -39.43834579088648
        ],
        "SNR": [
            0.008214563287838629,
            0.03244339713428895
        ],
        "SRR": [
            -41.05869760389686,
            -39.377979562098275
        ],
        "SI-SDRi": [
            -32.26061581373874,
            -29.51567580032478
        ],
        "SD-SDRi": [
            -50.32515294486252,
            -48.11472631617236
        ],
        "SNRi": [
            -9.15001334547868,
            -8.595256194756049
        ],
        "MIX-SI-SDR": [
            9.198874628102331,
            8.677380821551065
        ],
        "MIX-SD-SDR": [
            9.198116556523747,
            8.676380525285879
        ],
        "MIX-SNR": [
            9.158227908766518,
            8.627699591890337
        ]
    }
}