{
    "combination": [
        0,
        1
    ],
    "permutation": [
        0,
        1
    ],
    "vocals": {
        "SI-SDR": [
            -2.277865676379668,
            -2.5246805764749953
        ],
        "SI-SIR": [
            -1.878212240360532,
            -2.104548846015647
        ],
        "SI-SAR": [
            8.281436353187035,
            7.827680243194944
        ],
        "SD-SDR": [
            -2.8173805942914627,
            -3.044020468763496
        ],
        "SNR": [
            0.5451923641781243,
            0.3414081549639423
        ],
        "SRR": [
            6.507393142938231,
            6.436388399759197
        ],
        "SI-SDRi": [
            -2.782373878014872,
            -2.880177624466102
        ],
        "SD-SDRi": [
            -3.321875570264919,
            -3.399510063597981
        ],
        "SNRi": [
            0.02640685395246034,
            -0.003152178505444747
        ],
        "MIX-SI-SDR": [
            0.5045082016352042,
            0.3554970479911069
        ],
        "MIX-SD-SDR": [
            0.5044949759734566,
            0.3554895948344849
        ],
        "MIX-SNR": [
            0.518785510225664,
            0.344560333469387
        ]
    },
    "bass+drums+other": {
        "SI-SDR": [
            -12.571260694732276,
            -12.780656085277753
        ],
        "SI-SIR": [
            -10.385644087942856,
            -10.47463295502672
        ],
        "SI-SAR": [
            -8.542083025972392,
            -8.929337641490346
        ],
        "SD-SDR": [
            -19.824041559702604,
            -19.954645405962808
        ],
        "SNR": [
            0.02620308761298651,
            -0.0036162086802983585
        ],
        "SRR": [
            -18.918294845460842,
            -19.03042110357755
        ],
        "SI-SDRi": [
            -12.036382978281749,
            -12.4479342823479
        ],
        "SD-SDRi": [
            -19.289150617590323,
            -19.621916149876334
        ],
        "SNRi": [
            0.5449885978386501,
            0.34094412478908864
        ],
        "MIX-SI-SDR": [
            -0.5348777164505272,
            -0.3327218029298537
        ],
        "MIX-SD-SDR": [
            -0.5348909421122795,
            -0.3327292560864733
        ],
        "MIX-SNR": [
            -0.5187855102256635,
            -0.344560333469387
        ]
    }
}