{
    "combination": [
        0,
        1
    ],
    "permutation": [
        0,
        1
    ],
    "vocals": {
        "SI-SDR": [
            -8.492143974969261,
            -8.733678606403185
        ],
        "SI-SIR": [
            -8.442034653499164,
            -8.669549689812479
        ],
        "SI-SAR": [
            10.911544488494979,
            9.60565047999023
        ],
        "SD-SDR": [
            -8.511103036442957,
            -8.756102901641679
        ],
        "SNR": [
            -7.104198448541872,
            -7.196700594689771
        ],
        "SRR": [
            15.098047811249044,
            14.1257595074449
        ],
        "SI-SDRi": [
            -1.1984408393339656,
            -1.1697662508499675
        ],
        "SD-SDRi": [
            -1.217278080974049,
            -1.1921734917868987
        ],
        "SNRi": [
            0.296814539532102,
            0.4084447500719488
        ],
        "MIX-SI-SDR": [
            -7.293703135635296,
            -7.563912355553217
        ],
        "MIX-SD-SDR": [
            -7.293824955468908,
            -7.56392940985478
        ],
        "MIX-SNR": [
            -7.401012988073974,
            -7.60514534476172
        ]
    },
    "bass+drums+other": {
        "SI-SDR": [
            -9.27679704625578,
            -7.482747746364964
        ],
        "SI-SIR": [
            -4.6933232082027025,
            -2.291767557111084
        ],
        "SI-SAR": [
            -7.418881334083442,
            -5.917423733814053
        ],
        "SD-SDR": [
            -27.914814031237476,
            -25.118336804033824
        ],
        "SNR": [
            0.2848458538121047,
            0.3974206611648689
        ],
        "SRR": [
            -27.854976862517404,
            -25.042828388660773
        ],
        "SI-SDRi": [
            -16.697531010915682,
            -15.095078215014762
        ],
        "SD-SDRi": [
            -35.335426176063756,
            -32.73065021838206
        ],
        "SNRi": [
            -7.11616713426187,
            -7.207724683596851
        ],
        "MIX-SI-SDR": [
            7.420733964659902,
            7.612330468649798
        ],
        "MIX-SD-SDR": [
            7.420612144826282,
            7.612313414348235
        ],
        "MIX-SNR": [
            7.401012988073974,
            7.60514534476172
        ]
    }
}