{
    "combination": [
        0,
        1
    ],
    "permutation": [
        0,
        1
    ],
    "vocals": {
        "SI-SDR": [
            -6.0050161944379425,
            -5.004138223390133
        ],
        "SI-SIR": [
            -5.66230255082835,
            -4.770464053982476
        ],
        "SI-SAR": [
            5.193743003272278,
            7.80391103744559
        ],
        "SD-SDR": [
            -6.476174617339723,
            -5.457576652394286
        ],
        "SNR": [
            -1.9916551904372066,
            -1.428472676431314
        ],
        "SRR": [
            3.403448524125597,
            4.579830005886051
        ],
        "SI-SDRi": [
            -3.228046826908009,
            -3.273721604463576
        ],
        "SD-SDRi": [
            -3.699191205869665,
            -3.7270218584839343
        ],
        "SNRi": [
            0.7638509838239371,
            0.2424925057320637
        ],
        "MIX-SI-SDR": [
            -2.7769693675299334,
            -1.730416618926557
        ],
        "MIX-SD-SDR": [
            -2.7769834114700576,
            -1.7305547939103514
        ],
        "MIX-SNR": [
            -2.7555061742611437,
            -1.6709651821633777
        ]
    },
    "bass+drums+other": {
        "SI-SDR": [
            -7.169111657187816,
            -11.39407203187531
        ],
        "SI-SIR": [
            -4.981872895142768,
            -9.72982903631571
        ],
        "SI-SAR": [
            -3.142412799758341,
            -6.422815193544302
        ],
        "SD-SDR": [
            -14.954511361970699,
            -19.95339212199809
        ],
        "SNR": [
            0.7621798077966744,
            0.24203363031617023
        ],
        "SRR": [
            -14.163475924344183,
            -19.301720966430437
        ],
        "SI-SDRi": [
            -9.913251005278923,
            -13.024662092027977
        ],
        "SD-SDRi": [
            -17.698636666121683,
            -21.583844007166963
        ],
        "SNRi": [
            -1.9933263664644685,
            -1.4289315518472072
        ],
        "MIX-SI-SDR": [
            2.744139348091106,
            1.6305900601526662
        ],
        "MIX-SD-SDR": [
            2.744125304150983,
            1.6304518851688752
        ],
        "MIX-SNR": [
            2.755506174261143,
            1.6709651821633775
        ]
    }
}