{
    "combination": [
        0,
        1
    ],
    "permutation": [
        0,
        1
    ],
    "drums": {
        "SI-SDR": [
            -10.36194121751208,
            -9.903949329721337
        ],
        "SI-SIR": [
            -10.214411120841199,
            -9.797008631662363
        ],
        "SI-SAR": [
            4.4006518590097885,
            6.235824265235222
        ],
        "SD-SDR": [
            -10.388918229606606,
            -9.915508039752826
        ],
        "SNR": [
            -8.379842487000037,
            -8.61546715321974
        ],
        "SRR": [
            11.692467940815103,
            15.83901945740135
        ],
        "SI-SDRi": [
            -1.712751343349865,
            -1.3247351081149397
        ],
        "SD-SDRi": [
            -1.7397168808684196,
            -1.3356053592977677
        ],
        "SNRi": [
            0.30765962440013617,
            0.2631704779107036
        ],
        "MIX-SI-SDR": [
            -8.649189874162214,
            -8.579214221606398
        ],
        "MIX-SD-SDR": [
            -8.649201348738186,
            -8.579902680455058
        ],
        "MIX-SNR": [
            -8.687502111400173,
            -8.878637631130443
        ]
    },
    "bass+other+vocals": {
        "SI-SDR": [
            -11.077825020230168,
            -11.407270298451532
        ],
        "SI-SIR": [
            -3.427545381610849,
            -3.3108418814474136
        ],
        "SI-SAR": [
            -10.259283323533563,
            -10.675790684316029
        ],
        "SD-SDR": [
            -25.747292968721595,
            -27.59137963876436
        ],
        "SNR": [
            0.2936734219809626,
            0.25351287923873483
        ],
        "SRR": [
            -25.59650909463666,
            -27.485538454914415
        ],
        "SI-SDRi": [
            -19.77053001573599,
            -20.325854574340458
        ],
        "SD-SDRi": [
            -34.439986489651446,
            -36.50927545580463
        ],
        "SNRi": [
            -8.393828689419209,
            -8.62512475189171
        ],
        "MIX-SI-SDR": [
            8.69270499550582,
            8.918584275888925
        ],
        "MIX-SD-SDR": [
            8.692693520929849,
            8.917895817040264
        ],
        "MIX-SNR": [
            8.687502111400171,
            8.878637631130443
        ]
    }
}