{
    "combination": [
        0,
        1
    ],
    "permutation": [
        0,
        1
    ],
    "drums": {
        "SI-SDR": [
            -3.452936634368793,
            -3.7058884251900266
        ],
        "SI-SIR": [
            -3.255960066729535,
            -3.5403518624183805
        ],
        "SI-SAR": [
            10.078876864806126,
            10.565520739393662
        ],
        "SD-SDR": [
            -3.5543549800027305,
            -3.777217529567316
        ],
        "SNR": [
            -1.7651133041393257,
            -2.2141653108148316
        ],
        "SRR": [
            12.81293340507533,
            14.103573612804079
        ],
        "SI-SDRi": [
            -1.1385809458869174,
            -1.1675087968337161
        ],
        "SD-SDRi": [
            -1.2396908440742256,
            -1.2388201146266162
        ],
        "SNRi": [
            0.45452092071089156,
            0.34780848463701597
        ],
        "MIX-SI-SDR": [
            -2.3143556884818755,
            -2.5383796283563105
        ],
        "MIX-SD-SDR": [
            -2.314664135928505,
            -2.5383974149407
        ],
        "MIX-SNR": [
            -2.219634224850217,
            -2.5619737954518476
        ]
    },
    "bass+other+vocals": {
        "SI-SDR": [
            -9.499887254990597,
            -10.75071305153097
        ],
        "SI-SIR": [
            -4.6615865991291745,
            -5.7682138507582295
        ],
        "SI-SAR": [
            -7.772134047469491,
            -9.091710066678186
        ],
        "SD-SDR": [
            -21.769349964630134,
            -23.825477596515206
        ],
        "SNR": [
            0.43591585382962017,
            0.33593497611681206
        ],
        "SRR": [
            -21.503862012773553,
            -23.606080160373143
        ],
        "SI-SDRi": [
            -11.662951904187468,
            -13.325782662798265
        ],
        "SD-SDRi": [
            -23.932106166380372,
            -26.400529421198115
        ],
        "SNRi": [
            -1.7837183710205975,
            -2.226038819335034
        ],
        "MIX-SI-SDR": [
            2.163064649196871,
            2.5750696112672946
        ],
        "MIX-SD-SDR": [
            2.1627562017502395,
            2.5750518246829075
        ],
        "MIX-SNR": [
            2.2196342248502177,
            2.5619737954518462
        ]
    }
}