{
    "combination": [
        0,
        1
    ],
    "permutation": [
        0,
        1
    ],
    "drums": {
        "SI-SDR": [
            -7.026658756557977,
            -8.68547262493723
        ],
        "SI-SIR": [
            -6.949348372184422,
            -8.62917466912311
        ],
        "SI-SAR": [
            10.507403880716424,
            10.215562799386813
        ],
        "SD-SDR": [
            -7.04640380862108,
            -8.70692165911622
        ],
        "SNR": [
            -5.820464053393484,
            -7.186798046187967
        ],
        "SRR": [
            16.386725257916996,
            14.36756414442825
        ],
        "SI-SDRi": [
            -1.0482647179110218,
            -1.4577119596097026
        ],
        "SD-SDRi": [
            -1.0678514957992817,
            -1.4790222006047937
        ],
        "SNRi": [
            0.2630843423088134,
            0.15468990628324253
        ],
        "MIX-SI-SDR": [
            -5.978394038646955,
            -7.227760665327527
        ],
        "MIX-SD-SDR": [
            -5.978552312821798,
            -7.227899458511427
        ],
        "MIX-SNR": [
            -6.083548395702297,
            -7.341487952471209
        ]
    },
    "bass+other+vocals": {
        "SI-SDR": [
            -11.026630956348606,
            -14.377489650493269
        ],
        "SI-SIR": [
            -5.197803566000202,
            -9.70658524138292
        ],
        "SI-SAR": [
            -9.711390290565241,
            -12.56554059822028
        ],
        "SD-SDR": [
            -28.114871249220688,
            -32.34536102114203
        ],
        "SNR": [
            0.25222136477300167,
            0.13893651870501295
        ],
        "SRR": [
            -28.029119933368214,
            -32.27545934816254
        ],
        "SI-SDRi": [
            -17.136327005511696,
            -21.740178497302896
        ],
        "SD-SDRi": [
            -34.22440902420893,
            -39.70791107476776
        ],
        "SNRi": [
            -5.8313270309292955,
            -7.202551433766197
        ],
        "MIX-SI-SDR": [
            6.109696049163089,
            7.362688846809627
        ],
        "MIX-SD-SDR": [
            6.1095377749882465,
            7.362550053625724
        ],
        "MIX-SNR": [
            6.083548395702297,
            7.34148795247121
        ]
    }
}