{
    "combination": [
        0,
        1
    ],
    "permutation": [
        0,
        1
    ],
    "drums": {
        "SI-SDR": [
            -8.660801290265896,
            -10.411713528271708
        ],
        "SI-SIR": [
            -8.625818976014346,
            -10.360957537101886
        ],
        "SI-SAR": [
            12.296035870990758,
            8.936609732730881
        ],
        "SD-SDR": [
            -8.686246394514619,
            -10.463246650747942
        ],
        "SNR": [
            -7.046549166187567,
            -7.778014812206099
        ],
        "SRR": [
            13.648270713685147,
            8.819472966101982
        ],
        "SI-SDRi": [
            -0.9204174215310985,
            -1.42338354694186
        ],
        "SD-SDRi": [
            -0.9454338649550857,
            -1.4726302683434795
        ],
        "SNRi": [
            0.48638862006684835,
            0.6689631086722017
        ],
        "MIX-SI-SDR": [
            -7.7403838687347974,
            -8.988329981329848
        ],
        "MIX-SD-SDR": [
            -7.740812529559533,
            -8.990616382404463
        ],
        "MIX-SNR": [
            -7.532937786254416,
            -8.4469779208783
        ]
    },
    "bass+other+vocals": {
        "SI-SDR": [
            -4.824314747331603,
            -3.649590049988544
        ],
        "SI-SIR": [
            -0.5654673165266917,
            0.38629591181579015
        ],
        "SI-SAR": [
            -2.7826109076446865,
            -1.4683557362413644
        ],
        "SD-SDR": [
            -24.146762793464607,
            -21.057483569102967
        ],
        "SNR": [
            0.4747357769712961,
            0.6637577561916528
        ],
        "SRR": [
            -24.09570170602632,
            -20.97787324443212
        ],
        "SI-SDRi": [
            -12.321354213879594,
            -12.023174055433685
        ],
        "SD-SDRi": [
            -31.64337359918786,
            -29.428781173473492
        ],
        "SNRi": [
            -7.058202009283119,
            -7.7832201646866475
        ],
        "MIX-SI-SDR": [
            7.4970394665479905,
            8.373584005445142
        ],
        "MIX-SD-SDR": [
            7.496610805723255,
            8.371297604370525
        ],
        "MIX-SNR": [
            7.532937786254415,
            8.4469779208783
        ]
    }
}