{
    "combination": [
        0,
        1
    ],
    "permutation": [
        0,
        1
    ],
    "drums": {
        "SI-SDR": [
            -4.322756132279587,
            -3.2633506734248705
        ],
        "SI-SIR": [
            -4.236752894199282,
            -3.1482384221807784
        ],
        "SI-SAR": [
            12.752869606324806,
            12.560705961346336
        ],
        "SD-SDR": [
            -4.347628660372083,
            -3.322523229776082
        ],
        "SNR": [
            -3.3272023393944745,
            -1.9548263733706563
        ],
        "SRR": [
            18.08544548080259,
            15.363669249599246
        ],
        "SI-SDRi": [
            -0.4448752304261485,
            -0.602478303716786
        ],
        "SD-SDRi": [
            -0.4694845365803859,
            -0.6599278843851692
        ],
        "SNRi": [
            0.4459016740733852,
            0.47584933220876424
        ],
        "MIX-SI-SDR": [
            -3.877880901853439,
            -2.6608723697080845
        ],
        "MIX-SD-SDR": [
            -3.8781441237916967,
            -2.662595345390913
        ],
        "MIX-SNR": [
            -3.7731040134678597,
            -2.4306757055794206
        ]
    },
    "bass+other+vocals": {
        "SI-SDR": [
            -7.418031625467582,
            -8.00318494915652
        ],
        "SI-SIR": [
            -0.59574875344579,
            -2.535952344896111
        ],
        "SI-SAR": [
            -6.406048993197949,
            -6.5524801686610115
        ],
        "SD-SDR": [
            -24.18650214403255,
            -22.999651781208506
        ],
        "SNR": [
            0.43351570149062046,
            0.46378067213406227
        ],
        "SRR": [
            -24.09412856905879,
            -22.8599820167835
        ],
        "SI-SDRi": [
            -11.147493395399978,
            -10.303826345951865
        ],
        "SD-SDRi": [
            -27.915700692026682,
            -25.298570202321024
        ],
        "SNRi": [
            -3.3395883119772396,
            -1.9668950334453583
        ],
        "MIX-SI-SDR": [
            3.729461769932396,
            2.300641396795346
        ],
        "MIX-SD-SDR": [
            3.7291985479941347,
            2.298918421112519
        ],
        "MIX-SNR": [
            3.77310401346786,
            2.4306757055794206
        ]
    }
}