{
    "combination": [
        0,
        1
    ],
    "permutation": [
        0,
        1
    ],
    "drums": {
        "SI-SDR": [
            -5.029007045085697,
            -4.461529021009066
        ],
        "SI-SIR": [
            -4.83710128107341,
            -4.368282712695608
        ],
        "SI-SAR": [
            8.613555433258282,
            12.266537358955947
        ],
        "SD-SDR": [
            -5.09492353458496,
            -4.483799767066575
        ],
        "SNR": [
            -3.3630957383084015,
            -3.5006655084841833
        ],
        "SRR": [
            13.125895435280619,
            18.427826301431544
        ],
        "SI-SDRi": [
            -1.6597157514351482,
            -0.8864265375566607
        ],
        "SD-SDRi": [
            -1.7252003517630117,
            -0.9075418067181085
        ],
        "SNRi": [
            0.1352434757050962,
            0.2921076728916603
        ],
        "MIX-SI-SDR": [
            -3.369291293650549,
            -3.5751024834524054
        ],
        "MIX-SD-SDR": [
            -3.3697231828219483,
            -3.5762579603484665
        ],
        "MIX-SNR": [
            -3.4983392140134977,
            -3.7927731813758436
        ]
    },
    "bass+other+vocals": {
        "SI-SDR": [
            -14.883472161392127,
            -10.979985857236072
        ],
        "SI-SIR": [
            -9.607214349458197,
            -5.451330201706433
        ],
        "SI-SAR": [
            -13.354639230055213,
            -9.553402583789895
        ],
        "SD-SDR": [
            -27.347619502279596,
            -26.7751769001883
        ],
        "SNR": [
            0.12206236748823061,
            0.27852375888004244
        ],
        "SRR": [
            -27.09411652006576,
            -26.659286667918227
        ],
        "SI-SDRi": [
            -18.43995140088554,
            -14.864980586212129
        ],
        "SD-SDRi": [
            -30.903666852601607,
            -30.659016152268293
        ],
        "SNRi": [
            -3.376276846525266,
            -3.5142494224957996
        ],
        "MIX-SI-SDR": [
            3.5564792394934135,
            3.8849947289760567
        ],
        "MIX-SD-SDR": [
            3.5560473503220122,
            3.883839252079995
        ],
        "MIX-SNR": [
            3.498339214013497,
            3.792773181375842
        ]
    }
}