{
    "combination": [
        0,
        1
    ],
    "permutation": [
        0,
        1
    ],
    "drums": {
        "SI-SDR": [
            -3.2186675820106068,
            -4.450990003580762
        ],
        "SI-SIR": [
            -3.1441420019976247,
            -4.398903563208505
        ],
        "SI-SAR": [
            14.473331387707473,
            14.785623516583403
        ],
        "SD-SDR": [
            -3.2582657952560345,
            -4.481361417635517
        ],
        "SNR": [
            -2.1305829066321906,
            -3.3444389808020336
        ],
        "SRR": [
            17.16260547976746,
            17.087008426653682
        ],
        "SI-SDRi": [
            -0.9921799181952107,
            -1.0390001193675094
        ],
        "SD-SDRi": [
            -1.031605970568108,
            -1.069314539117575
        ],
        "SNRi": [
            0.16703318602060557,
            0.11433905705819569
        ],
        "MIX-SI-SDR": [
            -2.226487663815396,
            -3.411989884213253
        ],
        "MIX-SD-SDR": [
            -2.2266598246879266,
            -3.412046878517942
        ],
        "MIX-SNR": [
            -2.297616092652796,
            -3.4587780378602293
        ]
    },
    "bass+other+vocals": {
        "SI-SDR": [
            -14.197408276472938,
            -15.952883068919636
        ],
        "SI-SIR": [
            -10.434021266641086,
            -12.38661400531746
        ],
        "SI-SAR": [
            -11.828702259513244,
            -13.435388530484843
        ],
        "SD-SDR": [
            -30.48280605138809,
            -33.767623155712236
        ],
        "SNR": [
            0.15565841748025894,
            0.10523508184869905
        ],
        "SRR": [
            -30.379434060322907,
            -33.69519176249491
        ],
        "SI-SDRi": [
            -16.537071737243572,
            -19.432822347129488
        ],
        "SD-SDRi": [
            -32.822297351286196,
            -37.2475054396174
        ],
        "SNRi": [
            -2.141957675172537,
            -3.3535429560115304
        ],
        "MIX-SI-SDR": [
            2.3396634607706353,
            3.479939278209851
        ],
        "MIX-SD-SDR": [
            2.3394912998981066,
            3.4798822839051615
        ],
        "MIX-SNR": [
            2.297616092652796,
            3.4587780378602293
        ]
    }
}