{
    "combination": [
        0,
        1
    ],
    "permutation": [
        0,
        1
    ],
    "drums": {
        "SI-SDR": [
            -5.086608138031707,
            -5.700983753794777
        ],
        "SI-SIR": [
            -5.034365645172397,
            -5.655541256337102
        ],
        "SI-SAR": [
            14.137091116180843,
            14.12493888001794
        ],
        "SD-SDR": [
            -5.089075035406703,
            -5.707115364784562
        ],
        "SNR": [
            -4.724946462397234,
            -5.099494238555627
        ],
        "SRR": [
            27.368490639399653,
            22.798047253609855
        ],
        "SI-SDRi": [
            -0.21296332874352686,
            -0.18981338985774965
        ],
        "SD-SDRi": [
            -0.2143452648227573,
            -0.19594215023403994
        ],
        "SNRi": [
            0.3938029858433447,
            0.42496154041747936
        ],
        "MIX-SI-SDR": [
            -4.87364480928818,
            -5.511170363937027
        ],
        "MIX-SD-SDR": [
            -4.874729770583945,
            -5.511173214550522
        ],
        "MIX-SNR": [
            -5.118749448240579,
            -5.524455778973106
        ]
    },
    "bass+other+vocals": {
        "SI-SDR": [
            -6.378957074291883,
            -5.390333938705556
        ],
        "SI-SIR": [
            2.3888692676591416,
            3.0052045092998956
        ],
        "SI-SAR": [
            -5.760120224257944,
            -4.711556513527904
        ],
        "SD-SDR": [
            -25.901964081738637,
            -25.394018393225785
        ],
        "SNR": [
            0.38308629890229484,
            0.4132893537742388
        ],
        "SRR": [
            -25.853220379046626,
            -25.350407539971847
        ],
        "SI-SDRi": [
            -11.574608706089212,
            -10.9185171314419
        ],
        "SD-SDRi": [
            -31.0965307522402,
            -30.922198735348633
        ],
        "SNRi": [
            -4.7356631493382855,
            -5.111166425198867
        ],
        "MIX-SI-SDR": [
            5.195651631797328,
            5.5281831927363445
        ],
        "MIX-SD-SDR": [
            5.194566670501562,
            5.528180342122849
        ],
        "MIX-SNR": [
            5.11874944824058,
            5.524455778973106
        ]
    }
}