{
    "combination": [
        0,
        1
    ],
    "permutation": [
        0,
        1
    ],
    "drums": {
        "SI-SDR": [
            -4.243784403195379,
            -4.30184268698387
        ],
        "SI-SIR": [
            -4.134664094391915,
            -4.191487563537823
        ],
        "SI-SAR": [
            11.80944876208362,
            11.703136139817438
        ],
        "SD-SDR": [
            -4.391889745927595,
            -4.392774821699323
        ],
        "SNR": [
            -2.0890315145464893,
            -2.5335155722650833
        ],
        "SRR": [
            10.354088337107381,
            12.443281161939659
        ],
        "SI-SDRi": [
            -2.1025748680231895,
            -1.6489511150005352
        ],
        "SD-SDRi": [
            -2.2493860888195223,
            -1.7392240718985827
        ],
        "SNRi": [
            0.24749103667721561,
            0.2665026009501501
        ],
        "MIX-SI-SDR": [
            -2.1412095351721896,
            -2.6528915719833353
        ],
        "MIX-SD-SDR": [
            -2.142503657108073,
            -2.6535507498007402
        ],
        "MIX-SNR": [
            -2.336522551223705,
            -2.8000181732152334
        ]
    },
    "bass+other+vocals": {
        "SI-SDR": [
            -12.596712585227827,
            -12.150127906965071
        ],
        "SI-SIR": [
            -10.87874672772034,
            -9.587359546671143
        ],
        "SI-SAR": [
            -7.738311099956647,
            -8.64082428910547
        ],
        "SD-SDR": [
            -24.935550834677215,
            -25.730021462948205
        ],
        "SNR": [
            0.23169851519136003,
            0.25276415616927694
        ],
        "SRR": [
            -24.674399268513632,
            -25.535262931292657
        ],
        "SI-SDRi": [
            -15.048345113966596,
            -15.027980012750279
        ],
        "SD-SDRi": [
            -27.3858892414801,
            -28.60721439091601
        ],
        "SNRi": [
            -2.104824036032345,
            -2.5472540170459563
        ],
        "MIX-SI-SDR": [
            2.451632528738769,
            2.877852105785207
        ],
        "MIX-SD-SDR": [
            2.4503384068028855,
            2.8771929279678035
        ],
        "MIX-SNR": [
            2.336522551223705,
            2.8000181732152334
        ]
    }
}