{
    "combination": [
        0,
        1
    ],
    "permutation": [
        0,
        1
    ],
    "drums": {
        "SI-SDR": [
            -6.718661604021018,
            -7.397824007288066
        ],
        "SI-SIR": [
            -6.674672668335679,
            -7.357642874314282
        ],
        "SI-SAR": [
            13.247722868741839,
            12.959872399908978
        ],
        "SD-SDR": [
            -6.731541742965393,
            -7.406095621994495
        ],
        "SNR": [
            -5.761773757196682,
            -6.559866718331494
        ],
        "SRR": [
            18.553534367903417,
            19.799979675023597
        ],
        "SI-SDRi": [
            -0.9391836734372774,
            -0.7668599623231342
        ],
        "SD-SDRi": [
            -0.9519463990734671,
            -0.7751141044080798
        ],
        "SNRi": [
            0.10612211226903145,
            0.10857637382280938
        ],
        "MIX-SI-SDR": [
            -5.779477930583741,
            -6.630964044964932
        ],
        "MIX-SD-SDR": [
            -5.779595343891926,
            -6.630981517586415
        ],
        "MIX-SNR": [
            -5.8678958694657135,
            -6.668443092154304
        ]
    },
    "bass+other+vocals": {
        "SI-SDR": [
            -15.695318123547231,
            -14.75529207120193
        ],
        "SI-SIR": [
            -10.651372211678517,
            -8.475889005810783
        ],
        "SI-SAR": [
            -14.064607222483374,
            -13.588855067599265
        ],
        "SD-SDR": [
            -35.329592181323115,
            -35.530676205443
        ],
        "SNR": [
            0.10074726956469653,
            0.10822329799876157
        ],
        "SRR": [
            -35.28208820769264,
            -35.49419504208717
        ],
        "SI-SDRi": [
            -21.58628280587501,
            -21.431833848874497
        ],
        "SD-SDRi": [
            -41.22043945034271,
            -42.20720051049408
        ],
        "SNRi": [
            -5.767148599901017,
            -6.560219794155541
        ],
        "MIX-SI-SDR": [
            5.890964682327775,
            6.676541777672565
        ],
        "MIX-SD-SDR": [
            5.890847269019593,
            6.676524305051083
        ],
        "MIX-SNR": [
            5.8678958694657135,
            6.668443092154303
        ]
    }
}