{
    "combination": [
        0,
        1
    ],
    "permutation": [
        0,
        1
    ],
    "drums": {
        "SI-SDR": [
            -1.1399676226130726,
            -0.8553672458257899
        ],
        "SI-SIR": [
            -1.084290037357475,
            -0.8034062885662838
        ],
        "SI-SAR": [
            17.808880625405095,
            18.39165900893725
        ],
        "SD-SDR": [
            -1.3052193881586325,
            -1.0235795465020296
        ],
        "SNR": [
            0.45434999163231826,
            0.6985791642649842
        ],
        "SRR": [
            12.973526531838433,
            13.179520743430261
        ],
        "SI-SDRi": [
            -1.5395319332863746,
            -1.5466844495742686
        ],
        "SD-SDRi": [
            -1.7047370022806254,
            -1.7148717571802878
        ],
        "SNRi": [
            0.0276737159211653,
            -0.011934494181963351
        ],
        "MIX-SI-SDR": [
            0.3995643106733019,
            0.6913172037484787
        ],
        "MIX-SD-SDR": [
            0.39951761412199294,
            0.6912922106782581
        ],
        "MIX-SNR": [
            0.42667627571115296,
            0.7105136584469476
        ]
    },
    "bass+other+vocals": {
        "SI-SDR": [
            -18.626600705705997,
            -20.379128985563554
        ],
        "SI-SIR": [
            -17.446163282152902,
            -19.28785634876297
        ],
        "SI-SAR": [
            -12.392329092633362,
            -13.846401593049372
        ],
        "SD-SDR": [
            -31.905832417384655,
            -33.6456105725212
        ],
        "SNR": [
            0.013981927098910805,
            -0.026696968759615008
        ],
        "SRR": [
            -31.696771794625835,
            -33.435920202231564
        ],
        "SI-SDRi": [
            -18.17000392655875,
            -19.645997894462017
        ],
        "SD-SDRi": [
            -31.4491889416861,
            -32.91245448834944
        ],
        "SNRi": [
            0.44065820281006385,
            0.6838166896873324
        ],
        "MIX-SI-SDR": [
            -0.4565967791472487,
            -0.7331310911015386
        ],
        "MIX-SD-SDR": [
            -0.45664347569855723,
            -0.7331560841717581
        ],
        "MIX-SNR": [
            -0.426676275711153,
            -0.7105136584469475
        ]
    }
}