{
    "combination": [
        0,
        1
    ],
    "permutation": [
        0,
        1
    ],
    "drums": {
        "SI-SDR": [
            -1.3189078722881336,
            -2.4200467722309558
        ],
        "SI-SIR": [
            -1.1797904632830198,
            -2.31156021741817
        ],
        "SI-SAR": [
            13.694493460390596,
            13.658167526466068
        ],
        "SD-SDR": [
            -1.3657937191432814,
            -2.4669557443951153
        ],
        "SNR": [
            -0.3716027680139746,
            -1.3464538819796719
        ],
        "SRR": [
            18.32505358006278,
            17.22176157233568
        ],
        "SI-SDRi": [
            -0.9719780143061412,
            -1.0271277644342232
        ],
        "SD-SDRi": [
            -1.0186938664288339,
            -1.0739905870855067
        ],
        "SNRi": [
            0.03223957816812867,
            0.07981441114124888
        ],
        "MIX-SI-SDR": [
            -0.3469298579819924,
            -1.3929190077967326
        ],
        "MIX-SD-SDR": [
            -0.34709985271444743,
            -1.3929651573096087
        ],
        "MIX-SNR": [
            -0.4038423461821033,
            -1.4262682931209207
        ]
    },
    "bass+other+vocals": {
        "SI-SDR": [
            -18.688286743222164,
            -17.238840829651014
        ],
        "SI-SIR": [
            -13.330609747034803,
            -12.550912422440103
        ],
        "SI-SAR": [
            -17.193355667046145,
            -15.435679485933706
        ],
        "SD-SDR": [
            -32.77230171573611,
            -32.14654978626513
        ],
        "SNR": [
            0.028299829674667886,
            0.07278632210191166
        ],
        "SRR": [
            -32.59931878433532,
            -32.003948323912766
        ],
        "SI-SDRi": [
            -19.144018058090897,
            -18.689148637867433
        ],
        "SD-SDRi": [
            -33.227863035872396,
            -33.59681144496867
        ],
        "SNRi": [
            -0.3755425165074358,
            -1.353481971019009
        ],
        "MIX-SI-SDR": [
            0.4557313148687337,
            1.450307808216417
        ],
        "MIX-SD-SDR": [
            0.45556132013628553,
            1.4502616587035417
        ],
        "MIX-SNR": [
            0.4038423461821037,
            1.4262682931209205
        ]
    }
}