{
    "combination": [
        0,
        1
    ],
    "permutation": [
        0,
        1
    ],
    "drums": {
        "SI-SDR": [
            -7.806417929905491,
            -7.958977226268394
        ],
        "SI-SIR": [
            -7.754998839413835,
            -7.90968715101243
        ],
        "SI-SAR": [
            11.485865457193473,
            11.51589280308367
        ],
        "SD-SDR": [
            -7.870185213320118,
            -8.023261386509137
        ],
        "SNR": [
            -5.59960077147098,
            -5.709096842514424
        ],
        "SRR": [
            10.493523371662283,
            10.305644409649137
        ],
        "SI-SDRi": [
            -1.6886601776138752,
            -1.7327616888753061
        ],
        "SD-SDRi": [
            -1.7507263117231089,
            -1.7951456436441564
        ],
        "SNRi": [
            0.1789224040841182,
            0.1546513562755374
        ],
        "MIX-SI-SDR": [
            -6.117757752291616,
            -6.226215537393088
        ],
        "MIX-SD-SDR": [
            -6.119458901597009,
            -6.228115742864981
        ],
        "MIX-SNR": [
            -5.778523175555098,
            -5.863748198789962
        ]
    },
    "bass+other+vocals": {
        "SI-SDR": [
            -13.649647789421895,
            -14.25774618781654
        ],
        "SI-SIR": [
            -10.612367520837502,
            -11.292600726677907
        ],
        "SI-SAR": [
            -10.666161565317843,
            -11.20181731811105
        ],
        "SD-SDR": [
            -30.6051544735678,
            -31.346176142984287
        ],
        "SNR": [
            0.16658778239269656,
            0.14863228011582968
        ],
        "SRR": [
            -30.516714596007265,
            -31.260428609139723
        ],
        "SI-SDRi": [
            -19.34104542901041,
            -20.030410199974078
        ],
        "SD-SDRi": [
            -36.29485096385093,
            -37.116939949669934
        ],
        "SNRi": [
            -5.611935393162403,
            -5.715115918674132
        ],
        "MIX-SI-SDR": [
            5.691397639588516,
            5.77266401215754
        ],
        "MIX-SD-SDR": [
            5.689696490283127,
            5.770763806685646
        ],
        "MIX-SNR": [
            5.778523175555099,
            5.863748198789962
        ]
    }
}