{
    "combination": [
        0,
        1
    ],
    "permutation": [
        0,
        1
    ],
    "drums": {
        "SI-SDR": [
            -5.637048784447458,
            -6.0264161143742125
        ],
        "SI-SIR": [
            -5.508479843964222,
            -5.907047623536153
        ],
        "SI-SAR": [
            9.713559560028592,
            9.642077508409262
        ],
        "SD-SDR": [
            -5.7291209854854195,
            -6.128230083681341
        ],
        "SNR": [
            -3.584167284615309,
            -3.794511482249321
        ],
        "SRR": [
            11.053391643030873,
            10.222346869852823
        ],
        "SI-SDRi": [
            -1.9243081068629246,
            -2.0188575531026896
        ],
        "SD-SDRi": [
            -2.016379785785142,
            -2.1205311372343605
        ],
        "SNRi": [
            0.13319302253271736,
            0.1352020971260921
        ],
        "MIX-SI-SDR": [
            -3.7127406775845335,
            -4.007558561271523
        ],
        "MIX-SD-SDR": [
            -3.7127411997002775,
            -4.007698946446981
        ],
        "MIX-SNR": [
            -3.7173603071480263,
            -3.929713579375413
        ]
    },
    "bass+other+vocals": {
        "SI-SDR": [
            -15.170775527942382,
            -15.238291268168325
        ],
        "SI-SIR": [
            -11.78116177408053,
            -12.136467393266068
        ],
        "SI-SAR": [
            -12.509304734211854,
            -12.317626181639232
        ],
        "SD-SDR": [
            -28.624979070923377,
            -28.89553231996097
        ],
        "SNR": [
            0.12260271779642687,
            0.12190282169526409
        ],
        "SRR": [
            -28.424367525524964,
            -28.704288545838764
        ],
        "SI-SDRi": [
            -18.890099213227202,
            -19.136676440886326
        ],
        "SD-SDRi": [
            -32.34430223409245,
            -32.793777107503516
        ],
        "SNRi": [
            -3.5947575893515995,
            -3.807810757680149
        ],
        "MIX-SI-SDR": [
            3.7193236852848193,
            3.8983851727180014
        ],
        "MIX-SD-SDR": [
            3.719323163169076,
            3.8982447875425437
        ],
        "MIX-SNR": [
            3.7173603071480263,
            3.9297135793754134
        ]
    }
}