{
    "combination": [
        0,
        1
    ],
    "permutation": [
        0,
        1
    ],
    "drums": {
        "SI-SDR": [
            -6.053077104554312,
            -7.0332208679152615
        ],
        "SI-SIR": [
            -5.868027843780137,
            -6.929641914290595
        ],
        "SI-SAR": [
            7.744088565329108,
            9.2435935973547
        ],
        "SD-SDR": [
            -6.188994010754339,
            -7.120337858345848
        ],
        "SNR": [
            -3.531408795381416,
            -4.7095771695866215
        ],
        "SRR": [
            8.923895517286375,
            9.899962299501727
        ],
        "SI-SDRi": [
            -2.3494185772190312,
            -1.3102677123634416
        ],
        "SD-SDRi": [
            -2.485002612674561,
            -1.3855726428581745
        ],
        "SNRi": [
            0.056876742451151596,
            0.19055587029601906
        ],
        "MIX-SI-SDR": [
            -3.7036585273352807,
            -5.72295315555182
        ],
        "MIX-SD-SDR": [
            -3.703991398079778,
            -5.734765215487673
        ],
        "MIX-SNR": [
            -3.5882855378325678,
            -4.900133039882641
        ]
    },
    "bass+other+vocals": {
        "SI-SDR": [
            -16.37317321942543,
            -13.328403575458365
        ],
        "SI-SIR": [
            -12.562829293564054,
            -7.625805637700298
        ],
        "SI-SAR": [
            -14.038211270708505,
            -11.967621774374644
        ],
        "SD-SDR": [
            -28.323393585300177,
            -28.944128172746566
        ],
        "SNR": [
            0.051252283086807536,
            0.18811259097444288
        ],
        "SRR": [
            -28.03697274637283,
            -28.823279954671097
        ],
        "SI-SDRi": [
            -19.911337336376107,
            -17.978951050093393
        ],
        "SD-SDRi": [
            -31.86122483150636,
            -33.582863587445736
        ],
        "SNRi": [
            -3.5370332547457597,
            -4.7120204489081985
        ],
        "MIX-SI-SDR": [
            3.53816411695068,
            4.650547474635026
        ],
        "MIX-SD-SDR": [
            3.5378312462061827,
            4.6387354146991715
        ],
        "MIX-SNR": [
            3.5882855378325673,
            4.9001330398826415
        ]
    }
}