{
    "combination": [
        0,
        1
    ],
    "permutation": [
        0,
        1
    ],
    "drums": {
        "SI-SDR": [
            -4.746224187270301,
            -4.512263753782389
        ],
        "SI-SIR": [
            -4.6553219889454684,
            -4.418054867752196
        ],
        "SI-SAR": [
            12.091246886383548,
            12.171679966649666
        ],
        "SD-SDR": [
            -4.816641543416091,
            -4.585337384427441
        ],
        "SNR": [
            -3.083669180081996,
            -2.8653111952156514
        ],
        "SRR": [
            13.119565521993607,
            13.191384456909375
        ],
        "SI-SDRi": [
            -1.2281052858632973,
            -1.336167206156178
        ],
        "SD-SDRi": [
            -1.2978735719820862,
            -1.4092164881894096
        ],
        "SNRi": [
            0.2773232275170616,
            0.28121427508827646
        ],
        "MIX-SI-SDR": [
            -3.518118901407004,
            -3.1760965476262113
        ],
        "MIX-SD-SDR": [
            -3.518767971434005,
            -3.1761208962380314
        ],
        "MIX-SNR": [
            -3.3609924075990576,
            -3.146525470303928
        ]
    },
    "bass+other+vocals": {
        "SI-SDR": [
            -11.258922742462545,
            -11.325390597947095
        ],
        "SI-SIR": [
            -7.910078365562711,
            -8.274589481976419
        ],
        "SI-SAR": [
            -8.56267451325732,
            -8.355217584647312
        ],
        "SD-SDR": [
            -26.767772535455197,
            -26.32795441252315
        ],
        "SNR": [
            0.2711965574441261,
            0.27639402376579114
        ],
        "SRR": [
            -26.64387013411215,
            -26.188483770661215
        ],
        "SI-SDRi": [
            -14.5481521227659,
            -14.457612253419644
        ],
        "SD-SDRi": [
            -30.05635284573155,
            -29.46015171938388
        ],
        "SNRi": [
            -3.0897958501549305,
            -2.870131446538138
        ],
        "MIX-SI-SDR": [
            3.2892293803033557,
            3.132221655472549
        ],
        "MIX-SD-SDR": [
            3.288580310276351,
            3.132197306860728
        ],
        "MIX-SNR": [
            3.3609924075990567,
            3.1465254703039287
        ]
    }
}