{
    "combination": [
        0,
        1
    ],
    "permutation": [
        0,
        1
    ],
    "drums": {
        "SI-SDR": [
            -4.472670957235404,
            -6.185015444970717
        ],
        "SI-SIR": [
            -4.426424433843729,
            -6.145953513357752
        ],
        "SI-SAR": [
            15.277483998490627,
            14.294806841341428
        ],
        "SD-SDR": [
            -4.477618473957536,
            -6.185218913674828
        ],
        "SNR": [
            -4.000217451505059,
            -6.0648775820015945
        ],
        "SRR": [
            24.95882545501892,
            37.10774974250941
        ],
        "SI-SDRi": [
            -0.4696772037166781,
            -0.12882700426109306
        ],
        "SD-SDRi": [
            -0.47141606850396833,
            -0.12655027445554623
        ],
        "SNRi": [
            0.38867348949683667,
            0.4210331904824294
        ],
        "MIX-SI-SDR": [
            -4.002993753518726,
            -6.056188440709624
        ],
        "MIX-SD-SDR": [
            -4.006202405453568,
            -6.058668639219282
        ],
        "MIX-SNR": [
            -4.388890941001896,
            -6.485910772484024
        ]
    },
    "bass+other+vocals": {
        "SI-SDR": [
            -6.8047649854919054,
            -4.5968391958650825
        ],
        "SI-SIR": [
            -1.6590339594981356,
            4.662622222038136
        ],
        "SI-SAR": [
            -5.219657699865936,
            -4.048611141468738
        ],
        "SD-SDR": [
            -26.098147148785127,
            -25.745888636602466
        ],
        "SNR": [
            0.3711369376428225,
            0.40524954276519853
        ],
        "SRR": [
            -26.046741143097414,
            -25.71242667542313
        ],
        "SI-SDRi": [
            -11.338125613830293,
            -11.1830350224119
        ],
        "SD-SDRi": [
            -30.628299125188672,
            -32.32960426463962
        ],
        "SNRi": [
            -4.017754003359073,
            -6.080661229718824
        ],
        "MIX-SI-SDR": [
            4.5333606283383885,
            6.586195826546819
        ],
        "MIX-SD-SDR": [
            4.530151976403544,
            6.583715628037157
        ],
        "MIX-SNR": [
            4.388890941001896,
            6.485910772484022
        ]
    }
}