{
    "combination": [
        0,
        1
    ],
    "permutation": [
        0,
        1
    ],
    "drums": {
        "SI-SDR": [
            -11.41862291370616,
            -11.55132728137859
        ],
        "SI-SIR": [
            -11.37299297343829,
            -11.516028021020384
        ],
        "SI-SAR": [
            8.38951619106901,
            9.36649745206304
        ],
        "SD-SDR": [
            -11.437222131852002,
            -11.570136119746758
        ],
        "SNR": [
            -9.541357162307639,
            -9.638383954094955
        ],
        "SRR": [
            12.254970389410387,
            12.07348827433248
        ],
        "SI-SDRi": [
            -0.8237611711264332,
            -1.2631146878826147
        ],
        "SD-SDRi": [
            -0.8395161085709866,
            -1.2807597002201536
        ],
        "SNRi": [
            0.334332342123556,
            0.19816166529695423
        ],
        "MIX-SI-SDR": [
            -10.594861742579727,
            -10.288212593495976
        ],
        "MIX-SD-SDR": [
            -10.597706023281015,
            -10.289376419526604
        ],
        "MIX-SNR": [
            -9.875689504431195,
            -9.83654561939191
        ]
    },
    "bass+other+vocals": {
        "SI-SDR": [
            -6.8431385159933225,
            -10.180601149049178
        ],
        "SI-SIR": [
            0.9791314457252416,
            -5.094692906285216
        ],
        "SI-SAR": [
            -6.059431847461938,
            -8.568878715089514
        ],
        "SD-SDR": [
            -27.40925276853327,
            -31.52749402951423
        ],
        "SNR": [
            0.3257370408360383,
            0.19623618513274615
        ],
        "SRR": [
            -27.370962714241006,
            -31.49552773047877
        ],
        "SI-SDRi": [
            -16.650084128718824,
            -19.972374114334286
        ],
        "SD-SDRi": [
            -37.21335410055748,
            -41.31810316876871
        ],
        "SNRi": [
            -9.549952463595156,
            -9.640309434259164
        ],
        "MIX-SI-SDR": [
            9.806945612725501,
            9.791772965285107
        ],
        "MIX-SD-SDR": [
            9.80410133202421,
            9.790609139254478
        ],
        "MIX-SNR": [
            9.875689504431195,
            9.83654561939191
        ]
    }
}