{
    "combination": [
        0,
        1
    ],
    "permutation": [
        0,
        1
    ],
    "drums": {
        "SI-SDR": [
            -2.3702588087354686,
            -1.7034580305489904
        ],
        "SI-SIR": [
            -2.2741056462636653,
            -1.6068200560131716
        ],
        "SI-SAR": [
            14.225936456965982,
            14.87113628308316
        ],
        "SD-SDR": [
            -2.5145976552713747,
            -1.8671890590464568
        ],
        "SNR": [
            -0.6356097608628187,
            -0.009407514980383041
        ],
        "SRR": [
            12.341382698412195,
            12.450952474856118
        ],
        "SI-SDRi": [
            -1.6826695197613757,
            -1.6836584674628725
        ],
        "SD-SDRi": [
            -1.8270083515416577,
            -1.8473878979010192
        ],
        "SNRi": [
            0.0514315603565888,
            0.005114342683891861
        ],
        "MIX-SI-SDR": [
            -0.6875892889740929,
            -0.019799563086117907
        ],
        "MIX-SD-SDR": [
            -0.6875893037297168,
            -0.019801161145437656
        ],
        "MIX-SNR": [
            -0.6870413212194075,
            -0.014521857664274902
        ]
    },
    "bass+other+vocals": {
        "SI-SDR": [
            -17.25661262637191,
            -18.74570933438529
        ],
        "SI-SIR": [
            -15.248663577242553,
            -16.92314952859502
        ],
        "SI-SAR": [
            -12.940935280550654,
            -14.095226529344533
        ],
        "SD-SDR": [
            -30.137781652165923,
            -31.315097214574227
        ],
        "SNR": [
            0.04358171339584851,
            -0.007694797123858047
        ],
        "SRR": [
            -29.908113806928544,
            -31.067839555648824
        ],
        "SI-SDRi": [
            -17.94318616197704,
            -18.75497111532218
        ],
        "SD-SDRi": [
            -30.82435517301543,
            -31.324357397451802
        ],
        "SNRi": [
            -0.6434596078235593,
            -0.02221665478813279
        ],
        "MIX-SI-SDR": [
            0.6865735356051271,
            0.009261780936891978
        ],
        "MIX-SD-SDR": [
            0.6865735208495052,
            0.009260182877573853
        ],
        "MIX-SNR": [
            0.6870413212194078,
            0.014521857664274742
        ]
    }
}