{
    "combination": [
        0,
        1
    ],
    "permutation": [
        0,
        1
    ],
    "drums": {
        "SI-SDR": [
            -2.20563107027192,
            0.9025461500901278
        ],
        "SI-SIR": [
            -2.129799225543016,
            0.9976300391662389
        ],
        "SI-SAR": [
            15.411556584525643,
            17.54677510094195
        ],
        "SD-SDR": [
            -2.226950261788786,
            0.8560442203237527
        ],
        "SNR": [
            -1.475002014304757,
            1.6325362624009898
        ],
        "SRR": [
            20.873840776277266,
            20.58240779275849
        ],
        "SI-SDRi": [
            -0.5756493134587259,
            -0.6216070010100504
        ],
        "SD-SDRi": [
            -0.5966383796681465,
            -0.6667158846599067
        ],
        "SNRi": [
            0.24715645914377782,
            0.24130351722847143
        ],
        "MIX-SI-SDR": [
            -1.6299817568131942,
            1.5241531511001782
        ],
        "MIX-SD-SDR": [
            -1.6303118821206397,
            1.5227601049836594
        ],
        "MIX-SNR": [
            -1.722158473448535,
            1.3912327451725184
        ]
    },
    "bass+other+vocals": {
        "SI-SDR": [
            -11.263406625727669,
            -12.066710834557156
        ],
        "SI-SIR": [
            -5.953440383805139,
            -8.631338311988515
        ],
        "SI-SAR": [
            -9.748718737055372,
            -9.443562781302516
        ],
        "SD-SDR": [
            -28.390965763338972,
            -27.221480465055834
        ],
        "SNR": [
            0.2425957755785514,
            0.2412792448881163
        ],
        "SRR": [
            -28.305994903387894,
            -27.086888363704734
        ],
        "SI-SDRi": [
            -13.047781920572428,
            -10.857549817292925
        ],
        "SD-SDRi": [
            -30.175010932876287,
            -26.010926401675086
        ],
        "SNRi": [
            -1.4795626978699832,
            1.6325119900606353
        ],
        "MIX-SI-SDR": [
            1.7843752948447598,
            -1.2091610172642309
        ],
        "MIX-SD-SDR": [
            1.7840451695373143,
            -1.2105540633807483
        ],
        "MIX-SNR": [
            1.7221584734485345,
            -1.391232745172519
        ]
    }
}