{
    "combination": [
        0,
        1
    ],
    "permutation": [
        0,
        1
    ],
    "drums": {
        "SI-SDR": [
            -5.503001767329801,
            -5.642338964407612
        ],
        "SI-SIR": [
            -5.405827516917129,
            -5.5368361516260585
        ],
        "SI-SAR": [
            11.047825883347663,
            10.555508381090062
        ],
        "SD-SDR": [
            -5.542790796721434,
            -5.690032527955632
        ],
        "SNR": [
            -4.099457849893269,
            -4.097658610937627
        ],
        "SRR": [
            14.857298190392642,
            13.927037812543816
        ],
        "SI-SDRi": [
            -0.9591357613089588,
            -1.544175783391581
        ],
        "SD-SDRi": [
            -0.9981517278075778,
            -1.5914421845596296
        ],
        "SNRi": [
            0.2518068700180427,
            0.14012320460264505
        ],
        "MIX-SI-SDR": [
            -4.543866006020842,
            -4.098163181016031
        ],
        "MIX-SD-SDR": [
            -4.544639068913856,
            -4.098590343396002
        ],
        "MIX-SNR": [
            -4.3512647199113115,
            -4.237781815540272
        ]
    },
    "bass+other+vocals": {
        "SI-SDR": [
            -11.927433814635538,
            -15.240713536859653
        ],
        "SI-SIR": [
            -6.07264511475318,
            -11.133980952664507
        ],
        "SI-SAR": [
            -10.621338768645971,
            -13.105086496659567
        ],
        "SD-SDR": [
            -27.918927964217875,
            -30.08063635985248
        ],
        "SNR": [
            0.23580393948022454,
            0.12751235553132623
        ],
        "SRR": [
            -27.80822524861129,
            -29.93575383136293
        ],
        "SI-SDRi": [
            -16.208968468927864,
            -19.53164551774141
        ],
        "SD-SDRi": [
            -32.199689555617184,
            -34.37114117835427
        ],
        "SNRi": [
            -4.1154607804310865,
            -4.110269460008945
        ],
        "MIX-SI-SDR": [
            4.281534654292327,
            4.290931980881755
        ],
        "MIX-SD-SDR": [
            4.280761591399312,
            4.290504818501789
        ],
        "MIX-SNR": [
            4.3512647199113115,
            4.237781815540272
        ]
    }
}