{
    "combination": [
        0,
        1
    ],
    "permutation": [
        0,
        1
    ],
    "drums": {
        "SI-SDR": [
            -5.188224766494449,
            -5.574062160652362
        ],
        "SI-SIR": [
            -5.137733478238129,
            -5.536268969787681
        ],
        "SI-SAR": [
            14.182675015647098,
            15.048528236477484
        ],
        "SD-SDR": [
            -5.219931049102193,
            -5.583099687256237
        ],
        "SNR": [
            -3.9641161779651086,
            -4.860838325521245
        ],
        "SRR": [
            16.162302297330687,
            21.238765518011206
        ],
        "SI-SDRi": [
            -0.9663253270488061,
            -0.650447053016185
        ],
        "SD-SDRi": [
            -0.997811773811212,
            -0.6591129751357014
        ],
        "SNRi": [
            0.1581016127251611,
            0.2059449293202631
        ],
        "MIX-SI-SDR": [
            -4.221899439445643,
            -4.923615107636177
        ],
        "MIX-SD-SDR": [
            -4.222119275290981,
            -4.923986712120535
        ],
        "MIX-SNR": [
            -4.12221779069027,
            -5.066783254841508
        ]
    },
    "bass+other+vocals": {
        "SI-SDR": [
            -13.815252373812166,
            -11.128740029182316
        ],
        "SI-SIR": [
            -9.409133520376114,
            -5.6242031625927495
        ],
        "SI-SAR": [
            -11.859598707062187,
            -9.692741645117685
        ],
        "SD-SDR": [
            -31.764254534804326,
            -31.104764257906922
        ],
        "SNR": [
            0.15290314807832497,
            0.19586153315817
        ],
        "SRR": [
            -31.694046019062128,
            -31.060873347861474
        ],
        "SI-SDRi": [
            -17.899158319387137,
            -16.240614261700532
        ],
        "SD-SDRi": [
            -35.847940644533956,
            -36.21626688594078
        ],
        "SNRi": [
            -3.9693146426119448,
            -4.870921721683337
        ],
        "MIX-SI-SDR": [
            4.083905945574971,
            5.1118742325182165
        ],
        "MIX-SD-SDR": [
            4.083686109729632,
            5.1115026280338585
        ],
        "MIX-SNR": [
            4.12221779069027,
            5.066783254841507
        ]
    }
}