{
    "combination": [
        0,
        1
    ],
    "permutation": [
        0,
        1
    ],
    "drums": {
        "SI-SDR": [
            -5.162428314222572,
            -5.907993697204008
        ],
        "SI-SIR": [
            -5.016803112183707,
            -5.786610536920627
        ],
        "SI-SAR": [
            9.65565853335653,
            9.688815234380945
        ],
        "SD-SDR": [
            -5.221989415774792,
            -5.966500564913719
        ],
        "SNR": [
            -3.5453993104996515,
            -4.168968838409883
        ],
        "SRR": [
            13.435973000640741,
            12.768494662370474
        ],
        "SI-SDRi": [
            -1.5148726491906754,
            -1.4827351693688406
        ],
        "SD-SDRi": [
            -1.5744116651639888,
            -1.5411407869947924
        ],
        "SNRi": [
            0.13203922274448665,
            0.18686513865623056
        ],
        "MIX-SI-SDR": [
            -3.6475556650318963,
            -4.425258527835167
        ],
        "MIX-SD-SDR": [
            -3.6475777506108034,
            -4.425359777918927
        ],
        "MIX-SNR": [
            -3.677438533244138,
            -4.355833977066114
        ]
    },
    "bass+other+vocals": {
        "SI-SDR": [
            -14.95996821797132,
            -13.843219559504838
        ],
        "SI-SIR": [
            -9.94254437130531,
            -9.01913821130022
        ],
        "SI-SAR": [
            -13.317117350853406,
            -12.10850196270247
        ],
        "SD-SDR": [
            -28.67609082225629,
            -28.305513193658516
        ],
        "SNR": [
            0.1323053532534909,
            0.17520770889354875
        ],
        "SRR": [
            -28.48747917707309,
            -28.14722618908832
        ],
        "SI-SDRi": [
            -18.650245754738293,
            -18.173718050807288
        ],
        "SD-SDRi": [
            -32.36634627344436,
            -32.63591043487721
        ],
        "SNRi": [
            -3.545133179990647,
            -4.180626268172563
        ],
        "MIX-SI-SDR": [
            3.690277536766976,
            4.330498491302451
        ],
        "MIX-SD-SDR": [
            3.6902554511880683,
            4.330397241218693
        ],
        "MIX-SNR": [
            3.677438533244138,
            4.355833977066112
        ]
    }
}