{
    "combination": [
        0,
        1
    ],
    "permutation": [
        0,
        1
    ],
    "drums": {
        "SI-SDR": [
            -4.31713147044997,
            -3.7269742981895497
        ],
        "SI-SIR": [
            -4.242851031750499,
            -3.6573927596379012
        ],
        "SI-SAR": [
            13.389054325613044,
            14.260672859295255
        ],
        "SD-SDR": [
            -4.360919567249665,
            -3.7762991702791098
        ],
        "SNR": [
            -3.0308441811706865,
            -2.4561684163155304
        ],
        "SRR": [
            15.625238503641208,
            15.695523359858178
        ],
        "SI-SDRi": [
            -1.1588583872778186,
            -1.0361953821396912
        ],
        "SD-SDRi": [
            -1.201419028881893,
            -1.085408092045662
        ],
        "SNRi": [
            0.3413109838518218,
            0.29510303105411007
        ],
        "MIX-SI-SDR": [
            -3.1582730831721517,
            -2.6907789160498585
        ],
        "MIX-SD-SDR": [
            -3.159500538367772,
            -2.690891078233448
        ],
        "MIX-SNR": [
            -3.3721551650225083,
            -2.7512714473696405
        ]
    },
    "bass+other+vocals": {
        "SI-SDR": [
            -10.045561682429332,
            -10.860726922873937
        ],
        "SI-SIR": [
            -6.779203954616105,
            -7.520455433473144
        ],
        "SI-SAR": [
            -7.277059335223013,
            -8.157088332033712
        ],
        "SD-SDR": [
            -25.507888075988323,
            -26.679589917270196
        ],
        "SNR": [
            0.3299955831206727,
            0.28339929913823525
        ],
        "SRR": [
            -25.382631818130083,
            -26.564338079299397
        ],
        "SI-SDRi": [
            -13.517418477728699,
            -13.644208409440061
        ],
        "SD-SDRi": [
            -28.978517416092068,
            -29.46295924165273
        ],
        "SNRi": [
            -3.042159581901836,
            -2.4678721482314057
        ],
        "MIX-SI-SDR": [
            3.471856795299366,
            2.783481486566124
        ],
        "MIX-SD-SDR": [
            3.470629340103744,
            2.7833693243825346
        ],
        "MIX-SNR": [
            3.3721551650225083,
            2.751271447369641
        ]
    }
}