{
    "combination": [
        0,
        1
    ],
    "permutation": [
        0,
        1
    ],
    "drums": {
        "SI-SDR": [
            -8.667364378060928,
            -8.135154648965807
        ],
        "SI-SIR": [
            -8.6593108736621,
            -8.123245791871394
        ],
        "SI-SAR": [
            18.654655862703247,
            17.48994069415502
        ],
        "SD-SDR": [
            -8.667617175560583,
            -8.137385325380343
        ],
        "SNR": [
            -8.48969607471241,
            -7.649082561130168
        ],
        "SRR": [
            33.682624594041805,
            24.757207324034557
        ],
        "SI-SDRi": [
            -0.5437626773887878,
            -0.6626780478498997
        ],
        "SD-SDRi": [
            -0.5422807378093069,
            -0.6640888378180465
        ],
        "SNRi": [
            0.0896480338796497,
            0.1110236328995331
        ],
        "MIX-SI-SDR": [
            -8.12360170067214,
            -7.472476601115908
        ],
        "MIX-SD-SDR": [
            -8.125336437751276,
            -7.473296487562297
        ],
        "MIX-SNR": [
            -8.57934410859206,
            -7.760106194029701
        ]
    },
    "bass+other+vocals": {
        "SI-SDR": [
            -11.909287789979114,
            -11.917079352094236
        ],
        "SI-SIR": [
            -8.190035772965697,
            -8.555216299352693
        ],
        "SI-SAR": [
            -9.508286620760222,
            -9.23200226946968
        ],
        "SD-SDR": [
            -39.76705123417186,
            -37.704942180767624
        ],
        "SNR": [
            0.0817190972225746,
            0.10107423268768513
        ],
        "SRR": [
            -39.75993313846482,
            -37.69347196961612
        ],
        "SI-SDRi": [
            -20.554771296585407,
            -19.72670835884838
        ],
        "SD-SDRi": [
            -48.41080000369902,
            -45.513751301075374
        ],
        "SNRi": [
            -8.497625011369486,
            -7.659031961342016
        ],
        "MIX-SI-SDR": [
            8.645483506606295,
            7.809629006754145
        ],
        "MIX-SD-SDR": [
            8.643748769527166,
            7.808809120307752
        ],
        "MIX-SNR": [
            8.57934410859206,
            7.760106194029701
        ]
    }
}