{
    "combination": [
        0,
        1
    ],
    "permutation": [
        0,
        1
    ],
    "drums": {
        "SI-SDR": [
            -2.6574940714532853,
            -1.5107392815625011
        ],
        "SI-SIR": [
            -2.578955046787341,
            -1.4147848448984326
        ],
        "SI-SAR": [
            14.808704336999686,
            15.094342113826112
        ],
        "SD-SDR": [
            -2.7680103142102754,
            -1.6991475917244132
        ],
        "SNR": [
            -1.055036357523564,
            0.2429844746638517
        ],
        "SRR": [
            13.230712622965736,
            12.021558569237547
        ],
        "SI-SDRi": [
            -1.5637281496315074,
            -1.8457183810846358
        ],
        "SD-SDRi": [
            -1.674125233495892,
            -2.033689775713393
        ],
        "SNRi": [
            0.0906058239316434,
            -0.007323790104181882
        ],
        "MIX-SI-SDR": [
            -1.093765921821778,
            0.3349790995221347
        ],
        "MIX-SD-SDR": [
            -1.0938850807143834,
            0.3345421839889799
        ],
        "MIX-SNR": [
            -1.1456421814552074,
            0.2503082647680336
        ]
    },
    "bass+other+vocals": {
        "SI-SDR": [
            -16.54621664519585,
            -18.17601963994684
        ],
        "SI-SIR": [
            -14.503822790003287,
            -16.642964569440785
        ],
        "SI-SAR": [
            -12.288518640972237,
            -12.90975180178615
        ],
        "SD-SDR": [
            -30.326973167666864,
            -30.034544547063604
        ],
        "SNR": [
            0.08035889907654722,
            -0.01429494995505954
        ],
        "SRR": [
            -30.141208207125665,
            -29.7418013834932
        ],
        "SI-SDRi": [
            -17.731761699167823,
            -18.015354139394816
        ],
        "SD-SDRi": [
            -31.512399062746233,
            -29.873442130978425
        ],
        "SNRi": [
            -1.0652832823786602,
            0.23601331481297394
        ],
        "MIX-SI-SDR": [
            1.185545053971972,
            -0.16066550055202483
        ],
        "MIX-SD-SDR": [
            1.185425895079369,
            -0.16110241608517822
        ],
        "MIX-SNR": [
            1.1456421814552074,
            -0.2503082647680335
        ]
    }
}