{
    "combination": [
        0,
        1
    ],
    "permutation": [
        0,
        1
    ],
    "drums": {
        "SI-SDR": [
            -9.624718676354584,
            -8.130936800252764
        ],
        "SI-SIR": [
            -9.602060535347956,
            -8.096041842453861
        ],
        "SI-SAR": [
            13.212205829824992,
            12.836715334949444
        ],
        "SD-SDR": [
            -9.6457903364376,
            -8.177444891204802
        ],
        "SNR": [
            -7.981381563819285,
            -6.138411300138329
        ],
        "SRR": [
            13.505596828054024,
            11.548346384140393
        ],
        "SI-SDRi": [
            -1.5859557038731253,
            -2.1137750507333317
        ],
        "SD-SDRi": [
            -1.607017875683443,
            -2.1597830472532866
        ],
        "SNRi": [
            0.08984467096492388,
            0.06762394308194253
        ],
        "MIX-SI-SDR": [
            -8.038762972481459,
            -6.017161749519432
        ],
        "MIX-SD-SDR": [
            -8.038772460754156,
            -6.017661843951515
        ],
        "MIX-SNR": [
            -8.07122623478421,
            -6.2060352432202714
        ]
    },
    "bass+other+vocals": {
        "SI-SDR": [
            -16.23227288464566,
            -18.339849163121453
        ],
        "SI-SIR": [
            -13.831708775639864,
            -16.588182303621018
        ],
        "SI-SAR": [
            -12.512428736606543,
            -13.55008589352368
        ],
        "SD-SDR": [
            -36.906183847691686,
            -35.51206495923358
        ],
        "SNR": [
            0.08632628832272501,
            0.061709547697167653
        ],
        "SRR": [
            -36.86883654496629,
            -35.427971812400905
        ],
        "SI-SDRi": [
            -24.308576501181072,
            -24.591882881498183
        ],
        "SD-SDRi": [
            -44.982477975954396,
            -41.76359858317822
        ],
        "SNRi": [
            -7.984899946461484,
            -6.144325695523104
        ],
        "MIX-SI-SDR": [
            8.07630361653541,
            6.2520337183767305
        ],
        "MIX-SD-SDR": [
            8.076294128262711,
            6.251533623944649
        ],
        "MIX-SNR": [
            8.07122623478421,
            6.206035243220272
        ]
    }
}