{
    "combination": [
        0,
        1
    ],
    "permutation": [
        0,
        1
    ],
    "drums": {
        "SI-SDR": [
            2.8587300409634278,
            2.182364304437719
        ],
        "SI-SIR": [
            3.042885875195541,
            2.4565252771125294
        ],
        "SI-SAR": [
            16.676470884813504,
            14.316510471907748
        ],
        "SD-SDR": [
            -3.286747103246416,
            1.887291152388911
        ],
        "SNR": [
            3.8349593567961016,
            3.515966257671719
        ],
        "SRR": [
            -2.078200090149969,
            13.71253857293468
        ],
        "SI-SDRi": [
            -1.9924798164771538,
            -2.53070443797871
        ],
        "SD-SDRi": [
            -8.133022485139726,
            -2.8212566249014306
        ],
        "SNRi": [
            -0.8421442278515707,
            -1.0281054421947964
        ],
        "MIX-SI-SDR": [
            4.8512098574405815,
            4.713068742416429
        ],
        "MIX-SD-SDR": [
            4.846275381893309,
            4.708547777290342
        ],
        "MIX-SNR": [
            4.677103584647672,
            4.544071699866516
        ]
    },
    "bass+other+vocals": {
        "SI-SDR": [
            -14.029717968437874,
            -14.355174627880345
        ],
        "SI-SIR": [
            -11.94503560125839,
            -12.376941370816919
        ],
        "SI-SAR": [
            -9.84154785844442,
            -9.98847080287515
        ],
        "SD-SDR": [
            -30.926627343131063,
            -22.219163041419062
        ],
        "SNR": [
            0.15627144887589042,
            -0.06941444227423715
        ],
        "SRR": [
            -30.836973616065375,
            -21.443659461107963
        ],
        "SI-SDRi": [
            -9.845109293344125,
            -10.275953838362408
        ],
        "SD-SDRi": [
            -26.73708419249004,
            -18.13542128677504
        ],
        "SNRi": [
            4.833375033523564,
            4.474657257592279
        ],
        "MIX-SI-SDR": [
            -4.184608675093749,
            -4.079220789517936
        ],
        "MIX-SD-SDR": [
            -4.189543150641021,
            -4.083741754644024
        ],
        "MIX-SNR": [
            -4.677103584647673,
            -4.544071699866516
        ]
    }
}