{
    "combination": [
        0,
        1
    ],
    "permutation": [
        0,
        1
    ],
    "drums": {
        "SI-SDR": [
            5.912467980233577,
            5.507701252035696
        ],
        "SI-SIR": [
            6.428462537358727,
            5.967491701582064
        ],
        "SI-SAR": [
            15.419303032468202,
            15.487812054315796
        ],
        "SD-SDR": [
            5.501902716720799,
            5.128650942575491
        ],
        "SNR": [
            6.786657224594399,
            6.419180791914837
        ],
        "SRR": [
            15.949589338289067,
            15.907672269765671
        ],
        "SI-SDRi": [
            -0.9066116125147223,
            -0.9360516204245215
        ],
        "SD-SDRi": [
            -1.3161568410597697,
            -1.3139175180863125
        ],
        "SNRi": [
            0.029526594638533687,
            0.04519730507781006
        ],
        "MIX-SI-SDR": [
            6.8190795927483,
            6.443752872460218
        ],
        "MIX-SD-SDR": [
            6.818059557780568,
            6.442568460661803
        ],
        "MIX-SNR": [
            6.757130629955865,
            6.373983486837027
        ]
    },
    "bass+other+vocals": {
        "SI-SDR": [
            -12.29517776098441,
            -12.580434526832045
        ],
        "SI-SIR": [
            -9.264477248604505,
            -9.624517794014286
        ],
        "SI-SAR": [
            -9.305182978353905,
            -9.515061703794224
        ],
        "SD-SDR": [
            -19.344797034824694,
            -19.996668550492082
        ],
        "SNR": [
            0.03288266167580122,
            0.0421429696733206
        ],
        "SRR": [
            -18.390548425663983,
            -19.12796341440745
        ],
        "SI-SDRi": [
            -5.824113245611971,
            -6.501385955094046
        ],
        "SD-SDRi": [
            -12.87271248448452,
            -13.916435566955663
        ],
        "SNRi": [
            6.7900132916316664,
            6.416126456510346
        ],
        "MIX-SI-SDR": [
            -6.471064515372439,
            -6.079048571737999
        ],
        "MIX-SD-SDR": [
            -6.472084550340173,
            -6.080232983536418
        ],
        "MIX-SNR": [
            -6.757130629955865,
            -6.373983486837026
        ]
    }
}