{
    "combination": [
        0,
        1
    ],
    "permutation": [
        0,
        1
    ],
    "drums": {
        "SI-SDR": [
            -2.665433773080694,
            -2.934053694905706
        ],
        "SI-SIR": [
            -2.4551602081661663,
            -2.7298020369847453
        ],
        "SI-SAR": [
            10.58927515097393,
            10.443859096402335
        ],
        "SD-SDR": [
            -2.962110677387761,
            -3.2109406626750605
        ],
        "SNR": [
            -0.2824361158173656,
            -0.5421829446751925
        ],
        "SRR": [
            8.840389087610891,
            8.881585260727157
        ],
        "SI-SDRi": [
            -1.015700404577971,
            -1.1033776376871747
        ],
        "SD-SDRi": [
            -1.294664371983801,
            -1.3658324295596487
        ],
        "SNRi": [
            0.7382722848263832,
            0.7052634222002716
        ],
        "MIX-SI-SDR": [
            -1.649733368502723,
            -1.8306760572185312
        ],
        "MIX-SD-SDR": [
            -1.66744630540396,
            -1.8451082331154118
        ],
        "MIX-SNR": [
            -1.0207084006437488,
            -1.247446366875464
        ]
    },
    "bass+other+vocals": {
        "SI-SDR": [
            -6.792842838605373,
            -7.0976516217595105
        ],
        "SI-SIR": [
            -3.536227718314389,
            -3.8301218125292555
        ],
        "SI-SAR": [
            -4.015634622725778,
            -4.330194142473223
        ],
        "SD-SDR": [
            -17.7373860411508,
            -18.138802477811875
        ],
        "SNR": [
            0.738058919853896,
            0.698573826717454
        ],
        "SRR": [
            -17.373122352877168,
            -17.782889905823282
        ],
        "SI-SDRi": [
            -7.3240300193199666,
            -7.914979354979312
        ],
        "SD-SDRi": [
            -18.250860284964155,
            -18.941698035134795
        ],
        "SNRi": [
            -0.28264948078985297,
            -0.54887254015801
        ],
        "MIX-SI-SDR": [
            0.531187180714594,
            0.8173277332198016
        ],
        "MIX-SD-SDR": [
            0.5134742438133567,
            0.8028955573229203
        ],
        "MIX-SNR": [
            1.020708400643749,
            1.247446366875464
        ]
    }
}