{
    "combination": [
        0,
        1
    ],
    "permutation": [
        0,
        1
    ],
    "drums": {
        "SI-SDR": [
            -4.499115956768054,
            -5.498371946254881
        ],
        "SI-SIR": [
            -4.403743524941703,
            -5.407387149855344
        ],
        "SI-SAR": [
            12.13209754039699,
            11.335195867198761
        ],
        "SD-SDR": [
            -4.541993170547343,
            -5.571402673137591
        ],
        "SNR": [
            -3.1990490308446473,
            -3.6662773217954348
        ],
        "SRR": [
            15.535005345578991,
            12.207848400968995
        ],
        "SI-SDRi": [
            -0.978974144618137,
            -1.4344200316018165
        ],
        "SD-SDRi": [
            -1.0208968374927774,
            -1.5073716781546223
        ],
        "SNRi": [
            0.5173550045449127,
            0.4571335937910561
        ],
        "MIX-SI-SDR": [
            -3.520141812149917,
            -4.063951914653065
        ],
        "MIX-SD-SDR": [
            -3.5210963330545657,
            -4.064030994982969
        ],
        "MIX-SNR": [
            -3.71640403538956,
            -4.123410915586491
        ]
    },
    "bass+other+vocals": {
        "SI-SDR": [
            -7.320777858913754,
            -8.505364348013874
        ],
        "SI-SIR": [
            -3.4195482385315024,
            -5.488555018505632
        ],
        "SI-SAR": [
            -5.049383931730458,
            -5.50156402234358
        ],
        "SD-SDR": [
            -22.355546259702862,
            -23.046346519321958
        ],
        "SNR": [
            0.5096949276664812,
            0.4459818130054275
        ],
        "SRR": [
            -22.21712261817631,
            -22.890953109014717
        ],
        "SI-SDRi": [
            -11.121673766581937,
            -12.651879792590663
        ],
        "SD-SDRi": [
            -26.155487646466398,
            -27.192782883568846
        ],
        "SNRi": [
            -3.206709107723079,
            -3.6774291025810633
        ],
        "MIX-SI-SDR": [
            3.800895907668183,
            4.146515444576789
        ],
        "MIX-SD-SDR": [
            3.7999413867635368,
            4.146436364246886
        ],
        "MIX-SNR": [
            3.71640403538956,
            4.123410915586491
        ]
    }
}