{
    "combination": [
        0,
        1
    ],
    "permutation": [
        0,
        1
    ],
    "drums": {
        "SI-SDR": [
            -7.927716710302903,
            -8.94904797145167
        ],
        "SI-SIR": [
            -7.89212884543132,
            -8.916583892843658
        ],
        "SI-SAR": [
            12.954888855563153,
            12.330986256642241
        ],
        "SD-SDR": [
            -7.936206750587924,
            -8.95634831611849
        ],
        "SNR": [
            -7.028223490377712,
            -8.011435349957495
        ],
        "SRR": [
            19.156783181360783,
            18.791710810993546
        ],
        "SI-SDRi": [
            -0.8623486904315758,
            -0.9031718112975398
        ],
        "SD-SDRi": [
            -0.8692626180965135,
            -0.9092286722575373
        ],
        "SNRi": [
            0.42024904657402296,
            0.415013082886027
        ],
        "MIX-SI-SDR": [
            -7.065368019871327,
            -8.04587616015413
        ],
        "MIX-SD-SDR": [
            -7.06694413249141,
            -8.047119643860952
        ],
        "MIX-SNR": [
            -7.448472536951735,
            -8.426448432843522
        ]
    },
    "bass+other+vocals": {
        "SI-SDR": [
            -5.977791787911221,
            -5.603425128497009
        ],
        "SI-SIR": [
            -1.1902109599586639,
            -0.5496256662780006
        ],
        "SI-SAR": [
            -4.225040261584102,
            -3.9771970597465147
        ],
        "SD-SDR": [
            -25.27716773596882,
            -25.42838243610289
        ],
        "SNR": [
            0.4119927094102126,
            0.40978397388607624
        ],
        "SRR": [
            -25.225833048470193,
            -25.382929783763714
        ],
        "SI-SDRi": [
            -13.497744749561274,
            -14.086643480230318
        ],
        "SD-SDRi": [
            -32.795544584998794,
            -33.91035730412938
        ],
        "SNRi": [
            -7.036479827541522,
            -8.016664458957445
        ],
        "MIX-SI-SDR": [
            7.519952961650054,
            8.48321835173331
        ],
        "MIX-SD-SDR": [
            7.518376849029972,
            8.481974868026489
        ],
        "MIX-SNR": [
            7.448472536951735,
            8.426448432843522
        ]
    }
}