{
    "combination": [
        0,
        1
    ],
    "permutation": [
        0,
        1
    ],
    "drums": {
        "SI-SDR": [
            -6.969090026873271,
            -7.362025676912194
        ],
        "SI-SIR": [
            -6.838957183269317,
            -7.225308277764739
        ],
        "SI-SAR": [
            8.329787838273838,
            7.725758927914928
        ],
        "SD-SDR": [
            -7.03907634490351,
            -7.434484857315894
        ],
        "SNR": [
            -4.865551589603277,
            -5.137329762296728
        ],
        "SRR": [
            10.92358147501756,
            10.37860330018206
        ],
        "SI-SDRi": [
            -1.3825268445172876,
            -1.694822722414771
        ],
        "SD-SDRi": [
            -1.4523053592117927,
            -1.7672480472741716
        ],
        "SNRi": [
            0.6076556848312054,
            0.5766014567292927
        ],
        "MIX-SI-SDR": [
            -5.586563182355984,
            -5.667202954497423
        ],
        "MIX-SD-SDR": [
            -5.586770985691717,
            -5.6672368100417225
        ],
        "MIX-SNR": [
            -5.473207274434483,
            -5.713931219026021
        ]
    },
    "bass+other+vocals": {
        "SI-SDR": [
            -6.994153660362866,
            -7.5109578095181675
        ],
        "SI-SIR": [
            -2.254378340489317,
            -3.1507159852935525
        ],
        "SI-SAR": [
            -5.217436705649469,
            -5.5289917954946475
        ],
        "SD-SDR": [
            -20.923122954137,
            -21.00543421508413
        ],
        "SNR": [
            0.5834117509417869,
            0.558817723374669
        ],
        "SRR": [
            -20.743721239507362,
            -20.8067173959431
        ],
        "SI-SDRi": [
            -12.435514610886415,
            -13.237475255961805
        ],
        "SD-SDRi": [
            -26.364276101324815,
            -26.73191780598347
        ],
        "SNRi": [
            -4.889795523492696,
            -5.155113495651352
        ],
        "MIX-SI-SDR": [
            5.441360950523548,
            5.726517446443637
        ],
        "MIX-SD-SDR": [
            5.4411531471878165,
            5.726483590899344
        ],
        "MIX-SNR": [
            5.473207274434483,
            5.713931219026021
        ]
    }
}