{
    "combination": [
        0,
        1
    ],
    "permutation": [
        0,
        1
    ],
    "drums": {
        "SI-SDR": [
            -11.098431274191098,
            -11.48599461360671
        ],
        "SI-SIR": [
            -11.040914853138473,
            -11.436238890918691
        ],
        "SI-SAR": [
            7.710219767458328,
            7.94827222304553
        ],
        "SD-SDR": [
            -11.112164571336267,
            -11.497166988101187
        ],
        "SNR": [
            -9.514381485194987,
            -9.98301192096712
        ],
        "SRR": [
            13.894795211563533,
            14.40480626772291
        ],
        "SI-SDRi": [
            -1.1642444300831905,
            -1.0344534244743784
        ],
        "SD-SDRi": [
            -1.177887981279051,
            -1.0454551945606507
        ],
        "SNRi": [
            0.2968508255915818,
            0.28922485733433945
        ],
        "MIX-SI-SDR": [
            -9.934186844107908,
            -10.451541189132332
        ],
        "MIX-SD-SDR": [
            -9.934276590057216,
            -10.451711793540536
        ],
        "MIX-SNR": [
            -9.811232310786568,
            -10.27223677830146
        ]
    },
    "bass+other+vocals": {
        "SI-SDR": [
            -9.138603774939734,
            -8.794483296297015
        ],
        "SI-SIR": [
            -1.7822682051906271,
            -0.8016423709606122
        ],
        "SI-SAR": [
            -8.256522532217845,
            -8.04372996704803
        ],
        "SD-SDR": [
            -27.80609332343883,
            -28.18262797318048
        ],
        "SNR": [
            0.2894927221662636,
            0.2837659428741323
        ],
        "SRR": [
            -27.74666363515433,
            -28.13233794038667
        ],
        "SI-SDRi": [
            -18.937156007238265,
            -19.050190596885322
        ],
        "SD-SDRi": [
            -37.60455580978805,
            -38.43816466936059
        ],
        "SNRi": [
            -9.521739588620306,
            -9.988470835427329
        ],
        "MIX-SI-SDR": [
            9.79855223229853,
            10.255707300588305
        ],
        "MIX-SD-SDR": [
            9.798462486349221,
            10.255536696180105
        ],
        "MIX-SNR": [
            9.81123231078657,
            10.27223677830146
        ]
    }
}