{
    "combination": [
        0,
        1
    ],
    "permutation": [
        0,
        1
    ],
    "drums": {
        "SI-SDR": [
            -1.9871095678558741,
            -1.7815139480171576
        ],
        "SI-SIR": [
            -1.8415622432378198,
            -1.624279356523213
        ],
        "SI-SAR": [
            12.83326169910268,
            12.70922830419791
        ],
        "SD-SDR": [
            -2.082134004153926,
            -1.9031725882208057
        ],
        "SNR": [
            -0.5933738443520808,
            -0.269599076342675
        ],
        "SRR": [
            14.564781676299791,
            13.683928265341894
        ],
        "SI-SDRi": [
            -1.1085896992851447,
            -1.1993681554129385
        ],
        "SD-SDRi": [
            -1.2036131751611239,
            -1.32080901091806
        ],
        "SNRi": [
            0.2806287760692795,
            0.24723914281560144
        ],
        "MIX-SI-SDR": [
            -0.8785198685707294,
            -0.5821457926042191
        ],
        "MIX-SD-SDR": [
            -0.8785208289928021,
            -0.5823635773027458
        ],
        "MIX-SNR": [
            -0.8740026204213603,
            -0.5168382191582764
        ]
    },
    "bass+other+vocals": {
        "SI-SDR": [
            -11.751934186758174,
            -12.496189925795376
        ],
        "SI-SIR": [
            -7.935980119779861,
            -8.895946822373547
        ],
        "SI-SAR": [
            -9.420962079176759,
            -10.005195423656275
        ],
        "SD-SDR": [
            -24.797029300146477,
            -25.021873285725363
        ],
        "SNR": [
            0.27736181439376395,
            0.23766069903399695
        ],
        "SRR": [
            -24.57608897752412,
            -24.772041504994384
        ],
        "SI-SDRi": [
            -12.622243354805473,
            -12.95509704507546
        ],
        "SD-SDRi": [
            -25.667337507771705,
            -25.480562620306923
        ],
        "SNRi": [
            -0.5966408060275961,
            -0.27917752012428093
        ],
        "MIX-SI-SDR": [
            0.8703091680473003,
            0.45890711928008526
        ],
        "MIX-SD-SDR": [
            0.8703082076252288,
            0.4586893345815614
        ],
        "MIX-SNR": [
            0.87400262042136,
            0.5168382191582779
        ]
    }
}