{
    "combination": [
        0,
        1
    ],
    "permutation": [
        0,
        1
    ],
    "drums": {
        "SI-SDR": [
            -10.942298244139462,
            -11.576951652959941
        ],
        "SI-SIR": [
            -10.893645174218221,
            -11.529761660052145
        ],
        "SI-SAR": [
            8.58874620674836,
            8.085965970745983
        ],
        "SD-SDR": [
            -10.95305839093319,
            -11.58717591433417
        ],
        "SNR": [
            -9.548236035374833,
            -10.119491417588307
        ],
        "SRR": [
            15.111981722959403,
            14.699458893316272
        ],
        "SI-SDRi": [
            -1.1225553467559024,
            -1.2136716622238843
        ],
        "SD-SDRi": [
            -1.1332380581203036,
            -1.2237101675525661
        ],
        "SNRi": [
            0.3859344384712209,
            0.4333340770355232
        ],
        "MIX-SI-SDR": [
            -9.81974289738356,
            -10.363279990736057
        ],
        "MIX-SD-SDR": [
            -9.819820332812887,
            -10.363465746781603
        ],
        "MIX-SNR": [
            -9.934170473846054,
            -10.55282549462383
        ]
    },
    "bass+other+vocals": {
        "SI-SDR": [
            -6.658084976660908,
            -5.643723290295157
        ],
        "SI-SIR": [
            -0.4190878454394142,
            0.508881540992041
        ],
        "SI-SAR": [
            -5.4791224308311115,
            -4.4374607450343895
        ],
        "SD-SDR": [
            -26.001040993143764,
            -25.003495836527065
        ],
        "SNR": [
            0.3763311536524535,
            0.4270978158916683
        ],
        "SRR": [
            -25.950221867552948,
            -24.952874258763863
        ],
        "SI-SDRi": [
            -16.604011452761537,
            -16.213573942707512
        ],
        "SD-SDRi": [
            -35.946890033815066,
            -35.57316073289387
        ],
        "SNRi": [
            -9.557839320193601,
            -10.12572767873216
        ],
        "MIX-SI-SDR": [
            9.945926476100627,
            10.569850652412354
        ],
        "MIX-SD-SDR": [
            9.9458490406713,
            10.569664896366804
        ],
        "MIX-SNR": [
            9.934170473846054,
            10.552825494623828
        ]
    }
}