{
    "combination": [
        0,
        1
    ],
    "permutation": [
        0,
        1
    ],
    "drums": {
        "SI-SDR": [
            -8.26934294497507,
            -8.816764868316989
        ],
        "SI-SIR": [
            -8.067218551746503,
            -8.647277042314625
        ],
        "SI-SAR": [
            5.152983119814753,
            5.354161468876699
        ],
        "SD-SDR": [
            -8.461905784078025,
            -8.999251453613159
        ],
        "SNR": [
            -4.645820934580108,
            -5.072065669399931
        ],
        "SRR": [
            5.166138196083372,
            4.857206013021332
        ],
        "SI-SDRi": [
            -2.584151576771829,
            -2.653108560733001
        ],
        "SD-SDRi": [
            -2.773281092774681,
            -2.831480678147855
        ],
        "SNRi": [
            0.5850511520526869,
            0.5683371109455413
        ],
        "MIX-SI-SDR": [
            -5.685191368203242,
            -6.163656307583988
        ],
        "MIX-SD-SDR": [
            -5.688624691303344,
            -6.1677707754653035
        ],
        "MIX-SNR": [
            -5.230872086632795,
            -5.640402780345473
        ]
    },
    "bass+other+vocals": {
        "SI-SDR": [
            -8.082391989582982,
            -8.131485497752113
        ],
        "SI-SIR": [
            -4.397539219650282,
            -4.664877194063683
        ],
        "SI-SAR": [
            -5.6558212871842795,
            -5.534075842699377
        ],
        "SD-SDR": [
            -19.515421022516012,
            -20.173995267273035
        ],
        "SNR": [
            0.5805264663055028,
            0.5573625912370637
        ],
        "SRR": [
            -19.19139337885632,
            -19.893795346754544
        ],
        "SI-SDRi": [
            -13.181951877516395,
            -13.635245691129215
        ],
        "SD-SDRi": [
            -24.611547587349325,
            -25.67364099276882
        ],
        "SNRi": [
            -4.650345620327294,
            -5.083040189108409
        ],
        "MIX-SI-SDR": [
            5.099559887933413,
            5.5037601933771025
        ],
        "MIX-SD-SDR": [
            5.096126564833313,
            5.499645725495786
        ],
        "MIX-SNR": [
            5.230872086632797,
            5.640402780345473
        ]
    }
}