{
    "combination": [
        0,
        1
    ],
    "permutation": [
        0,
        1
    ],
    "drums": {
        "SI-SDR": [
            -10.75247120773615,
            -11.12448133007076
        ],
        "SI-SIR": [
            -10.692764845941609,
            -11.076703945757975
        ],
        "SI-SAR": [
            7.894984802042673,
            8.485004879098986
        ],
        "SD-SDR": [
            -10.752784819792957,
            -11.124577431721441
        ],
        "SNR": [
            -10.501906647575108,
            -10.97874199818537
        ],
        "SRR": [
            30.661287590545726,
            35.42600525842186
        ],
        "SI-SDRi": [
            -0.32138706450302834,
            -0.23781774163853342
        ],
        "SD-SDRi": [
            -0.3186863123606045,
            -0.23536350470213563
        ],
        "SNRi": [
            0.7281622084218942,
            0.6809079012305936
        ],
        "MIX-SI-SDR": [
            -10.431084143233122,
            -10.886663588432226
        ],
        "MIX-SD-SDR": [
            -10.434098507432353,
            -10.889213927019306
        ],
        "MIX-SNR": [
            -11.230068855997002,
            -11.659649899415964
        ]
    },
    "bass+other+vocals": {
        "SI-SDR": [
            -2.168143925084941,
            -1.8258372126907538
        ],
        "SI-SIR": [
            8.842024022009642,
            9.674879038212493
        ],
        "SI-SAR": [
            -1.8095750279207081,
            -1.5070091285782006
        ],
        "SD-SDR": [
            -20.635867272404433,
            -21.3609776168891
        ],
        "SNR": [
            0.7149965883332908,
            0.6678043005516532
        ],
        "SRR": [
            -20.57361995715523,
            -21.312370669035925
        ],
        "SI-SDRi": [
            -13.463798562378216,
            -13.542840412139332
        ],
        "SD-SDRi": [
            -31.928507545498476,
            -33.0754304777506
        ],
        "SNRi": [
            -10.515072267663713,
            -10.99184559886431
        ],
        "MIX-SI-SDR": [
            11.295654637293275,
            11.717003199448579
        ],
        "MIX-SD-SDR": [
            11.292640273094044,
            11.714452860861497
        ],
        "MIX-SNR": [
            11.230068855997004,
            11.659649899415964
        ]
    }
}