{
    "combination": [
        0,
        1
    ],
    "permutation": [
        0,
        1
    ],
    "drums": {
        "SI-SDR": [
            -7.396127401442749,
            -7.818188050154289
        ],
        "SI-SIR": [
            -7.24488746439799,
            -7.680943915344168
        ],
        "SI-SAR": [
            7.260451352269149,
            7.253158480171234
        ],
        "SD-SDR": [
            -7.423987758125959,
            -7.847451381836089
        ],
        "SNR": [
            -5.927828001898307,
            -6.247479641969256
        ],
        "SRR": [
            14.517911364343375,
            13.881777483221784
        ],
        "SI-SDRi": [
            -0.24310444227643124,
            -0.24327762415997078
        ],
        "SD-SDRi": [
            -0.27046944983263277,
            -0.27252427260334144
        ],
        "SNRi": [
            1.4396736578974476,
            1.2868225724228362
        ],
        "MIX-SI-SDR": [
            -7.153022959166318,
            -7.574910425994318
        ],
        "MIX-SD-SDR": [
            -7.153518308293326,
            -7.574927109232748
        ],
        "MIX-SNR": [
            -7.367501659795755,
            -7.534302214392092
        ]
    },
    "bass+other+vocals": {
        "SI-SDR": [
            -0.1614002461275046,
            -0.7041475568104556
        ],
        "SI-SIR": [
            6.90734317852843,
            6.901450064692698
        ],
        "SI-SAR": [
            0.7881617954158455,
            0.12371940467831787
        ],
        "SD-SDR": [
            -13.994322990811966,
            -15.069176276060169
        ],
        "SNR": [
            1.4284497701923708,
            1.2737664086397726
        ],
        "SRR": [
            -13.810823567737344,
            -14.907236601040843
        ],
        "SI-SDRi": [
            -7.569024996018154,
            -8.231312838340786
        ],
        "SD-SDRi": [
            -21.401452391575603,
            -22.596324874352067
        ],
        "SNRi": [
            -5.939051889603384,
            -6.260535805752319
        ],
        "MIX-SI-SDR": [
            7.407624749890649,
            7.52716528153033
        ],
        "MIX-SD-SDR": [
            7.407129400763638,
            7.527148598291897
        ],
        "MIX-SNR": [
            7.367501659795755,
            7.534302214392092
        ]
    }
}