{
    "combination": [
        0,
        1
    ],
    "permutation": [
        0,
        1
    ],
    "drums": {
        "SI-SDR": [
            -5.33417047659288,
            -4.105723344967382
        ],
        "SI-SIR": [
            -5.260318446739234,
            -4.019511954756534
        ],
        "SI-SAR": [
            12.39692195828987,
            12.959507672004076
        ],
        "SD-SDR": [
            -5.3833131056456205,
            -4.189115633735634
        ],
        "SNR": [
            -3.820412506011659,
            -2.4378851313558787
        ],
        "SRR": [
            14.104494283849611,
            13.01909796822211
        ],
        "SI-SDRi": [
            -0.8038747051270372,
            -0.8211350859023652
        ],
        "SD-SDRi": [
            -0.853014535425987,
            -0.9043451826350575
        ],
        "SNRi": [
            0.6981472061085605,
            0.76515635704102
        ],
        "MIX-SI-SDR": [
            -4.530295771465843,
            -3.284588259065017
        ],
        "MIX-SD-SDR": [
            -4.5302985702196334,
            -3.2847704511005764
        ],
        "MIX-SNR": [
            -4.5185597121202195,
            -3.2030414883968987
        ]
    },
    "bass+other+vocals": {
        "SI-SDR": [
            -4.480599189789434,
            -4.6989505990109635
        ],
        "SI-SIR": [
            -0.6914543875767207,
            -1.5703962662607487
        ],
        "SI-SAR": [
            -2.1304807837806288,
            -1.8037702298994431
        ],
        "SD-SDR": [
            -20.35917396003258,
            -19.264793530394453
        ],
        "SNR": [
            0.692161281829335,
            0.7581174244599405
        ],
        "SRR": [
            -20.245516667773945,
            -19.110303078882204
        ],
        "SI-SDRi": [
            -8.995016170520108,
            -7.863179657247339
        ],
        "SD-SDRi": [
            -24.87358814200946,
            -22.428840396595266
        ],
        "SNRi": [
            -3.8263984302908844,
            -2.444924063936958
        ],
        "MIX-SI-SDR": [
            4.514416980730674,
            3.1642290582363755
        ],
        "MIX-SD-SDR": [
            4.514414181976878,
            3.164046866200814
        ],
        "MIX-SNR": [
            4.5185597121202195,
            3.2030414883968983
        ]
    }
}