{
    "combination": [
        0,
        1
    ],
    "permutation": [
        0,
        1
    ],
    "drums": {
        "SI-SDR": [
            -4.80379479695551,
            -4.7210543568976515
        ],
        "SI-SIR": [
            -4.740738465312501,
            -4.65560399686924
        ],
        "SI-SAR": [
            13.608251317961486,
            13.530352438890223
        ],
        "SD-SDR": [
            -4.854269052965662,
            -4.772551415382644
        ],
        "SNR": [
            -3.358137164396755,
            -3.2756445015935465
        ],
        "SRR": [
            14.518087483965921,
            14.513190555604938
        ],
        "SI-SDRi": [
            -1.0599660411073235,
            -1.0423883896645658
        ],
        "SD-SDRi": [
            -1.1097059861159604,
            -1.0928769184632268
        ],
        "SNRi": [
            0.21433316506920708,
            0.20417316039098354
        ],
        "MIX-SI-SDR": [
            -3.743828755848187,
            -3.6786659672330857
        ],
        "MIX-SD-SDR": [
            -3.744563066849701,
            -3.679674496919417
        ],
        "MIX-SNR": [
            -3.572470329465962,
            -3.47981766198453
        ]
    },
    "bass+other+vocals": {
        "SI-SDR": [
            -12.269827845649768,
            -12.622436247145476
        ],
        "SI-SIR": [
            -8.519120115982199,
            -8.733685271736388
        ],
        "SI-SAR": [
            -9.891902028150403,
            -10.342447483607595
        ],
        "SD-SDR": [
            -29.15780016607991,
            -29.448266564016617
        ],
        "SNR": [
            0.21068529448521534,
            0.1996998005395872
        ],
        "SRR": [
            -29.067959833235058,
            -29.357117807847594
        ],
        "SI-SDRi": [
            -15.76785316108258,
            -16.01414216741808
        ],
        "SD-SDRi": [
            -32.655091170511206,
            -32.83896395460289
        ],
        "SNRi": [
            -3.3617850349807465,
            -3.2801178614449427
        ],
        "MIX-SI-SDR": [
            3.4980253154328134,
            3.391705920272602
        ],
        "MIX-SD-SDR": [
            3.4972910044312995,
            3.390697390586272
        ],
        "MIX-SNR": [
            3.572470329465962,
            3.47981766198453
        ]
    }
}