{
    "combination": [
        0,
        1
    ],
    "permutation": [
        0,
        1
    ],
    "drums": {
        "SI-SDR": [
            -3.7691376762538646,
            -3.95921461192565
        ],
        "SI-SIR": [
            -3.6174277537760338,
            -3.8194305291757913
        ],
        "SI-SAR": [
            10.874199718951225,
            11.033755869228825
        ],
        "SD-SDR": [
            -3.9014738667883133,
            -4.080081678813756
        ],
        "SNR": [
            -1.8153557628437098,
            -2.0382486397905772
        ],
        "SRR": [
            11.325583034819022,
            11.534974978715224
        ],
        "SI-SDRi": [
            -1.5614730628143887,
            -1.5613763444662463
        ],
        "SD-SDRi": [
            -1.693785392352087,
            -1.6822277291857746
        ],
        "SNRi": [
            0.41862372816516924,
            0.3813855120243632
        ],
        "MIX-SI-SDR": [
            -2.207664613439476,
            -2.3978382674594036
        ],
        "MIX-SD-SDR": [
            -2.2076884744362264,
            -2.3978539496279816
        ],
        "MIX-SNR": [
            -2.233979491008879,
            -2.4196341518149405
        ]
    },
    "bass+other+vocals": {
        "SI-SDR": [
            -9.969098509003636,
            -10.488860317003867
        ],
        "SI-SIR": [
            -7.0223794699130515,
            -7.5533838329588185
        ],
        "SI-SAR": [
            -6.8942729599668375,
            -7.402425140754362
        ],
        "SD-SDR": [
            -22.2376326241324,
            -23.1662405985349
        ],
        "SNR": [
            0.4004230786266989,
            0.3580733084602566
        ],
        "SRR": [
            -21.972086128868696,
            -22.92522717829734
        ],
        "SI-SDRi": [
            -12.21882986503325,
            -12.920993496460579
        ],
        "SD-SDRi": [
            -24.48734011916526,
            -25.598358095823034
        ],
        "SNRi": [
            -1.8335564123821801,
            -2.061560843354683
        ],
        "MIX-SI-SDR": [
            2.2497313560296144,
            2.432133179456712
        ],
        "MIX-SD-SDR": [
            2.2497074950328626,
            2.432117497288135
        ],
        "MIX-SNR": [
            2.233979491008879,
            2.4196341518149396
        ]
    }
}