{
    "combination": [
        0,
        1
    ],
    "permutation": [
        0,
        1
    ],
    "drums": {
        "SI-SDR": [
            -5.048488546669527,
            -4.64799030424439
        ],
        "SI-SIR": [
            -4.736618022656261,
            -4.267467722033245
        ],
        "SI-SAR": [
            6.544613415018756,
            6.114920635094401
        ],
        "SD-SDR": [
            -5.174873873805648,
            -4.8558787726744495
        ],
        "SNR": [
            -2.8474375916311896,
            -2.0700785058996836
        ],
        "SRR": [
            10.249042085734308,
            8.447189951225257
        ],
        "SI-SDRi": [
            -1.850957891346817,
            -2.268074238479298
        ],
        "SD-SDRi": [
            -1.9773431990641752,
            -2.4758657863743387
        ],
        "SNRi": [
            0.3492538386108355,
            0.2561344422220935
        ],
        "MIX-SI-SDR": [
            -3.1975306553227103,
            -2.3799160657650917
        ],
        "MIX-SD-SDR": [
            -3.197530674741473,
            -2.3800129863001107
        ],
        "MIX-SNR": [
            -3.196691430242025,
            -2.326212948121777
        ]
    },
    "bass+other+vocals": {
        "SI-SDR": [
            -10.955029583644896,
            -11.666956418330845
        ],
        "SI-SIR": [
            -5.75428945664641,
            -7.272367282912065
        ],
        "SI-SAR": [
            -9.393934029707173,
            -9.704731057719036
        ],
        "SD-SDR": [
            -21.419177385190547,
            -20.962701856250597
        ],
        "SNR": [
            0.3317811658560139,
            0.24718898519916965
        ],
        "SRR": [
            -21.01024083478059,
            -20.419332681670248
        ],
        "SI-SDRi": [
            -14.151319049618836,
            -13.961817567766275
        ],
        "SD-SDRi": [
            -24.61546683174572,
            -23.25746608515101
        ],
        "SNRi": [
            -2.864910264386012,
            -2.0790239629226073
        ],
        "MIX-SI-SDR": [
            3.1962894659739405,
            2.294861149435431
        ],
        "MIX-SD-SDR": [
            3.1962894465551726,
            2.2947642289004127
        ],
        "MIX-SNR": [
            3.1966914302420255,
            2.326212948121777
        ]
    }
}