{
    "combination": [
        0,
        1
    ],
    "permutation": [
        0,
        1
    ],
    "drums": {
        "SI-SDR": [
            -5.606133043459666,
            -4.950227205328318
        ],
        "SI-SIR": [
            -5.568307895565647,
            -4.912746758947241
        ],
        "SI-SAR": [
            15.012802569213036,
            15.708295107585517
        ],
        "SD-SDR": [
            -5.617694416249618,
            -4.97063606027641
        ],
        "SNR": [
            -4.802101858241783,
            -3.9758141204988795
        ],
        "SRR": [
            20.135834050819415,
            18.3192210937646
        ],
        "SI-SDRi": [
            -0.8794977107039204,
            -0.8607613797637175
        ],
        "SD-SDRi": [
            -0.8879627279722744,
            -0.8801976365340911
        ],
        "SNRi": [
            0.3368403994194358,
            0.32531389249786313
        ],
        "MIX-SI-SDR": [
            -4.7266353327557455,
            -4.0894658255646
        ],
        "MIX-SD-SDR": [
            -4.729731688277344,
            -4.090438423742319
        ],
        "MIX-SNR": [
            -5.138942257661219,
            -4.301128012996743
        ]
    },
    "bass+other+vocals": {
        "SI-SDR": [
            -8.291990421357042,
            -8.628524552808415
        ],
        "SI-SIR": [
            -4.726973155948999,
            -5.4390011464656665
        ],
        "SI-SAR": [
            -5.773512395901457,
            -5.790344097587341
        ],
        "SD-SDR": [
            -26.946292946882885,
            -27.045360392860875
        ],
        "SNR": [
            0.32483286286344887,
            0.31733688978326147
        ],
        "SRR": [
            -26.886681284576632,
            -26.982374072599864
        ],
        "SI-SDRi": [
            -13.561418762078885,
            -13.009481259223353
        ],
        "SD-SDRi": [
            -32.21262493208313,
            -31.425344501098092
        ],
        "SNRi": [
            -4.81410939479777,
            -3.9837911232134804
        ],
        "MIX-SI-SDR": [
            5.269428340721843,
            4.380956706414939
        ],
        "MIX-SD-SDR": [
            5.2663319852002495,
            4.379984108237216
        ],
        "MIX-SNR": [
            5.138942257661219,
            4.301128012996742
        ]
    }
}