{
    "combination": [
        0,
        1
    ],
    "permutation": [
        0,
        1
    ],
    "drums": {
        "SI-SDR": [
            -7.181712123452364,
            -6.8143848657074955
        ],
        "SI-SIR": [
            -7.140056409244753,
            -6.771332397326085
        ],
        "SI-SAR": [
            13.020196348382571,
            13.244986134123465
        ],
        "SD-SDR": [
            -7.182699030241494,
            -6.815699814123007
        ],
        "SNR": [
            -6.888397722438856,
            -6.490630077956482
        ],
        "SRR": [
            29.252876160993345,
            28.37371359552531
        ],
        "SI-SDRi": [
            -0.6815604574411278,
            -0.6625590728371566
        ],
        "SD-SDRi": [
            -0.6756338063086211,
            -0.6575686633093127
        ],
        "SNRi": [
            0.38417701343685895,
            0.3671829063293348
        ],
        "MIX-SI-SDR": [
            -6.500151666011236,
            -6.151825792870339
        ],
        "MIX-SD-SDR": [
            -6.507065223932873,
            -6.158131150813694
        ],
        "MIX-SNR": [
            -7.272574735875715,
            -6.857812984285816
        ]
    },
    "bass+other+vocals": {
        "SI-SDR": [
            -6.612282929235556,
            -7.0059340076548136
        ],
        "SI-SIR": [
            -0.7700213459281511,
            -1.0086836168078537
        ],
        "SI-SAR": [
            -5.301784074681707,
            -5.748735486746783
        ],
        "SD-SDR": [
            -26.25099270423799,
            -26.503986976738844
        ],
        "SNR": [
            0.3677062699550544,
            0.3545611477232238
        ],
        "SRR": [
            -26.203537490488728,
            -26.45496080105433
        ],
        "SI-SDRi": [
            -14.04045005090845,
            -14.01898847023101
        ],
        "SD-SDRi": [
            -33.67224626798925,
            -33.51073608137168
        ],
        "SNRi": [
            -6.904868465920659,
            -6.503251836562592
        ],
        "MIX-SI-SDR": [
            7.428167121672895,
            7.013054462576196
        ],
        "MIX-SD-SDR": [
            7.421253563751258,
            7.0067491046328385
        ],
        "MIX-SNR": [
            7.272574735875713,
            6.857812984285816
        ]
    }
}