{
    "combination": [
        0,
        1
    ],
    "permutation": [
        0,
        1
    ],
    "drums": {
        "SI-SDR": [
            -7.804276007977975,
            -5.755677693643573
        ],
        "SI-SIR": [
            -7.776913879189936,
            -5.713296988804758
        ],
        "SI-SAR": [
            14.215742159417832,
            14.37165678719072
        ],
        "SD-SDR": [
            -7.816621285056534,
            -5.764474649072603
        ],
        "SNR": [
            -6.7471155557399385,
            -5.037063410407577
        ],
        "SRR": [
            17.652384587054822,
            21.17444228354919
        ],
        "SI-SDRi": [
            -0.543801533069403,
            -0.4568424642631328
        ],
        "SD-SDRi": [
            -0.5557964455257167,
            -0.46552461711347615
        ],
        "SNRi": [
            0.3355724512356817,
            0.3444724661611289
        ],
        "MIX-SI-SDR": [
            -7.260474474908572,
            -5.29883522938044
        ],
        "MIX-SD-SDR": [
            -7.260824839530818,
            -5.2989500319591265
        ],
        "MIX-SNR": [
            -7.08268800697562,
            -5.381535876568706
        ]
    },
    "bass+other+vocals": {
        "SI-SDR": [
            -5.520991029942406,
            -6.450564536226354
        ],
        "SI-SIR": [
            -0.43009619829541323,
            -0.7406887792127428
        ],
        "SI-SAR": [
            -3.9115074394545797,
            -5.092457724481848
        ],
        "SD-SDR": [
            -27.75132897700692,
            -26.859517567268796
        ],
        "SNR": [
            0.32370128692546524,
            0.34764291311005924
        ],
        "SRR": [
            -27.725264254784694,
            -26.819810037331706
        ],
        "SI-SDRi": [
            -12.56944315086323,
            -11.856215597769005
        ],
        "SD-SDRi": [
            -34.7994307333055,
            -32.265053826232766
        ],
        "SNRi": [
            -6.758986720050155,
            -5.033892963458647
        ],
        "MIX-SI-SDR": [
            7.048452120920823,
            5.405651061542651
        ],
        "MIX-SD-SDR": [
            7.04810175629858,
            5.405536258963973
        ],
        "MIX-SNR": [
            7.08268800697562,
            5.381535876568706
        ]
    }
}