{
    "combination": [
        0,
        1
    ],
    "permutation": [
        0,
        1
    ],
    "drums": {
        "SI-SDR": [
            1.4914942424236723,
            -1.0938240083019806
        ],
        "SI-SIR": [
            1.66650204847992,
            -1.0004118231913364
        ],
        "SI-SAR": [
            15.52597321267301,
            15.626606168250788
        ],
        "SD-SDR": [
            1.0537539810467988,
            -1.2581593768252033
        ],
        "SNR": [
            3.158976656056841,
            0.488478168636834
        ],
        "SRR": [
            11.236464062272557,
            13.04428189351708
        ],
        "SI-SDRi": [
            -1.7243292592479575,
            -1.3762056837179562
        ],
        "SD-SDRi": [
            -2.162062681877138,
            -1.5405366011829857
        ],
        "SNRi": [
            -0.06436370447144668,
            0.1975930496936512
        ],
        "MIX-SI-SDR": [
            3.21582350167163,
            0.28238167541597553
        ],
        "MIX-SD-SDR": [
            3.215816662923937,
            0.2823772243577824
        ],
        "MIX-SNR": [
            3.2233403605282875,
            0.2908851189431828
        ]
    },
    "bass+other+vocals": {
        "SI-SDR": [
            -15.832916202144036,
            -13.59210159418387
        ],
        "SI-SIR": [
            -14.494625631184734,
            -11.74128717271702
        ],
        "SI-SAR": [
            -10.06860165682719,
            -8.9952951614519
        ],
        "SD-SDR": [
            -24.744505506516976,
            -26.148699800934263
        ],
        "SNR": [
            -0.07445839023681756,
            0.18152547720962794
        ],
        "SRR": [
            -24.147270916246427,
            -25.900691688839146
        ],
        "SI-SDRi": [
            -12.593771200616377,
            -13.292123357437717
        ],
        "SD-SDRi": [
            -21.50535366624162,
            -25.84871711312992
        ],
        "SNRi": [
            3.1488819702914705,
            0.47241059615281167
        ],
        "MIX-SI-SDR": [
            -3.2391450015276595,
            -0.2999782367461521
        ],
        "MIX-SD-SDR": [
            -3.2391518402753547,
            -0.2999826878043465
        ],
        "MIX-SNR": [
            -3.223340360528288,
            -0.2908851189431837
        ]
    }
}