{
    "combination": [
        0,
        1
    ],
    "permutation": [
        0,
        1
    ],
    "drums": {
        "SI-SDR": [
            -9.364740228506202,
            -9.47978466355147
        ],
        "SI-SIR": [
            -9.312002389832504,
            -9.433800790121506
        ],
        "SI-SAR": [
            9.818221846328278,
            10.294974588647143
        ],
        "SD-SDR": [
            -9.371598449556174,
            -9.48511195370935
        ],
        "SNR": [
            -8.41171537985903,
            -8.62299425921885
        ],
        "SRR": [
            18.647558533536227,
            19.63033101359173
        ],
        "SI-SDRi": [
            -0.6631261482765929,
            -0.572896685450683
        ],
        "SD-SDRi": [
            -0.6699500712128952,
            -0.5781767938007487
        ],
        "SNRi": [
            0.3566606675327293,
            0.36413795230422785
        ],
        "MIX-SI-SDR": [
            -8.701614080229609,
            -8.906887978100787
        ],
        "MIX-SD-SDR": [
            -8.701648378343279,
            -8.9069351599086
        ],
        "MIX-SNR": [
            -8.76837604739176,
            -8.987132211523077
        ]
    },
    "bass+other+vocals": {
        "SI-SDR": [
            -7.320476192181857,
            -6.325830268809637
        ],
        "SI-SIR": [
            1.0274012424046646,
            2.168503128857965
        ],
        "SI-SAR": [
            -6.633583962205357,
            -5.663545983454497
        ],
        "SD-SDR": [
            -26.73204075885209,
            -26.475904489301332
        ],
        "SNR": [
            0.3433879245586469,
            0.36239332673671987
        ],
        "SRR": [
            -26.68202275512577,
            -26.433746188414247
        ],
        "SI-SDRi": [
            -16.097776815516013,
            -15.323176770385313
        ],
        "SD-SDRi": [
            -35.509307084072574,
            -35.4732038090692
        ],
        "SNRi": [
            -8.424988122833113,
            -8.624738884786359
        ],
        "MIX-SI-SDR": [
            8.777300623334154,
            8.997346501575677
        ],
        "MIX-SD-SDR": [
            8.777266325220486,
            8.997299319767865
        ],
        "MIX-SNR": [
            8.76837604739176,
            8.987132211523079
        ]
    }
}