{
    "combination": [
        0,
        1
    ],
    "permutation": [
        0,
        1
    ],
    "drums": {
        "SI-SDR": [
            -2.8655815076289453,
            -3.963136856227064
        ],
        "SI-SIR": [
            -2.7573970334140094,
            -3.8668132867417384
        ],
        "SI-SAR": [
            13.224592167678466,
            12.62545334592956
        ],
        "SD-SDR": [
            -3.1064829336183575,
            -4.106976250142323
        ],
        "SNR": [
            -0.6153070405945505,
            -1.8978265284186338
        ],
        "SRR": [
            9.572860419576731,
            10.763809617401652
        ],
        "SI-SDRi": [
            -2.3408409638489447,
            -2.019752065109322
        ],
        "SD-SDRi": [
            -2.5816154992524045,
            -2.163588922315156
        ],
        "SNRi": [
            -0.0404215392449615,
            0.053867613081863386
        ],
        "MIX-SI-SDR": [
            -0.5247405437800008,
            -1.943384791117742
        ],
        "MIX-SD-SDR": [
            -0.5248674343659528,
            -1.9433873278271672
        ],
        "MIX-SNR": [
            -0.574885501349589,
            -1.9516941415004971
        ]
    },
    "bass+other+vocals": {
        "SI-SDR": [
            -18.65105374216715,
            -17.29546873850605
        ],
        "SI-SIR": [
            -17.350414243827,
            -15.370922811598485
        ],
        "SI-SAR": [
            -12.78067814633374,
            -12.83411286822002
        ],
        "SD-SDR": [
            -29.91458700521934,
            -30.294756087912376
        ],
        "SNR": [
            -0.05374691349853708,
            0.04489379496183183
        ],
        "SRR": [
            -29.577149280364306,
            -30.071411755619906
        ],
        "SI-SDRi": [
            -19.26989832107027,
            -19.252466202031833
        ],
        "SD-SDRi": [
            -30.533304693536504,
            -32.25175101472874
        ],
        "SNRi": [
            -0.6286324148481257,
            -1.9068003465386654
        ],
        "MIX-SI-SDR": [
            0.6188445789031173,
            1.9569974635257839
        ],
        "MIX-SD-SDR": [
            0.6187176883171653,
            1.956994926816365
        ],
        "MIX-SNR": [
            0.5748855013495886,
            1.9516941415004971
        ]
    }
}