{
    "combination": [
        0,
        1
    ],
    "permutation": [
        0,
        1
    ],
    "drums": {
        "SI-SDR": [
            -9.355152461264911,
            -7.5484330604077075
        ],
        "SI-SIR": [
            -9.330251629235685,
            -7.511332007647816
        ],
        "SI-SAR": [
            13.072996531608599,
            13.154085041782782
        ],
        "SD-SDR": [
            -9.368423986147471,
            -7.5716779580381575
        ],
        "SNR": [
            -8.061111522519694,
            -6.1731927365563335
        ],
        "SRR": [
            15.786844942905425,
            15.154506040759475
        ],
        "SI-SDRi": [
            -0.9284604036322097,
            -1.2740194914248795
        ],
        "SD-SDRi": [
            -0.9411980344102098,
            -1.297264380749553
        ],
        "SNRi": [
            0.1156642395906875,
            0.10043864872854869
        ],
        "MIX-SI-SDR": [
            -8.426692057632701,
            -6.274413568982828
        ],
        "MIX-SD-SDR": [
            -8.427225951737261,
            -6.2744135772886045
        ],
        "MIX-SNR": [
            -8.176775762110381,
            -6.273631385284882
        ]
    },
    "bass+other+vocals": {
        "SI-SDR": [
            -13.910717028560136,
            -16.212775676850036
        ],
        "SI-SIR": [
            -9.207980842404838,
            -12.913352001283469
        ],
        "SI-SAR": [
            -12.11515707304926,
            -13.473547101104069
        ],
        "SD-SDR": [
            -36.39940382773756,
            -35.706109825514446
        ],
        "SNR": [
            0.10630165278511967,
            0.09295902404573664
        ],
        "SRR": [
            -36.374848665322894,
            -35.65703004925932
        ],
        "SI-SDRi": [
            -22.05037898633497,
            -22.486222596387275
        ],
        "SD-SDRi": [
            -44.53853189140784,
            -41.979556736745906
        ],
        "SNRi": [
            -8.07047410932526,
            -6.180672361239146
        ],
        "MIX-SI-SDR": [
            8.139661957774836,
            6.273446919537239
        ],
        "MIX-SD-SDR": [
            8.139128063670281,
            6.2734469112314635
        ],
        "MIX-SNR": [
            8.176775762110381,
            6.273631385284882
        ]
    }
}