{
    "combination": [
        0,
        1
    ],
    "permutation": [
        0,
        1
    ],
    "bass": {
        "SI-SDR": [
            1.7928103092055747,
            1.74856635499543
        ],
        "SI-SIR": [
            9.433274653361048,
            9.326247323591932
        ],
        "SI-SAR": [
            2.613390560370414,
            2.582318785822876
        ],
        "SD-SDR": [
            0.33902885724541454,
            0.5441895314366789
        ],
        "SNR": [
            3.935515593650826,
            3.84455005985303
        ],
        "SRR": [
            5.798513407821002,
            6.702689593972187
        ],
        "SI-SDRi": [
            6.273208447936048,
            7.1751463656806616
        ],
        "SD-SDRi": [
            4.819442724784302,
            5.970974119120072
        ],
        "SNRi": [
            8.388285575889592,
            9.383403097720993
        ],
        "MIX-SI-SDR": [
            -4.480398138730473,
            -5.426580010685232
        ],
        "MIX-SD-SDR": [
            -4.480413867538887,
            -5.426784587683393
        ],
        "MIX-SNR": [
            -4.452769982238766,
            -5.5388530378679635
        ]
    },
    "drums+other+vocals": {
        "SI-SDR": [
            7.473133196378734,
            8.628374309807075
        ],
        "SI-SIR": [
            12.630451344923202,
            14.414244947708895
        ],
        "SI-SAR": [
            9.053146243640377,
            9.958911295859135
        ],
        "SD-SDR": [
            6.877680291095037,
            8.013794826308962
        ],
        "SNR": [
            8.182963991417232,
            9.185242315088377
        ],
        "SRR": [
            15.801374478095124,
            16.809523934994584
        ],
        "SI-SDRi": [
            3.0302530396900274,
            3.0578670094624067
        ],
        "SD-SDRi": [
            2.4348158632147445,
            2.4434921029624537
        ],
        "SNRi": [
            3.730194009178465,
            3.6463892772204147
        ],
        "MIX-SI-SDR": [
            4.442880156688707,
            5.570507300344668
        ],
        "MIX-SD-SDR": [
            4.442864427880292,
            5.570302723346508
        ],
        "MIX-SNR": [
            4.452769982238767,
            5.538853037867963
        ]
    }
}