{
    "combination": [
        0,
        1
    ],
    "permutation": [
        0,
        1
    ],
    "bass": {
        "SI-SDR": [
            -2.9855792225929734,
            -1.850666748115096
        ],
        "SI-SIR": [
            -0.6340930687661193,
            1.1209919162225088
        ],
        "SI-SAR": [
            0.8016612371015874,
            1.198621400038299
        ],
        "SD-SDR": [
            -3.2930396250185465,
            -2.0727942038005143
        ],
        "SNR": [
            -0.4831557506721137,
            0.09497347923855502
        ],
        "SRR": [
            8.359734865345372,
            10.949616847476486
        ],
        "SI-SDRi": [
            2.9057725103934273,
            3.7562350635742647
        ],
        "SD-SDRi": [
            2.6044513187994873,
            3.534460018131308
        ],
        "SNRi": [
            4.793348417248102,
            5.5542840028152956
        ],
        "MIX-SI-SDR": [
            -5.891351732986401,
            -5.606901811689361
        ],
        "MIX-SD-SDR": [
            -5.897490943818034,
            -5.607254221931822
        ],
        "MIX-SNR": [
            -5.276504167920216,
            -5.4593105235767405
        ]
    },
    "drums+other+vocals": {
        "SI-SDR": [
            3.3254418236346455,
            4.323332095196581
        ],
        "SI-SIR": [
            12.628886277992502,
            14.95590193715299
        ],
        "SI-SAR": [
            3.8677859094559026,
            4.715988074750117
        ],
        "SD-SDR": [
            -0.22241383308904528,
            1.449341768985386
        ],
        "SNR": [
            4.719927657798632,
            5.470828426540378
        ],
        "SRR": [
            2.3095985914522315,
            4.600368649290316
        ],
        "SI-SDRi": [
            -1.7775281297765,
            -1.0944979862801327
        ],
        "SD-SDRi": [
            -5.319244575668562,
            -3.9681359022488705
        ],
        "SNRi": [
            -0.5565765101215838,
            0.011517902963637638
        ],
        "MIX-SI-SDR": [
            5.1029699534111455,
            5.417830081476714
        ],
        "MIX-SD-SDR": [
            5.096830742579517,
            5.4174776712342565
        ],
        "MIX-SNR": [
            5.276504167920216,
            5.4593105235767405
        ]
    }
}