{
    "combination": [
        0,
        1
    ],
    "permutation": [
        0,
        1
    ],
    "bass": {
        "SI-SDR": [
            -3.367408515824036,
            -3.1677979840024273
        ],
        "SI-SIR": [
            0.3256324055563602,
            1.8688247427535918
        ],
        "SI-SAR": [
            -0.9469562767012301,
            -1.5337458267670145
        ],
        "SD-SDR": [
            -3.6225259905336706,
            -3.3835909722964406
        ],
        "SNR": [
            -0.9360643667728163,
            -0.9390270846251816
        ],
        "SRR": [
            8.814849372446286,
            9.761328587511887
        ],
        "SI-SDRi": [
            5.269431328194577,
            6.713721600711531
        ],
        "SD-SDRi": [
            5.015273225862847,
            6.497999717544307
        ],
        "SNRi": [
            7.359597703525582,
            8.833614469259256
        ],
        "MIX-SI-SDR": [
            -8.636839844018613,
            -9.881519584713958
        ],
        "MIX-SD-SDR": [
            -8.637799216396518,
            -9.881590689840747
        ],
        "MIX-SNR": [
            -8.295662070298398,
            -9.772641553884437
        ]
    },
    "drums+other+vocals": {
        "SI-SDR": [
            6.766394318124627,
            8.368358702996897
        ],
        "SI-SIR": [
            17.503174813205547,
            20.318412549356268
        ],
        "SI-SAR": [
            7.149317585252223,
            8.65479089449141
        ],
        "SD-SDR": [
            4.483346964989502,
            6.803085547219403
        ],
        "SNR": [
            7.291037885958662,
            8.750709567968848
        ],
        "SRR": [
            8.367671820411847,
            11.994182935180962
        ],
        "SI-SDRi": [
            -1.480412893636668,
            -1.3929376887086367
        ],
        "SD-SDRi": [
            -3.762500874393891,
            -2.958139739359339
        ],
        "SNRi": [
            -1.004624184339736,
            -1.0219319859155895
        ],
        "MIX-SI-SDR": [
            8.246807211761295,
            9.761296391705534
        ],
        "MIX-SD-SDR": [
            8.245847839383392,
            9.761225286578743
        ],
        "MIX-SNR": [
            8.295662070298398,
            9.772641553884437
        ]
    }
}