{
    "combination": [
        0,
        1
    ],
    "permutation": [
        0,
        1
    ],
    "bass": {
        "SI-SDR": [
            -0.4373715429141867,
            -0.6419794944380165
        ],
        "SI-SIR": [
            1.1192367665470908,
            0.5269490569937245
        ],
        "SI-SAR": [
            4.773760318853972,
            5.629346807523943
        ],
        "SD-SDR": [
            -0.9475911326162516,
            -1.2107887651198455
        ],
        "SNR": [
            1.7951146586397206,
            1.7289891607721455
        ],
        "SRR": [
            8.605293194702533,
            7.898688651152685
        ],
        "SI-SDRi": [
            2.491320673917199,
            2.012358113112718
        ],
        "SD-SDRi": [
            1.9818479233658703,
            1.446125034185248
        ],
        "SNRi": [
            4.5664181388178235,
            4.1033437916340745
        ],
        "MIX-SI-SDR": [
            -2.9286922168313856,
            -2.6543376075507346
        ],
        "MIX-SD-SDR": [
            -2.929439055982122,
            -2.6569137993050935
        ],
        "MIX-SNR": [
            -2.771303480178103,
            -2.374354630861929
        ]
    },
    "drums+other+vocals": {
        "SI-SDR": [
            3.363774241320075,
            2.797844952662414
        ],
        "SI-SIR": [
            8.939529610226039,
            7.447019193080404
        ],
        "SI-SAR": [
            4.772179395615839,
            4.6210872580971945
        ],
        "SD-SDR": [
            -0.9553133713244888,
            -2.2219672729572384
        ],
        "SNR": [
            4.5558460434654835,
            4.09358353709179
        ],
        "SRR": [
            1.0506323830235549,
            -0.5802140754466403
        ],
        "SI-SDRi": [
            0.6749059945505551,
            0.583350657122133
        ],
        "SD-SDRi": [
            -3.643434778943274,
            -4.433885376743161
        ],
        "SNRi": [
            1.7845425632873795,
            1.7192289062298616
        ],
        "MIX-SI-SDR": [
            2.6888682467695197,
            2.214494295540281
        ],
        "MIX-SD-SDR": [
            2.688121407618785,
            2.2119181037859232
        ],
        "MIX-SNR": [
            2.771303480178104,
            2.3743546308619288
        ]
    }
}