{
    "combination": [
        0,
        1
    ],
    "permutation": [
        0,
        1
    ],
    "bass": {
        "SI-SDR": [
            1.6436881238376635,
            0.9718026860046359
        ],
        "SI-SIR": [
            4.84211883556983,
            3.462748771413577
        ],
        "SI-SAR": [
            4.473669657193788,
            4.572108296023101
        ],
        "SD-SDR": [
            1.124121161390204,
            0.4286311567656007
        ],
        "SNR": [
            3.369702607933408,
            2.881909105082748
        ],
        "SRR": [
            10.602742858345554,
            9.725859823828392
        ],
        "SI-SDRi": [
            5.252753808221267,
            4.3244351343594865
        ],
        "SD-SDRi": [
            4.7335300796738355,
            3.782217755215943
        ],
        "SNRi": [
            6.862894319154754,
            6.048128584691883
        ],
        "MIX-SI-SDR": [
            -3.6090656843836038,
            -3.3526324483548504
        ],
        "MIX-SD-SDR": [
            -3.609408918283631,
            -3.353586598450342
        ],
        "MIX-SNR": [
            -3.493191711221346,
            -3.166219479609134
        ]
    },
    "drums+other+vocals": {
        "SI-SDR": [
            6.149025395588738,
            5.217054438151391
        ],
        "SI-SIR": [
            13.486316864787637,
            11.848219046396903
        ],
        "SI-SAR": [
            7.035406976245785,
            6.280612080574396
        ],
        "SD-SDR": [
            3.702504639317472,
            2.151045125401591
        ],
        "SNR": [
            6.8001510654772845,
            5.988437375901537
        ],
        "SRR": [
            7.360845020152286,
            5.106341299436367
        ],
        "SI-SDRi": [
            2.7072920857392533,
            2.1397561635912385
        ],
        "SD-SDRi": [
            0.26111456336801586,
            -0.9252989990630676
        ],
        "SNRi": [
            3.3069593542559383,
            2.8222178962924023
        ],
        "MIX-SI-SDR": [
            3.4417333098494844,
            3.0772982745601523
        ],
        "MIX-SD-SDR": [
            3.4413900759494562,
            3.0763441244646588
        ],
        "MIX-SNR": [
            3.493191711221346,
            3.1662194796091345
        ]
    }
}