{
    "combination": [
        0,
        1
    ],
    "permutation": [
        0,
        1
    ],
    "bass": {
        "SI-SDR": [
            0.06503602091575751,
            -2.521643748582304
        ],
        "SI-SIR": [
            3.3890310028112025,
            1.2324066296362137
        ],
        "SI-SAR": [
            2.7827810425683235,
            -0.14615306943923367
        ],
        "SD-SDR": [
            -0.5277303079519942,
            -3.270330991822979
        ],
        "SNR": [
            2.2671093829587523,
            0.7020638493295388
        ],
        "SRR": [
            8.414290130969096,
            4.733474932585457
        ],
        "SI-SDRi": [
            5.406622218729416,
            4.541490343512018
        ],
        "SD-SDRi": [
            4.813856374323686,
            3.793122717965222
        ],
        "SNRi": [
            7.614063484498363,
            7.599086326872408
        ],
        "MIX-SI-SDR": [
            -5.341586197813659,
            -7.063134092094322
        ],
        "MIX-SD-SDR": [
            -5.341586682275681,
            -7.063453709788201
        ],
        "MIX-SNR": [
            -5.346954101539611,
            -6.897022477542869
        ]
    },
    "drums+other+vocals": {
        "SI-SDR": [
            7.106371221684018,
            6.953587465983782
        ],
        "SI-SIR": [
            13.95257078216969,
            13.22515515524633
        ],
        "SI-SAR": [
            8.112099780241556,
            8.122441465492834
        ],
        "SD-SDR": [
            4.836032940554974,
            5.009144146744491
        ],
        "SNR": [
            7.542791410673787,
            7.534889247758304
        ],
        "SRR": [
            8.738799411079716,
            9.435042478397683
        ],
        "SI-SDRi": [
            1.7578492888211041,
            0.08999133326346964
        ],
        "SD-SDRi": [
            -0.5124885078459167,
            -1.8541323682819426
        ],
        "SNRi": [
            2.195837309134176,
            0.6378667702154353
        ],
        "MIX-SI-SDR": [
            5.348521932862914,
            6.863596132720312
        ],
        "MIX-SD-SDR": [
            5.3485214484008905,
            6.863276515026434
        ],
        "MIX-SNR": [
            5.346954101539611,
            6.897022477542869
        ]
    }
}