{
    "combination": [
        0,
        1
    ],
    "permutation": [
        0,
        1
    ],
    "bass": {
        "SI-SDR": [
            0.5530609002664583,
            0.49232662353129797
        ],
        "SI-SIR": [
            4.399273436993079,
            3.6109843882079056
        ],
        "SI-SAR": [
            2.8626648111932163,
            3.396906650384082
        ],
        "SD-SDR": [
            0.4091472688408495,
            0.29090711193445573
        ],
        "SNR": [
            1.7894178317172522,
            1.9169311554923278
        ],
        "SRR": [
            15.277729174236134,
            13.728055371090903
        ],
        "SI-SDRi": [
            5.636775065974667,
            4.377762175877393
        ],
        "SD-SDRi": [
            5.494584413434778,
            4.177685533944313
        ],
        "SNRi": [
            7.1912107782754475,
            6.04597248696143
        ],
        "MIX-SI-SDR": [
            -5.0837141657082086,
            -3.8854355523460953
        ],
        "MIX-SD-SDR": [
            -5.085437144593928,
            -3.886778422009857
        ],
        "MIX-SNR": [
            -5.401792946558195,
            -4.129041331469102
        ]
    },
    "drums+other+vocals": {
        "SI-SDR": [
            6.47293419794758,
            5.073633934952592
        ],
        "SI-SIR": [
            18.77378161000949,
            15.507915539513045
        ],
        "SI-SAR": [
            6.736451299208016,
            5.485530548403941
        ],
        "SD-SDR": [
            4.276113148087036,
            2.37714822471379
        ],
        "SNR": [
            7.105822673050914,
            5.998384348453813
        ],
        "SRR": [
            8.288216933692462,
            5.725716630979414
        ],
        "SI-SDRi": [
            0.9770298290451294,
            0.848823936242729
        ],
        "SD-SDRi": [
            -1.218068241929692,
            -1.8463189043323087
        ],
        "SNRi": [
            1.7040297264927196,
            1.8693430169847112
        ],
        "MIX-SI-SDR": [
            5.49590436890245,
            4.224809998709863
        ],
        "MIX-SD-SDR": [
            5.494181390016728,
            4.223467129046099
        ],
        "MIX-SNR": [
            5.401792946558195,
            4.129041331469102
        ]
    }
}