{
    "combination": [
        0,
        1
    ],
    "permutation": [
        0,
        1
    ],
    "bass": {
        "SI-SDR": [
            -1.6113796635258206,
            -2.337342143057733
        ],
        "SI-SIR": [
            1.6601763329535033,
            0.31703414994534784
        ],
        "SI-SAR": [
            1.1524926753207816,
            1.0606760949705416
        ],
        "SD-SDR": [
            -1.7250646951233986,
            -2.448327091291139
        ],
        "SNR": [
            -0.17004536818683424,
            -0.7885601576045069
        ],
        "SRR": [
            14.152464069141786,
            13.53224948146929
        ],
        "SI-SDRi": [
            4.309162646970657,
            3.622742241991039
        ],
        "SD-SDRi": [
            4.202608026151368,
            3.521330447667041
        ],
        "SNRi": [
            6.483229580906004,
            6.031819537445883
        ],
        "MIX-SI-SDR": [
            -5.920542310496478,
            -5.960084385048772
        ],
        "MIX-SD-SDR": [
            -5.927672721274766,
            -5.96965753895818
        ],
        "MIX-SNR": [
            -6.653274949092838,
            -6.82037969505039
        ]
    },
    "drums+other+vocals": {
        "SI-SDR": [
            5.703915411896324,
            5.277591926847279
        ],
        "SI-SIR": [
            17.776186067038317,
            16.50586088091492
        ],
        "SI-SAR": [
            5.982139141683498,
            5.6178914123873005
        ],
        "SD-SDR": [
            3.0990111465819146,
            2.1061439091230105
        ],
        "SNR": [
            6.445856998956534,
            5.995697581785535
        ],
        "SRR": [
            6.556481742264876,
            4.961061997459102
        ],
        "SI-SDRi": [
            -1.1185143903084107,
            -1.7362626238422827
        ],
        "SD-SDRi": [
            -3.716288244844531,
            -4.89813748765714
        ],
        "SNRi": [
            -0.20741795013630338,
            -0.8246821132648545
        ],
        "MIX-SI-SDR": [
            6.822429802204734,
            7.013854550689562
        ],
        "MIX-SD-SDR": [
            6.8152993914264455,
            7.00428139678015
        ],
        "MIX-SNR": [
            6.653274949092838,
            6.82037969505039
        ]
    }
}