{
    "combination": [
        0,
        1
    ],
    "permutation": [
        0,
        1
    ],
    "bass": {
        "SI-SDR": [
            -0.8767669991529353,
            -0.269866613344533
        ],
        "SI-SIR": [
            1.971458182708337,
            2.958677852804014
        ],
        "SI-SAR": [
            2.3018914775531214,
            2.5326334240839303
        ],
        "SD-SDR": [
            -1.0255296653116206,
            -0.4286712620243893
        ],
        "SNR": [
            0.6050264359439693,
            1.1482499594984998
        ],
        "SRR": [
            13.701542929319203,
            14.019700111536274
        ],
        "SI-SDRi": [
            5.649973179418563,
            6.184652093055128
        ],
        "SD-SDRi": [
            5.505921006458643,
            6.028718202481684
        ],
        "SNRi": [
            7.765311283721575,
            8.08839940446321
        ],
        "MIX-SI-SDR": [
            -6.526740178571498,
            -6.454518706399661
        ],
        "MIX-SD-SDR": [
            -6.531450671770264,
            -6.457389464506074
        ],
        "MIX-SNR": [
            -7.160284847777605,
            -6.94014944496471
        ]
    },
    "drums+other+vocals": {
        "SI-SDR": [
            7.646287294756346,
            7.891703845917458
        ],
        "SI-SIR": [
            18.635721576716353,
            19.247173352439614
        ],
        "SI-SAR": [
            8.006645325324875,
            8.221797763760444
        ],
        "SD-SDR": [
            4.691155087202259,
            5.295731636805391
        ],
        "SNR": [
            7.671756374847558,
            7.995724136613752
        ],
        "SRR": [
            7.757332606538643,
            8.76409653324649
        ],
        "SI-SDRi": [
            0.35678120051204676,
            0.8488348993306785
        ],
        "SD-SDRi": [
            -2.5936405138432717,
            -1.7442665516749782
        ],
        "SNRi": [
            0.5114715270699524,
            1.055574691649042
        ],
        "MIX-SI-SDR": [
            7.289506094244299,
            7.04286894658678
        ],
        "MIX-SD-SDR": [
            7.284795601045531,
            7.039998188480369
        ],
        "MIX-SNR": [
            7.160284847777605,
            6.94014944496471
        ]
    }
}