{
    "combination": [
        0,
        1
    ],
    "permutation": [
        0,
        1
    ],
    "bass": {
        "SI-SDR": [
            -11.712336502488421,
            -9.817259130608136
        ],
        "SI-SIR": [
            -7.245152654858334,
            -5.0990202981689485
        ],
        "SI-SAR": [
            -9.79103683461408,
            -8.029615387575086
        ],
        "SD-SDR": [
            -11.86155174086209,
            -9.958200092997245
        ],
        "SNR": [
            -7.150649390722471,
            -6.082519926775738
        ],
        "SRR": [
            2.852553608410065,
            4.999550595474206
        ],
        "SI-SDRi": [
            4.279519487678716,
            5.614002949404018
        ],
        "SD-SDRi": [
            4.130337991878916,
            5.473083104903289
        ],
        "SNRi": [
            8.689947946951518,
            9.4626980421808
        ],
        "MIX-SI-SDR": [
            -15.991855990167137,
            -15.431262080012154
        ],
        "MIX-SD-SDR": [
            -15.991889732741006,
            -15.431283197900534
        ],
        "MIX-SNR": [
            -15.840597337673989,
            -15.545217968956539
        ]
    },
    "drums+other+vocals": {
        "SI-SDR": [
            8.322622235108145,
            9.198225065999019
        ],
        "SI-SIR": [
            21.394993144017075,
            22.512128903503058
        ],
        "SI-SAR": [
            8.54214373568499,
            9.405582958831923
        ],
        "SD-SDR": [
            6.475382730299027,
            7.493667745046101
        ],
        "SNR": [
            8.614755725747212,
            9.365189256542552
        ],
        "SRR": [
            11.078924830222006,
            12.379833292342376
        ],
        "SI-SDRi": [
            -7.514099731743357,
            -6.350212223743338
        ],
        "SD-SDRi": [
            -9.361305493978602,
            -8.054748426807876
        ],
        "SNRi": [
            -7.225841611926777,
            -6.180028712413987
        ],
        "MIX-SI-SDR": [
            15.836721966851503,
            15.548437289742356
        ],
        "MIX-SD-SDR": [
            15.83668822427763,
            15.548416171853978
        ],
        "MIX-SNR": [
            15.840597337673989,
            15.545217968956539
        ]
    }
}