{
    "combination": [
        0,
        1
    ],
    "permutation": [
        0,
        1
    ],
    "bass": {
        "SI-SDR": [
            -6.799109325099931,
            -7.544858640748689
        ],
        "SI-SIR": [
            -5.190145935261884,
            -5.9248947207537945
        ],
        "SI-SAR": [
            -1.7070546589733562,
            -2.4772355056832605
        ],
        "SD-SDR": [
            -7.1962456137930015,
            -7.91482166856294
        ],
        "SNR": [
            -2.706000250927192,
            -3.250859687707757
        ],
        "SRR": [
            3.3892568640330865,
            2.965106616335717
        ],
        "SI-SDRi": [
            2.9946516022149954,
            2.805451332022944
        ],
        "SD-SDRi": [
            2.6022714144373875,
            2.441933748990154
        ],
        "SNRi": [
            6.247142766251537,
            6.06830228067844
        ],
        "MIX-SI-SDR": [
            -9.793760927314926,
            -10.350309972771633
        ],
        "MIX-SD-SDR": [
            -9.798517028230389,
            -10.356755417553094
        ],
        "MIX-SNR": [
            -8.953143017178729,
            -9.319161968386197
        ]
    },
    "drums+other+vocals": {
        "SI-SDR": [
            6.4381089931148585,
            6.1654438369666025
        ],
        "SI-SIR": [
            13.409801999378843,
            13.553620531163627
        ],
        "SI-SAR": [
            7.411722572656034,
            7.040386449248728
        ],
        "SD-SDR": [
            1.914740482036458,
            1.591309771733875
        ],
        "SNR": [
            6.2395159694602,
            6.055389994538296
        ],
        "SRR": [
            3.805089149425726,
            3.454220044386357
        ],
        "SI-SDRi": [
            -2.4166691255013744,
            -3.0450026297434114
        ],
        "SD-SDRi": [
            -6.93528153566431,
            -7.612691250194678
        ],
        "SNRi": [
            -2.7136270477185285,
            -3.263771973847901
        ],
        "MIX-SI-SDR": [
            8.854778118616233,
            9.210446466710014
        ],
        "MIX-SD-SDR": [
            8.850022017700768,
            9.204001021928553
        ],
        "MIX-SNR": [
            8.953143017178729,
            9.319161968386197
        ]
    }
}