{
    "combination": [
        0,
        1
    ],
    "permutation": [
        0,
        1
    ],
    "bass": {
        "SI-SDR": [
            -10.226612547292913,
            -10.98142179061582
        ],
        "SI-SIR": [
            -5.846013839527224,
            -6.313170054228566
        ],
        "SI-SAR": [
            -8.256376037528048,
            -9.168098729667106
        ],
        "SD-SDR": [
            -10.73027655605095,
            -11.464856195329196
        ],
        "SNR": [
            -4.1292714448355,
            -4.557717355444773
        ],
        "SRR": [
            -1.124444151662488,
            -1.690913422673834
        ],
        "SI-SDRi": [
            1.3817722591947188,
            1.1320972108729936
        ],
        "SD-SDRi": [
            0.8781439172145244,
            0.648673415118111
        ],
        "SNRi": [
            7.574396450761543,
            7.501227745204443
        ],
        "MIX-SI-SDR": [
            -11.608384806487631,
            -12.113519001488813
        ],
        "MIX-SD-SDR": [
            -11.608420473265474,
            -12.113529610447307
        ],
        "MIX-SNR": [
            -11.703667895597043,
            -12.058945100649217
        ]
    },
    "drums+other+vocals": {
        "SI-SDR": [
            6.819372918726202,
            6.696937730064559
        ],
        "SI-SIR": [
            14.773918888176974,
            15.000371473665297
        ],
        "SI-SAR": [
            7.577390855370943,
            7.391491546405634
        ],
        "SD-SDR": [
            5.106011658041377,
            5.099926046688907
        ],
        "SNR": [
            7.498906077937963,
            7.434491696679072
        ],
        "SRR": [
            9.973917890573427,
            10.218752333410379
        ],
        "SI-SDRi": [
            -4.890797721904482,
            -5.358630351696152
        ],
        "SD-SDRi": [
            -6.604123315811465,
            -6.955631426113307
        ],
        "SNRi": [
            -4.20476181765908,
            -4.624453403970144
        ],
        "MIX-SI-SDR": [
            11.710170640630684,
            12.055568081760711
        ],
        "MIX-SD-SDR": [
            11.710134973852842,
            12.055557472802214
        ],
        "MIX-SNR": [
            11.703667895597043,
            12.058945100649217
        ]
    }
}