{
    "combination": [
        0,
        1
    ],
    "permutation": [
        0,
        1
    ],
    "bass": {
        "SI-SDR": [
            -2.492175324449771,
            -1.7248095835248893
        ],
        "SI-SIR": [
            0.45793690727655206,
            1.6652484841105566
        ],
        "SI-SAR": [
            0.5791582191903841,
            0.9362855160143002
        ],
        "SD-SDR": [
            -2.9085857606395,
            -2.2774216826292957
        ],
        "SNR": [
            0.15331603360827858,
            0.9456441824081556
        ],
        "SRR": [
            7.4805830489022,
            6.949594133249073
        ],
        "SI-SDRi": [
            5.416058565764953,
            6.403218267371281
        ],
        "SD-SDRi": [
            5.0013663863829,
            5.853275486359136
        ],
        "SNRi": [
            7.644089459464901,
            8.543971773903133
        ],
        "MIX-SI-SDR": [
            -7.908233890214724,
            -8.12802785089617
        ],
        "MIX-SD-SDR": [
            -7.909952147022399,
            -8.130697168988432
        ],
        "MIX-SNR": [
            -7.490773425856623,
            -7.598327591494977
        ]
    },
    "drums+other+vocals": {
        "SI-SDR": [
            7.4281576807453975,
            8.40480947804704
        ],
        "SI-SIR": [
            15.558957682455826,
            15.813098219897814
        ],
        "SI-SAR": [
            8.153361432685498,
            9.27527594848345
        ],
        "SD-SDR": [
            4.666932601698601,
            6.0795429888610775
        ],
        "SNR": [
            7.5944494500858735,
            8.489436386553589
        ],
        "SRR": [
            7.941466059747415,
            9.90354135813994
        ],
        "SI-SDRi": [
            0.008900230002026888,
            0.8940513502252809
        ],
        "SD-SDRi": [
            -2.7506065922371006,
            -1.4285458208684219
        ],
        "SNRi": [
            0.10367602422925071,
            0.8911087950586118
        ],
        "MIX-SI-SDR": [
            7.419257450743371,
            7.5107581278217594
        ],
        "MIX-SD-SDR": [
            7.417539193935702,
            7.508088809729499
        ],
        "MIX-SNR": [
            7.490773425856623,
            7.598327591494977
        ]
    }
}