{
    "combination": [
        0,
        1
    ],
    "permutation": [
        0,
        1
    ],
    "bass": {
        "SI-SDR": [
            -1.6106074078276174,
            -1.9294170642233501
        ],
        "SI-SIR": [
            2.867942648542253,
            2.774594186632166
        ],
        "SI-SAR": [
            0.30438060286623014,
            -0.13450981562493233
        ],
        "SD-SDR": [
            -1.6729690492460967,
            -1.9933219925586199
        ],
        "SNR": [
            -0.49865656911869005,
            -0.7640035652789909
        ],
        "SRR": [
            16.78684219614256,
            16.361090882364774
        ],
        "SI-SDRi": [
            7.994865904858743,
            8.279516359463468
        ],
        "SD-SDRi": [
            7.932528208700113,
            8.215611492752622
        ],
        "SNRi": [
            9.16869237837478,
            9.448282113396504
        ],
        "MIX-SI-SDR": [
            -9.60547331268636,
            -10.208933423686819
        ],
        "MIX-SD-SDR": [
            -9.60549725794621,
            -10.208933485311242
        ],
        "MIX-SNR": [
            -9.66734894749347,
            -10.212285678675494
        ]
    },
    "drums+other+vocals": {
        "SI-SDR": [
            8.874506954106527,
            9.147355553275982
        ],
        "SI-SIR": [
            25.727250017218775,
            26.194530034076074
        ],
        "SI-SAR": [
            8.965086704771474,
            9.23392973219287
        ],
        "SD-SDR": [
            7.000862170621463,
            7.386472343923792
        ],
        "SNR": [
            9.03849845294019,
            9.301488602057518
        ],
        "SRR": [
            11.55502664528543,
            12.15774365412596
        ],
        "SI-SDRi": [
            -0.79956472924186,
            -1.065249470409288
        ],
        "SD-SDRi": [
            -2.6731855674670744,
            -2.8261326181370574
        ],
        "SNRi": [
            -0.62885049455328,
            -0.9107970766179765
        ],
        "MIX-SI-SDR": [
            9.674071683348387,
            10.21260502368527
        ],
        "MIX-SD-SDR": [
            9.674047738088538,
            10.21260496206085
        ],
        "MIX-SNR": [
            9.66734894749347,
            10.212285678675494
        ]
    }
}