{
    "combination": [
        0,
        1
    ],
    "permutation": [
        0,
        1
    ],
    "bass": {
        "SI-SDR": [
            -1.3008180724436382,
            -1.0625314755430346
        ],
        "SI-SIR": [
            2.061634195244368,
            2.3711084527026074
        ],
        "SI-SAR": [
            1.3837548825619752,
            1.5620541607762104
        ],
        "SD-SDR": [
            -1.763298229326125,
            -1.6994589897688979
        ],
        "SNR": [
            1.0930455965189925,
            1.5228436464425776
        ],
        "SRR": [
            8.192802056290873,
            6.9520563724337485
        ],
        "SI-SDRi": [
            5.127351427154217,
            6.038255143400162
        ],
        "SD-SDRi": [
            4.6671195794844955,
            5.408062952373258
        ],
        "SNRi": [
            7.9479698577609295,
            7.888000067523015
        ],
        "MIX-SI-SDR": [
            -6.428169499597855,
            -7.1007866189431965
        ],
        "MIX-SD-SDR": [
            -6.4304178088106205,
            -7.107521942142156
        ],
        "MIX-SNR": [
            -6.854924261241937,
            -6.365156421080437
        ]
    },
    "drums+other+vocals": {
        "SI-SDR": [
            7.461647205326605,
            7.397567922612872
        ],
        "SI-SIR": [
            15.010676667197751,
            14.608298042822463
        ],
        "SI-SAR": [
            8.301487884389966,
            8.31312454438357
        ],
        "SD-SDR": [
            5.206567448318513,
            5.125091201752582
        ],
        "SNR": [
            7.809871284240656,
            7.756207015162827
        ],
        "SRR": [
            9.13165081868129,
            9.02474540208469
        ],
        "SI-SDRi": [
            0.5151824323605574,
            1.1915644936157417
        ],
        "SD-SDRi": [
            -1.7376490154347737,
            -1.074176904045589
        ],
        "SNRi": [
            0.9549470229987191,
            1.3910505940823903
        ],
        "MIX-SI-SDR": [
            6.946464772966047,
            6.20600342899713
        ],
        "MIX-SD-SDR": [
            6.944216463753286,
            6.199268105798171
        ],
        "MIX-SNR": [
            6.854924261241937,
            6.365156421080437
        ]
    }
}