{
    "combination": [
        0,
        1
    ],
    "permutation": [
        0,
        1
    ],
    "bass": {
        "SI-SDR": [
            -5.989463137224547,
            -5.13977526045887
        ],
        "SI-SIR": [
            -2.480430782872553,
            -1.9306666283068048
        ],
        "SI-SAR": [
            -3.4264766233638766,
            -2.319580028082115
        ],
        "SD-SDR": [
            -6.400564557136542,
            -5.512662293131095
        ],
        "SNR": [
            -2.167827970934541,
            -1.7560698577596991
        ],
        "SRR": [
            4.041718173194585,
            5.334517600166192
        ],
        "SI-SDRi": [
            2.1688164437443795,
            2.4025359013494247
        ],
        "SD-SDRi": [
            1.7612765495844886,
            2.031538128741947
        ],
        "SNRi": [
            5.37982961828585,
            5.366769687211254
        ],
        "MIX-SI-SDR": [
            -8.158279580968927,
            -7.5423111618082945
        ],
        "MIX-SD-SDR": [
            -8.161841106721031,
            -7.544200421873042
        ],
        "MIX-SNR": [
            -7.547657589220391,
            -7.122839544970953
        ]
    },
    "drums+other+vocals": {
        "SI-SDR": [
            3.926226624116344,
            3.9519833184935353
        ],
        "SI-SIR": [
            12.714240235142798,
            12.820903081321624
        ],
        "SI-SAR": [
            4.541980176328691,
            4.55554397877912
        ],
        "SD-SDR": [
            1.585906170605083,
            1.3849130687331792
        ],
        "SNR": [
            5.323500827417136,
            5.300593893869683
        ],
        "SRR": [
            5.38873493853824,
            4.888873129042384
        ],
        "SI-SDRi": [
            -3.5200651110453514,
            -3.0925996582537656
        ],
        "SD-SDRi": [
            -5.856824038804502,
            -5.657780647949373
        ],
        "SNRi": [
            -2.224156761803255,
            -1.8222456511012712
        ],
        "MIX-SI-SDR": [
            7.4462917351616955,
            7.044582976747301
        ],
        "MIX-SD-SDR": [
            7.442730209409586,
            7.042693716682552
        ],
        "MIX-SNR": [
            7.547657589220391,
            7.1228395449709545
        ]
    }
}