{
    "combination": [
        0,
        1
    ],
    "permutation": [
        0,
        1
    ],
    "bass": {
        "SI-SDR": [
            -3.495980493169582,
            -4.139597642169696
        ],
        "SI-SIR": [
            -1.4839409784054536,
            -1.9070987613404236
        ],
        "SI-SAR": [
            0.8127467132172929,
            -0.1811302376451947
        ],
        "SD-SDR": [
            -3.6847146200063188,
            -4.380805184943512
        ],
        "SNR": [
            -1.30496815814349,
            -1.5524738146416686
        ],
        "SRR": [
            10.028649451945348,
            8.293174673903529
        ],
        "SI-SDRi": [
            2.2216806095450936,
            2.908478383486578
        ],
        "SD-SDRi": [
            2.0338937750285027,
            2.6805300313736913
        ],
        "SNRi": [
            4.169326027954165,
            4.489821958787568
        ],
        "MIX-SI-SDR": [
            -5.7176611027146755,
            -7.0480760256562744
        ],
        "MIX-SD-SDR": [
            -5.718608395034821,
            -7.061335216317203
        ],
        "MIX-SNR": [
            -5.474294186097655,
            -6.042295773429236
        ]
    },
    "drums+other+vocals": {
        "SI-SDR": [
            2.4733337806561333,
            2.9749567911863712
        ],
        "SI-SIR": [
            12.727672147601389,
            13.6438839140604
        ],
        "SI-SAR": [
            2.9035468210187156,
            3.3641881524517885
        ],
        "SD-SDR": [
            -1.6129654489704244,
            -0.8567805195544356
        ],
        "SNR": [
            4.143918389564209,
            4.463079049581022
        ],
        "SRR": [
            0.5356903324836919,
            1.463013947387185
        ],
        "SI-SDRi": [
            -2.933336946226414,
            -2.838057894046327
        ],
        "SD-SDRi": [
            -7.018688883532829,
            -6.6565360141262095
        ],
        "SNRi": [
            -1.3303757965334464,
            -1.579216723848214
        ],
        "MIX-SI-SDR": [
            5.406670726882547,
            5.813014685232698
        ],
        "MIX-SD-SDR": [
            5.405723434562405,
            5.799755494571774
        ],
        "MIX-SNR": [
            5.474294186097655,
            6.042295773429236
        ]
    }
}