{
    "combination": [
        0,
        1
    ],
    "permutation": [
        0,
        1
    ],
    "bass": {
        "SI-SDR": [
            2.601084676841854,
            -0.2702784353065012
        ],
        "SI-SIR": [
            8.671664849287469,
            5.659022201512568
        ],
        "SI-SAR": [
            3.83393896485249,
            1.0099735810711918
        ],
        "SD-SDR": [
            2.303663673965565,
            -0.5556994575805587
        ],
        "SNR": [
            3.86802095560397,
            1.5126304217013555
        ],
        "SRR": [
            14.095652297331203,
            11.409213036521104
        ],
        "SI-SDRi": [
            8.89596827449898,
            8.48762640608083
        ],
        "SD-SDRi": [
            8.599528419978181,
            8.202977277397741
        ],
        "SNRi": [
            9.898482459014092,
            9.959562877965627
        ],
        "MIX-SI-SDR": [
            -6.294883597657125,
            -8.757904841387331
        ],
        "MIX-SD-SDR": [
            -6.295864746012617,
            -8.7586767349783
        ],
        "MIX-SNR": [
            -6.030461503410121,
            -8.446932456264271
        ]
    },
    "drums+other+vocals": {
        "SI-SDR": [
            9.44014156199075,
            9.528233232584999
        ],
        "SI-SIR": [
            20.67400157594929,
            20.826130139352045
        ],
        "SI-SAR": [
            9.779985645561528,
            9.86290634430855
        ],
        "SD-SDR": [
            8.278221269071127,
            8.33233926711557
        ],
        "SNR": [
            9.765795047639442,
            9.828565674468182
        ],
        "SRR": [
            14.572316273714314,
            14.517490150946244
        ],
        "SI-SDRi": [
            3.4741439879263316,
            1.1244255859254206
        ],
        "SD-SDRi": [
            2.3132048433621977,
            -0.07069648595303946
        ],
        "SNRi": [
            3.73533354422932,
            1.3816332182039108
        ],
        "MIX-SI-SDR": [
            5.965997574064418,
            8.403807646659578
        ],
        "MIX-SD-SDR": [
            5.965016425708929,
            8.40303575306861
        ],
        "MIX-SNR": [
            6.030461503410121,
            8.446932456264271
        ]
    }
}