{
    "combination": [
        0,
        1
    ],
    "permutation": [
        0,
        1
    ],
    "bass": {
        "SI-SDR": [
            -13.256596577400156,
            -13.263357605885378
        ],
        "SI-SIR": [
            -11.41343903425221,
            -11.486068813143147
        ],
        "SI-SAR": [
            -8.645343866922712,
            -8.524713367054485
        ],
        "SD-SDR": [
            -13.504824981282272,
            -13.464088558669573
        ],
        "SNR": [
            -6.99520277132326,
            -7.437281430546655
        ],
        "SRR": [
            -0.951973561043093,
            -0.012409996979683521
        ],
        "SI-SDRi": [
            -0.24355381617053773,
            0.012136373658492516
        ],
        "SD-SDRi": [
            -0.49157126530006323,
            -0.18812533740842952
        ],
        "SNRi": [
            5.751371116358225,
            5.432049902466398
        ],
        "MIX-SI-SDR": [
            -13.013042761229618,
            -13.275493979543871
        ],
        "MIX-SD-SDR": [
            -13.01325371598221,
            -13.275963221261144
        ],
        "MIX-SNR": [
            -12.746573887681485,
            -12.869331333013053
        ]
    },
    "drums+other+vocals": {
        "SI-SDR": [
            5.391707266555564,
            4.950875785479613
        ],
        "SI-SIR": [
            14.014634636268841,
            14.420949033569435
        ],
        "SI-SAR": [
            6.033167738690734,
            5.4715303341950605
        ],
        "SD-SDR": [
            1.1811983398842978,
            0.535417427812785
        ],
        "SNR": [
            5.727040093575255,
            5.401755183452968
        ],
        "SRR": [
            3.2521747473936746,
            2.485767806452053
        ],
        "SI-SDRi": [
            -7.341112866207524,
            -7.8983821790457425
        ],
        "SD-SDRi": [
            -11.551410838126202,
            -12.313371294995303
        ],
        "SNRi": [
            -7.019533794106231,
            -7.4675761495600845
        ],
        "MIX-SI-SDR": [
            12.732820132763088,
            12.849257964525355
        ],
        "MIX-SD-SDR": [
            12.732609178010499,
            12.848788722808088
        ],
        "MIX-SNR": [
            12.746573887681485,
            12.869331333013053
        ]
    }
}