{
    "combination": [
        0,
        1
    ],
    "permutation": [
        0,
        1
    ],
    "bass": {
        "SI-SDR": [
            -2.7237725298709776,
            -3.577509730084713
        ],
        "SI-SIR": [
            -0.24430360646025798,
            -1.4059431380319012
        ],
        "SI-SAR": [
            0.8913954256808903,
            0.4732361206390736
        ],
        "SD-SDR": [
            -2.7484428935715313,
            -3.591552375210189
        ],
        "SNR": [
            -1.8947559388445414,
            -2.875651622079425
        ],
        "SRR": [
            19.719974041225083,
            21.31882096001874
        ],
        "SI-SDRi": [
            4.75149669574639,
            4.324570804662484
        ],
        "SD-SDRi": [
            4.728682252244867,
            4.314600104778676
        ],
        "SNRi": [
            6.017730930662684,
            5.71772149913371
        ],
        "MIX-SI-SDR": [
            -7.475269225617367,
            -7.902080534747197
        ],
        "MIX-SD-SDR": [
            -7.477125145816398,
            -7.906152479988865
        ],
        "MIX-SNR": [
            -7.912486869507226,
            -8.593373121213135
        ]
    },
    "drums+other+vocals": {
        "SI-SDR": [
            5.41723245153301,
            5.13735060094281
        ],
        "SI-SIR": [
            22.804486177030387,
            23.23546404974644
        ],
        "SI-SAR": [
            5.497225537985333,
            5.2051708792238305
        ],
        "SD-SDR": [
            1.8412559003006201,
            1.1527316722593213
        ],
        "SNR": [
            5.955942854266574,
            5.651667749254477
        ],
        "SRR": [
            4.351140808183641,
            3.3677434213012116
        ],
        "SI-SDRi": [
            -2.5690109037527913,
            -3.558403318655065
        ],
        "SD-SDRi": [
            -6.143131534786152,
            -7.538950302096888
        ],
        "SNRi": [
            -1.9565440152406515,
            -2.9417053719586583
        ],
        "MIX-SI-SDR": [
            7.986243355285802,
            8.695753919597875
        ],
        "MIX-SD-SDR": [
            7.984387435086772,
            8.691681974356209
        ],
        "MIX-SNR": [
            7.912486869507226,
            8.593373121213135
        ]
    }
}