{
    "combination": [
        0,
        1
    ],
    "permutation": [
        0,
        1
    ],
    "bass": {
        "SI-SDR": [
            -1.2591822250677338,
            -2.5451815384044165
        ],
        "SI-SIR": [
            2.6095236619546514,
            1.220302215809737
        ],
        "SI-SAR": [
            1.0347005902059974,
            -0.17799570679925503
        ],
        "SD-SDR": [
            -1.4943941436675567,
            -2.7712095467681683
        ],
        "SNR": [
            0.6002052338580177,
            -0.42691187420900506
        ],
        "SRR": [
            11.285930906931178,
            10.177534848723477
        ],
        "SI-SDRi": [
            5.769764046764346,
            6.093367889064827
        ],
        "SD-SDRi": [
            5.53499722004324,
            5.867731800830474
        ],
        "SNRi": [
            7.434291467882119,
            8.43802289169906
        ],
        "MIX-SI-SDR": [
            -7.02894627183208,
            -8.638549427469243
        ],
        "MIX-SD-SDR": [
            -7.029391363710797,
            -8.638941347598642
        ],
        "MIX-SNR": [
            -6.834086234024101,
            -8.864934765908064
        ]
    },
    "drums+other+vocals": {
        "SI-SDR": [
            6.826855441627529,
            8.16261718281811
        ],
        "SI-SIR": [
            17.90266284399427,
            18.914675527677577
        ],
        "SI-SAR": [
            7.17982099812618,
            8.54413491203092
        ],
        "SD-SDR": [
            4.648529434473987,
            5.958991986389158
        ],
        "SNR": [
            7.368682603138755,
            8.35505152895201
        ],
        "SRR": [
            8.688876823660276,
            9.960781325046206
        ],
        "SI-SDRi": [
            0.03245089756478503,
            -0.7323934804121883
        ],
        "SD-SDRi": [
            -2.1454300177100407,
            -2.935626756711745
        ],
        "SNRi": [
            0.5345963691146531,
            -0.5098832369560533
        ],
        "MIX-SI-SDR": [
            6.794404544062744,
            8.895010663230298
        ],
        "MIX-SD-SDR": [
            6.793959452184028,
            8.894618743100903
        ],
        "MIX-SNR": [
            6.8340862340241015,
            8.864934765908064
        ]
    }
}