{
    "combination": [
        0,
        1
    ],
    "permutation": [
        0,
        1
    ],
    "bass": {
        "SI-SDR": [
            -1.47914260037492,
            0.275327758239786
        ],
        "SI-SIR": [
            2.43738138425884,
            4.618980290002023
        ],
        "SI-SAR": [
            0.78177378545391,
            2.2669167852767527
        ],
        "SD-SDR": [
            -1.8185521179503357,
            -0.15258834852512537
        ],
        "SNR": [
            0.7108267130898298,
            2.2044333301294268
        ],
        "SRR": [
            9.420650416050366,
            10.123869826047683
        ],
        "SI-SDRi": [
            6.710496804194304,
            7.343752620405634
        ],
        "SD-SDRi": [
            6.371514907651436,
            6.916047447890101
        ],
        "SNRi": [
            8.682384324014986,
            9.13754094580635
        ],
        "MIX-SI-SDR": [
            -8.189639404569224,
            -7.068424862165847
        ],
        "MIX-SD-SDR": [
            -8.190067025601772,
            -7.068635796415227
        ],
        "MIX-SNR": [
            -7.971557610925157,
            -6.933107615676923
        ]
    },
    "drums+other+vocals": {
        "SI-SDR": [
            8.44902795974092,
            8.875632992254051
        ],
        "SI-SIR": [
            17.940484466048876,
            17.601171906957415
        ],
        "SI-SAR": [
            8.96696652275077,
            9.50098243607288
        ],
        "SD-SDR": [
            6.375327919161085,
            7.084866432615264
        ],
        "SNR": [
            8.625780118727373,
            9.072463137677653
        ],
        "SRR": [
            10.58138292020484,
            11.796979736832292
        ],
        "SI-SDRi": [
            0.5115352646626077,
            1.9696052972567424
        ],
        "SD-SDRi": [
            -1.5617371548846801,
            0.17904967186733156
        ],
        "SNRi": [
            0.6542225078022161,
            2.13935552200073
        ],
        "MIX-SI-SDR": [
            7.937492695078313,
            6.9060276949973085
        ],
        "MIX-SD-SDR": [
            7.9370650740457656,
            6.905816760747933
        ],
        "MIX-SNR": [
            7.971557610925157,
            6.933107615676923
        ]
    }
}