{
    "combination": [
        0,
        1
    ],
    "permutation": [
        0,
        1
    ],
    "bass": {
        "SI-SDR": [
            -3.395262979915418,
            -1.9917312841586365
        ],
        "SI-SIR": [
            0.41770385695880147,
            2.0633033700810817
        ],
        "SI-SAR": [
            -1.06216750067929,
            0.17705517991747777
        ],
        "SD-SDR": [
            -3.444602448501519,
            -2.0397631566918646
        ],
        "SNR": [
            -2.170306288493577,
            -0.9579567398507458
        ],
        "SRR": [
            16.02594236727114,
            17.54677857806096
        ],
        "SI-SDRi": [
            5.789007588371715,
            6.2225964407077194
        ],
        "SD-SDRi": [
            5.739700018853756,
            6.175184534189001
        ],
        "SNRi": [
            7.082030054539532,
            7.528388074246108
        ],
        "MIX-SI-SDR": [
            -9.184270568287133,
            -8.214327724866356
        ],
        "MIX-SD-SDR": [
            -9.184302467355275,
            -8.214947690880866
        ],
        "MIX-SNR": [
            -9.25233634303311,
            -8.486344814096853
        ]
    },
    "drums+other+vocals": {
        "SI-SDR": [
            6.333519640809052,
            6.892456259407478
        ],
        "SI-SIR": [
            23.608057818769698,
            24.062000997281142
        ],
        "SI-SAR": [
            6.415636029845793,
            6.976601646732844
        ],
        "SD-SDR": [
            4.046226203356882,
            4.758327379616892
        ],
        "SNR": [
            6.9786239680819415,
            7.430834632070828
        ],
        "SRR": [
            7.924419125163813,
            8.867419690811808
        ],
        "SI-SDRi": [
            -2.9269580397648687,
            -1.6334846390900086
        ],
        "SD-SDRi": [
            -5.214219578148898,
            -3.7669935528660794
        ],
        "SNRi": [
            -2.2737123749511676,
            -1.0555101820260253
        ],
        "MIX-SI-SDR": [
            9.26047768057392,
            8.525940898497486
        ],
        "MIX-SD-SDR": [
            9.26044578150578,
            8.525320932482972
        ],
        "MIX-SNR": [
            9.25233634303311,
            8.486344814096853
        ]
    }
}