{
    "combination": [
        0,
        1
    ],
    "permutation": [
        0,
        1
    ],
    "bass": {
        "SI-SDR": [
            -0.8862049396918255,
            -2.10318327623845
        ],
        "SI-SIR": [
            2.8996835979648132,
            1.388613154519882
        ],
        "SI-SAR": [
            1.4662528250712514,
            0.4737151703298987
        ],
        "SD-SDR": [
            -1.073958990892796,
            -2.269440563926067
        ],
        "SNR": [
            0.7436689504595894,
            -0.3196614082519831
        ],
        "SRR": [
            12.661529779371293,
            11.983459089187612
        ],
        "SI-SDRi": [
            5.065480876662798,
            4.706013640597808
        ],
        "SD-SDRi": [
            4.880355393356586,
            4.540737328609511
        ],
        "SNRi": [
            7.132749333935939,
            6.781242246732852
        ],
        "MIX-SI-SDR": [
            -5.951685816354624,
            -6.8091969168362585
        ],
        "MIX-SD-SDR": [
            -5.954314384249382,
            -6.810177892535578
        ],
        "MIX-SNR": [
            -6.389080383476349,
            -7.100903654984835
        ]
    },
    "drums+other+vocals": {
        "SI-SDR": [
            6.455088178618604,
            6.06970397447605
        ],
        "SI-SIR": [
            17.48058775267131,
            17.556672329055814
        ],
        "SI-SAR": [
            6.812340044381953,
            6.389581087501519
        ],
        "SD-SDR": [
            4.265690159053229,
            3.634949799417026
        ],
        "SNR": [
            7.095156088765272,
            6.748212865042699
        ],
        "SRR": [
            8.289093088716283,
            7.30889291135589
        ],
        "SI-SDRi": [
            -0.03841302630788945,
            -1.0896246567660173
        ],
        "SD-SDRi": [
            -2.2251824779785085,
            -3.523397856125722
        ],
        "SNRi": [
            0.7060757052889244,
            -0.35269078994213565
        ],
        "MIX-SI-SDR": [
            6.493501204926494,
            7.159328631242067
        ],
        "MIX-SD-SDR": [
            6.490872637031737,
            7.158347655542748
        ],
        "MIX-SNR": [
            6.389080383476347,
            7.100903654984835
        ]
    }
}