{
    "combination": [
        0,
        1
    ],
    "permutation": [
        0,
        1
    ],
    "bass": {
        "SI-SDR": [
            -0.5313547094050812,
            -0.3294250616543539
        ],
        "SI-SIR": [
            6.484174587141704,
            6.040888695482996
        ],
        "SI-SAR": [
            0.4313120388670133,
            0.8093808236355791
        ],
        "SD-SDR": [
            -0.599950084233057,
            -0.4782256024172842
        ],
        "SNR": [
            0.4933403070757023,
            1.0612444613119296
        ],
        "SRR": [
            17.44919723717024,
            14.247760259189288
        ],
        "SI-SDRi": [
            8.869686490720609,
            7.882697304307892
        ],
        "SD-SDRi": [
            8.802549770215583,
            7.734321509389563
        ],
        "SNRi": [
            10.378907397199738,
            9.497762004720203
        ],
        "MIX-SI-SDR": [
            -9.40104120012569,
            -8.212122365962246
        ],
        "MIX-SD-SDR": [
            -9.40249985444864,
            -8.212547111806847
        ],
        "MIX-SNR": [
            -9.885567090124036,
            -8.436517543408273
        ]
    },
    "drums+other+vocals": {
        "SI-SDR": [
            10.00578805105734,
            9.021981567732752
        ],
        "SI-SIR": [
            26.819154913257968,
            22.668052216603343
        ],
        "SI-SAR": [
            10.097201539470229,
            9.213728903830381
        ],
        "SD-SDR": [
            9.062456216931814,
            7.924936454721771
        ],
        "SNR": [
            10.319013850579298,
            9.433866925848823
        ],
        "SRR": [
            16.15678614193967,
            14.43751680513558
        ],
        "SI-SDRi": [
            0.06790989044116102,
            0.5525800277224615
        ],
        "SD-SDRi": [
            -0.8739632893614111,
            -0.5440403394439182
        ],
        "SNRi": [
            0.4334467604552614,
            0.9973493824405502
        ],
        "MIX-SI-SDR": [
            9.93787816061618,
            8.46940154001029
        ],
        "MIX-SD-SDR": [
            9.936419506293225,
            8.46897679416569
        ],
        "MIX-SNR": [
            9.885567090124036,
            8.436517543408273
        ]
    }
}