{
    "combination": [
        0,
        1
    ],
    "permutation": [
        0,
        1
    ],
    "bass": {
        "SI-SDR": [
            -5.0431110911948585,
            -6.150542164019754
        ],
        "SI-SIR": [
            -2.751622636099758,
            -4.327461706651592
        ],
        "SI-SAR": [
            -1.1709619929837187,
            -1.5010576646546911
        ],
        "SD-SDR": [
            -5.1519488975242105,
            -6.296297169734027
        ],
        "SNR": [
            -2.975947881118943,
            -3.529864145894119
        ],
        "SRR": [
            10.912401672538262,
            8.517984837760567
        ],
        "SI-SDRi": [
            4.68949653705518,
            4.044629910670693
        ],
        "SD-SDRi": [
            4.583495857174313,
            3.90208945414669
        ],
        "SNRi": [
            7.468532618067096,
            7.468672380952115
        ],
        "MIX-SI-SDR": [
            -9.732607628250038,
            -10.195172074690447
        ],
        "MIX-SD-SDR": [
            -9.735444754698523,
            -10.198386623880717
        ],
        "MIX-SNR": [
            -10.444480499186039,
            -10.998536526846234
        ]
    },
    "drums+other+vocals": {
        "SI-SDR": [
            7.737356747867473,
            8.174353779882036
        ],
        "SI-SIR": [
            19.319277226649398,
            17.829646127553254
        ],
        "SI-SAR": [
            8.050060909175556,
            8.671974630887743
        ],
        "SD-SDR": [
            4.06425363071531,
            3.870602890936401
        ],
        "SNR": [
            7.429316279145408,
            7.437669129319396
        ],
        "SRR": [
            6.499639390002374,
            5.885577586769168
        ],
        "SI-SDRi": [
            -2.776397047405533,
            -2.893743380463029
        ],
        "SD-SDRi": [
            -6.446663038109211,
            -7.194279720218394
        ],
        "SNRi": [
            -3.0151642200406306,
            -3.560867397526838
        ],
        "MIX-SI-SDR": [
            10.513753795273006,
            11.068097160345065
        ],
        "MIX-SD-SDR": [
            10.510916668824521,
            11.064882611154795
        ],
        "MIX-SNR": [
            10.444480499186039,
            10.998536526846234
        ]
    }
}