{
    "combination": [
        0,
        1
    ],
    "permutation": [
        0,
        1
    ],
    "bass": {
        "SI-SDR": [
            -2.6527299626008367,
            -1.1002881646177307
        ],
        "SI-SIR": [
            3.536621398758884,
            4.489503382161462
        ],
        "SI-SAR": [
            -1.4581667469871276,
            0.3027523079676109
        ],
        "SD-SDR": [
            -2.911104097094799,
            -1.3182209632357982
        ],
        "SNR": [
            -0.3948695114051207,
            0.6718464389918575
        ],
        "SRR": [
            9.472795278246377,
            11.784906929974186
        ],
        "SI-SDRi": [
            7.375587728241758,
            8.105901114045302
        ],
        "SD-SDRi": [
            7.120613403826646,
            7.890967930347748
        ],
        "SNRi": [
            10.444423883795885,
            10.566300021771319
        ],
        "MIX-SI-SDR": [
            -10.028317690842595,
            -9.206189278663032
        ],
        "MIX-SD-SDR": [
            -10.031717500921445,
            -9.209188893583546
        ],
        "MIX-SNR": [
            -10.839293395201006,
            -9.894453582779462
        ]
    },
    "drums+other+vocals": {
        "SI-SDR": [
            10.1438991100807,
            10.377753868632151
        ],
        "SI-SIR": [
            21.129633931130623,
            21.861763962022817
        ],
        "SI-SAR": [
            10.504577348380838,
            10.69785717854419
        ],
        "SD-SDR": [
            9.058709104893824,
            9.084830570237164
        ],
        "SNR": [
            10.390552069631923,
            10.509886323317927
        ],
        "SRR": [
            15.612796865782562,
            14.977381555086955
        ],
        "SI-SDRi": [
            -0.7682743904207712,
            0.4075499667064495
        ],
        "SD-SDRi": [
            -1.850064585528795,
            -0.8823737167680239
        ],
        "SNRi": [
            -0.44874132556908286,
            0.6154327405384628
        ],
        "MIX-SI-SDR": [
            10.91217350050147,
            9.970203901925702
        ],
        "MIX-SD-SDR": [
            10.908773690422619,
            9.967204287005188
        ],
        "MIX-SNR": [
            10.839293395201006,
            9.894453582779464
        ]
    }
}