{
    "combination": [
        0,
        1
    ],
    "permutation": [
        0,
        1
    ],
    "bass": {
        "SI-SDR": [
            -5.817809886063573,
            -5.519615026304545
        ],
        "SI-SIR": [
            -4.711782360108852,
            -4.074644609192978
        ],
        "SI-SAR": [
            0.6636575336240469,
            -0.03788972626529728
        ],
        "SD-SDR": [
            -7.589979783916188,
            -5.635139077622391
        ],
        "SNR": [
            -0.033125787712696746,
            -3.289913778994515
        ],
        "SRR": [
            -2.8411946878045025,
            10.173613912892707
        ],
        "SI-SDRi": [
            1.7283164079728923,
            2.0312591381440486
        ],
        "SD-SDRi": [
            -0.03948654726495171,
            1.9201752240627084
        ],
        "SNRi": [
            8.200316410699953,
            4.954676297848206
        ],
        "MIX-SI-SDR": [
            -7.5461262940364655,
            -7.550874164448594
        ],
        "MIX-SD-SDR": [
            -7.550493236651237,
            -7.555314301685099
        ],
        "MIX-SNR": [
            -8.23344219841265,
            -8.244590076842721
        ]
    },
    "drums+other+vocals": {
        "SI-SDR": [
            1.7579523054678095,
            3.325399358251617
        ],
        "SI-SIR": [
            7.781337550220446,
            8.163213447467374
        ],
        "SI-SAR": [
            3.0064116245543557,
            5.053390317568603
        ],
        "SD-SDR": [
            -11.420827776176871,
            -0.9463217435077915
        ],
        "SNR": [
            1.8975511604443975,
            4.547455395183956
        ],
        "SRR": [
            -11.2067527087887,
            1.0876737883721508
        ],
        "SI-SDRi": [
            -6.585922612295712,
            -5.030439621176298
        ],
        "SD-SDRi": [
            -19.760335751325623,
            -9.297720585699201
        ],
        "SNRi": [
            -6.335891037968253,
            -3.697134681658765
        ],
        "MIX-SI-SDR": [
            8.343874917763522,
            8.355838979427915
        ],
        "MIX-SD-SDR": [
            8.339507975148752,
            8.35139884219141
        ],
        "MIX-SNR": [
            8.23344219841265,
            8.244590076842721
        ]
    }
}