{
    "combination": [
        0,
        1
    ],
    "permutation": [
        0,
        1
    ],
    "bass": {
        "SI-SDR": [
            -5.400118869665727,
            -5.2353438176871485
        ],
        "SI-SIR": [
            -4.425959353471651,
            -4.188208204022864
        ],
        "SI-SAR": [
            1.569402364217456,
            1.4555230210716537
        ],
        "SD-SDR": [
            -5.558899926526962,
            -5.373350729713609
        ],
        "SNR": [
            -2.8923951511154837,
            -2.907358660642392
        ],
        "SRR": [
            8.890104953347503,
            9.674304728126147
        ],
        "SI-SDRi": [
            2.8717106909946732,
            3.0984538244754027
        ],
        "SD-SDRi": [
            2.7142284180858134,
            2.962048700457185
        ],
        "SNRi": [
            5.779055435976042,
            5.874802293718267
        ],
        "MIX-SI-SDR": [
            -8.2718295606604,
            -8.333797642162551
        ],
        "MIX-SD-SDR": [
            -8.273128344612775,
            -8.335399430170794
        ],
        "MIX-SNR": [
            -8.671450587091526,
            -8.78216095436066
        ]
    },
    "drums+other+vocals": {
        "SI-SDR": [
            6.841440945051904,
            6.890329262488386
        ],
        "SI-SIR": [
            14.393474235159275,
            15.111123174957333
        ],
        "SI-SAR": [
            7.680641043189067,
            7.599376283682082
        ],
        "SD-SDR": [
            0.5720045086929009,
            0.7853841552627028
        ],
        "SNR": [
            5.765419714010065,
            5.860316512814892
        ],
        "SRR": [
            1.741516928341709,
            2.007016589421991
        ],
        "SI-SDRi": [
            -1.886478761073139,
            -1.9539068077687958
        ],
        "SD-SDRi": [
            -8.154616413479763,
            -8.05725012698624
        ],
        "SNRi": [
            -2.906030873081461,
            -2.921844441545767
        ],
        "MIX-SI-SDR": [
            8.727919706125043,
            8.844236070257182
        ],
        "MIX-SD-SDR": [
            8.726620922172664,
            8.842634282248943
        ],
        "MIX-SNR": [
            8.671450587091526,
            8.78216095436066
        ]
    }
}