{
    "combination": [
        0,
        1
    ],
    "permutation": [
        0,
        1
    ],
    "bass": {
        "SI-SDR": [
            -0.6744353985434294,
            -0.0928959337349504
        ],
        "SI-SIR": [
            1.9390119766798861,
            2.8246252945238934
        ],
        "SI-SAR": [
            2.7726616625050626,
            3.012208139019918
        ],
        "SD-SDR": [
            -2.374104226885931,
            -1.4629145874678802
        ],
        "SNR": [
            2.4766039705095246,
            2.7035136768213617
        ],
        "SRR": [
            2.5222493344398274,
            4.21468029300852
        ],
        "SI-SDRi": [
            2.4396375513497666,
            3.3592899767084106
        ],
        "SD-SDRi": [
            0.7595261121737145,
            2.0042024101214597
        ],
        "SNRi": [
            4.812822685758187,
            5.4434469866967525
        ],
        "MIX-SI-SDR": [
            -3.114072949893196,
            -3.4521859104433608
        ],
        "MIX-SD-SDR": [
            -3.1336303390596454,
            -3.46711699758934
        ],
        "MIX-SNR": [
            -2.3362187152486618,
            -2.7399333098753904
        ]
    },
    "drums+other+vocals": {
        "SI-SDR": [
            3.0824497971569267,
            4.058251384756111
        ],
        "SI-SIR": [
            6.340577614530791,
            8.108037295094807
        ],
        "SI-SAR": [
            5.858303859410265,
            6.230440858375307
        ],
        "SD-SDR": [
            0.7365004430173974,
            1.7580873208285066
        ],
        "SNR": [
            4.783589015199082,
            5.416271253119077
        ],
        "SRR": [
            4.531458763623054,
            5.617782401625732
        ],
        "SI-SDRi": [
            1.1833892038264544,
            1.6827433952876762
        ],
        "SD-SDRi": [
            -1.1430027611466238,
            -0.6024895814939466
        ],
        "SNRi": [
            2.4473702999504203,
            2.6763379432436865
        ],
        "MIX-SI-SDR": [
            1.8990605933304723,
            2.3755079894684346
        ],
        "MIX-SD-SDR": [
            1.8795032041640212,
            2.360576902322453
        ],
        "MIX-SNR": [
            2.3362187152486618,
            2.7399333098753904
        ]
    }
}