{
    "combination": [
        0,
        1
    ],
    "permutation": [
        0,
        1
    ],
    "bass": {
        "SI-SDR": [
            -1.5935837861243831,
            -2.1051818869858305
        ],
        "SI-SIR": [
            0.6933793626612603,
            0.21065327103968556
        ],
        "SI-SAR": [
            2.2850855929519374,
            1.732169681353413
        ],
        "SD-SDR": [
            -1.7338449683354438,
            -2.324641098690098
        ],
        "SNR": [
            -0.023348758310989537,
            -0.11214795523049283
        ],
        "SRR": [
            13.244565039783867,
            10.74893140657835
        ],
        "SI-SDRi": [
            3.409681904326791,
            3.480182648267637
        ],
        "SD-SDRi": [
            3.2738252265146612,
            3.261668798089032
        ],
        "SNRi": [
            5.4910203532290245,
            5.721436925977534
        ],
        "MIX-SI-SDR": [
            -5.003265690451174,
            -5.5853645352534675
        ],
        "MIX-SD-SDR": [
            -5.007670194850105,
            -5.58630989677913
        ],
        "MIX-SNR": [
            -5.514369111540014,
            -5.8335848812080275
        ]
    },
    "drums+other+vocals": {
        "SI-SDR": [
            4.624635469256541,
            4.944797465923651
        ],
        "SI-SIR": [
            15.066157160198854,
            14.239733335541054
        ],
        "SI-SAR": [
            5.035812455934271,
            5.488274550516737
        ],
        "SD-SDR": [
            1.0243601777778686,
            1.4382176612973936
        ],
        "SNR": [
            5.463933926526565,
            5.68584053409138
        ],
        "SRR": [
            3.515329747346085,
            4.003177663391811
        ],
        "SI-SDRi": [
            -1.0394842513027616,
            -0.954953662614205
        ],
        "SD-SDRi": [
            -4.6353550383825,
            -4.460588105714799
        ],
        "SNRi": [
            -0.050435185013449235,
            -0.14774434711664775
        ],
        "MIX-SI-SDR": [
            5.664119720559302,
            5.899751128537856
        ],
        "MIX-SD-SDR": [
            5.659715216160369,
            5.898805767012193
        ],
        "MIX-SNR": [
            5.514369111540014,
            5.8335848812080275
        ]
    }
}