{
    "combination": [
        0,
        1
    ],
    "permutation": [
        0,
        1
    ],
    "bass": {
        "SI-SDR": [
            1.9671673851917162,
            3.4269076210554124
        ],
        "SI-SIR": [
            6.007393566777079,
            8.31751372925517
        ],
        "SI-SAR": [
            4.145572339725891,
            5.1293321507342995
        ],
        "SD-SDR": [
            0.5502515546240261,
            1.3983849987124142
        ],
        "SNR": [
            4.044409470933443,
            5.035478977569337
        ],
        "SRR": [
            6.103867506181546,
            5.679283577241465
        ],
        "SI-SDRi": [
            5.268209803945862,
            6.194183419632239
        ],
        "SD-SDRi": [
            3.854289852351398,
            4.167017441804218
        ],
        "SNRi": [
            7.688691100808364,
            8.01785123494074
        ],
        "MIX-SI-SDR": [
            -3.301042418754146,
            -2.7672757985768266
        ],
        "MIX-SD-SDR": [
            -3.304038297727372,
            -2.768632443091804
        ],
        "MIX-SNR": [
            -3.6442816298749205,
            -2.9823722573714013
        ]
    },
    "drums+other+vocals": {
        "SI-SDR": [
            6.94096543088239,
            7.264880188503106
        ],
        "SI-SIR": [
            10.927940152165899,
            10.526460751705656
        ],
        "SI-SAR": [
            9.154410500228638,
            10.037646727614721
        ],
        "SD-SDR": [
            5.562132000702279,
            6.322570917856622
        ],
        "SNR": [
            7.671752805486069,
            8.00177042840697
        ],
        "SRR": [
            11.216048946052615,
            13.421118313549265
        ],
        "SI-SDRi": [
            3.1450349199384737,
            4.172934551399457
        ],
        "SD-SDRi": [
            1.7691973687315898,
            3.2319819252679496
        ],
        "SNRi": [
            4.027471175611148,
            5.0193981710355695
        ],
        "MIX-SI-SDR": [
            3.795930510943916,
            3.091945637103649
        ],
        "MIX-SD-SDR": [
            3.7929346319706894,
            3.090588992588672
        ],
        "MIX-SNR": [
            3.6442816298749205,
            2.9823722573714013
        ]
    }
}