{
    "combination": [
        0,
        1
    ],
    "permutation": [
        0,
        1
    ],
    "bass": {
        "SI-SDR": [
            4.022511906584095,
            4.348776651448279
        ],
        "SI-SIR": [
            7.393737760519265,
            7.812605170541116
        ],
        "SI-SAR": [
            6.699593237492651,
            6.948463207332869
        ],
        "SD-SDR": [
            2.720532782327917,
            3.0967626951670937
        ],
        "SNR": [
            5.4681755618239265,
            5.7058103716324915
        ],
        "SRR": [
            8.587073969153566,
            9.10949235571056
        ],
        "SI-SDRi": [
            4.736659437532669,
            4.996223767630353
        ],
        "SD-SDRi": [
            3.4349107703841124,
            3.744380464657433
        ],
        "SNRi": [
            6.251522469806644,
            6.412289030599112
        ],
        "MIX-SI-SDR": [
            -0.7141475309485743,
            -0.6474471161820733
        ],
        "MIX-SD-SDR": [
            -0.7143779880561951,
            -0.6476177694903391
        ],
        "MIX-SNR": [
            -0.7833469079827176,
            -0.706478658966621
        ]
    },
    "drums+other+vocals": {
        "SI-SDR": [
            5.052511597195296,
            5.253802361589748
        ],
        "SI-SIR": [
            9.203366742637087,
            9.58949953870603
        ],
        "SI-SAR": [
            7.160344356343607,
            7.250026741168902
        ],
        "SD-SDR": [
            3.2311618359997043,
            3.459552053832776
        ],
        "SNR": [
            6.17516956986183,
            6.323739250378601
        ],
        "SRR": [
            7.883966149389138,
            8.164847212093873
        ],
        "SI-SDRi": [
            4.211310324707135,
            4.497103580745366
        ],
        "SD-SDRi": [
            2.3901910206191648,
            2.703023926296663
        ],
        "SNRi": [
            5.391822661879113,
            5.617260591411981
        ],
        "MIX-SI-SDR": [
            0.8412012724881603,
            0.756698780844382
        ],
        "MIX-SD-SDR": [
            0.8409708153805397,
            0.7565281275361131
        ],
        "MIX-SNR": [
            0.7833469079827176,
            0.7064786589666203
        ]
    }
}