{
    "combination": [
        0,
        1
    ],
    "permutation": [
        0,
        1
    ],
    "bass": {
        "SI-SDR": [
            -2.677466967743172,
            -4.362470822815072
        ],
        "SI-SIR": [
            0.07928375817819514,
            -1.769169622844942
        ],
        "SI-SAR": [
            0.6021077244449488,
            -0.8908384567131031
        ],
        "SD-SDR": [
            -2.9186821359609083,
            -4.619295663870277
        ],
        "SNR": [
            -0.47260569330748153,
            -1.648158146419507
        ],
        "SRR": [
            9.755164206273431,
            7.789956790487482
        ],
        "SI-SDRi": [
            6.226356726163814,
            5.744104083786186
        ],
        "SD-SDRi": [
            5.986291230686847,
            5.492478651177711
        ],
        "SNRi": [
            8.047100579202217,
            7.550891175855452
        ],
        "MIX-SI-SDR": [
            -8.903823693906986,
            -10.106574906601258
        ],
        "MIX-SD-SDR": [
            -8.904973366647756,
            -10.111774315047988
        ],
        "MIX-SNR": [
            -8.5197062725097,
            -9.19904932227496
        ]
    },
    "drums+other+vocals": {
        "SI-SDR": [
            8.137524726153789,
            7.610034597898471
        ],
        "SI-SIR": [
            18.38019307838353,
            17.810288304521457
        ],
        "SI-SAR": [
            8.568954802314323,
            8.045918540068593
        ],
        "SD-SDR": [
            5.076906228146747,
            4.322253057923381
        ],
        "SNR": [
            7.977064171056303,
            7.507636403309814
        ],
        "SRR": [
            8.037463976563302,
            7.0717407093285125
        ],
        "SI-SDRi": [
            -0.3301787617802603,
            -1.489396466297391
        ],
        "SD-SDRi": [
            -3.389647587046536,
            -4.77197859782575
        ],
        "SNRi": [
            -0.5426421014533966,
            -1.6914129189651455
        ],
        "MIX-SI-SDR": [
            8.467703487934049,
            9.099431064195862
        ],
        "MIX-SD-SDR": [
            8.466553815193283,
            9.09423165574913
        ],
        "MIX-SNR": [
            8.5197062725097,
            9.19904932227496
        ]
    }
}