{
    "combination": [
        0,
        1
    ],
    "permutation": [
        0,
        1
    ],
    "bass": {
        "SI-SDR": [
            -2.873498729068463,
            -3.599069133666037
        ],
        "SI-SIR": [
            0.31703119567995286,
            -0.6169792154419387
        ],
        "SI-SAR": [
            -0.03624636513448376,
            -0.5603746987454878
        ],
        "SD-SDR": [
            -3.1805738323249004,
            -3.9093273326435045
        ],
        "SNR": [
            -0.40306746829650086,
            -0.9136349662962795
        ],
        "SRR": [
            8.477456127216325,
            7.705488717977557
        ],
        "SI-SDRi": [
            5.122231671678902,
            5.108012758153841
        ],
        "SD-SDRi": [
            4.8151937044671795,
            4.798002605416839
        ],
        "SNRi": [
            7.656703983247096,
            7.616637275199014
        ],
        "MIX-SI-SDR": [
            -7.995730400747365,
            -8.707081891819877
        ],
        "MIX-SD-SDR": [
            -7.99576753679208,
            -8.707329938060344
        ],
        "MIX-SNR": [
            -8.059771451543597,
            -8.530272241495293
        ]
    },
    "drums+other+vocals": {
        "SI-SDR": [
            7.290402352904513,
            7.355913958777633
        ],
        "SI-SIR": [
            16.49030597472254,
            16.5663124552547
        ],
        "SI-SAR": [
            7.846706481795297,
            7.9107858303356915
        ],
        "SD-SDR": [
            4.724530726427942,
            4.579629281831587
        ],
        "SNR": [
            7.570471974308514,
            7.537085039642461
        ],
        "SRR": [
            8.229978454679937,
            7.837275960127479
        ],
        "SI-SDRi": [
            -0.7794426711169322,
            -1.1499865578181039
        ],
        "SD-SDRi": [
            -3.345277161548787,
            -3.926023188523689
        ],
        "SNRi": [
            -0.4892994772350825,
            -0.993187201852832
        ],
        "MIX-SI-SDR": [
            8.069845024021445,
            8.505900516595737
        ],
        "MIX-SD-SDR": [
            8.06980788797673,
            8.505652470355276
        ],
        "MIX-SNR": [
            8.059771451543597,
            8.530272241495293
        ]
    }
}