{
    "combination": [
        0,
        1
    ],
    "permutation": [
        0,
        1
    ],
    "bass": {
        "SI-SDR": [
            -5.464095954909004,
            -5.816558794638046
        ],
        "SI-SIR": [
            -2.2345661231754748,
            -2.7056206484005525
        ],
        "SI-SAR": [
            -2.6624890152898057,
            -2.904617678226839
        ],
        "SD-SDR": [
            -5.566168228430655,
            -5.908157043762337
        ],
        "SNR": [
            -3.3592011813425393,
            -3.728636940608139
        ],
        "SRR": [
            10.773533181227615,
            10.896532974012423
        ],
        "SI-SDRi": [
            4.62452496998106,
            4.157440641521851
        ],
        "SD-SDRi": [
            4.524707543120831,
            4.066740114333232
        ],
        "SNRi": [
            6.12126890279303,
            5.861178521303099
        ],
        "MIX-SI-SDR": [
            -10.088620924890064,
            -9.973999436159897
        ],
        "MIX-SD-SDR": [
            -10.090875771551486,
            -9.974897158095569
        ],
        "MIX-SNR": [
            -9.48047008413557,
            -9.589815461911238
        ]
    },
    "drums+other+vocals": {
        "SI-SDR": [
            5.213043123989149,
            4.870758063626344
        ],
        "SI-SIR": [
            19.872271993428164,
            19.624871512906626
        ],
        "SI-SAR": [
            5.364189176562593,
            5.01858145834909
        ],
        "SD-SDR": [
            2.4542469846753443,
            2.012396157911828
        ],
        "SNR": [
            6.073506508958416,
            5.823504310040656
        ],
        "SRR": [
            5.731515747903522,
            5.18014303271026
        ],
        "SI-SDRi": [
            -4.202990843216822,
            -4.678458104384042
        ],
        "SD-SDRi": [
            -6.959532135869204,
            -7.535922288162887
        ],
        "SNRi": [
            -3.406963575177154,
            -3.766311151870582
        ],
        "MIX-SI-SDR": [
            9.416033967205971,
            9.549216168010386
        ],
        "MIX-SD-SDR": [
            9.413779120544548,
            9.548318446074715
        ],
        "MIX-SNR": [
            9.48047008413557,
            9.589815461911238
        ]
    }
}