{
    "combination": [
        0,
        1
    ],
    "permutation": [
        0,
        1
    ],
    "bass": {
        "SI-SDR": [
            4.284190106246434,
            4.574582974865924
        ],
        "SI-SIR": [
            8.127673592542738,
            8.65129523549371
        ],
        "SI-SAR": [
            6.595710844516923,
            6.729386330208119
        ],
        "SD-SDR": [
            2.2470782168796655,
            2.685448400637561
        ],
        "SNR": [
            5.607663337676425,
            5.828302286153145
        ],
        "SRR": [
            6.513587330795736,
            7.211043941626159
        ],
        "SI-SDRi": [
            5.3847063721485355,
            5.619614499661527
        ],
        "SD-SDRi": [
            3.349546154319056,
            3.732371206177211
        ],
        "SNRi": [
            6.503580833131905,
            6.673138705923132
        ],
        "MIX-SI-SDR": [
            -1.100516265902102,
            -1.045031524795602
        ],
        "MIX-SD-SDR": [
            -1.1024679374393904,
            -1.0469228055396502
        ],
        "MIX-SNR": [
            -0.8959174954554804,
            -0.8448364197699877
        ]
    },
    "drums+other+vocals": {
        "SI-SDR": [
            5.198235739243869,
            5.4012827788692475
        ],
        "SI-SIR": [
            8.434028512483781,
            8.951522131542092
        ],
        "SI-SAR": [
            7.994175204655036,
            7.931409588205039
        ],
        "SD-SDR": [
            3.7994732328844956,
            4.035941342022483
        ],
        "SNR": [
            6.33394654027957,
            6.489142414716716
        ],
        "SRR": [
            9.400502757016195,
            9.726172252890619
        ],
        "SI-SDRi": [
            4.468040662926946,
            4.7205729671990095
        ],
        "SD-SDRi": [
            3.0712298281048613,
            3.3571228110962945
        ],
        "SNRi": [
            5.4380290448240896,
            5.644305994946728
        ],
        "MIX-SI-SDR": [
            0.7301950763169234,
            0.6807098116702384
        ],
        "MIX-SD-SDR": [
            0.7282434047796341,
            0.6788185309261878
        ],
        "MIX-SNR": [
            0.8959174954554805,
            0.8448364197699885
        ]
    }
}