{
    "combination": [
        0,
        1
    ],
    "permutation": [
        0,
        1
    ],
    "bass": {
        "SI-SDR": [
            3.399489143052395,
            3.500427649046958
        ],
        "SI-SIR": [
            6.290437847666657,
            6.773444973517757
        ],
        "SI-SAR": [
            6.5325132305380365,
            6.263000293376557
        ],
        "SD-SDR": [
            0.2717140789348882,
            0.048978087112131696
        ],
        "SNR": [
            4.852103702727667,
            4.841502040070302
        ],
        "SRR": [
            3.167633075921905,
            2.65883643447999
        ],
        "SI-SDRi": [
            2.171263999736177,
            2.8023576387205065
        ],
        "SD-SDRi": [
            -0.9565110136499964,
            -0.6487630532542414
        ],
        "SNRi": [
            3.6230636644453904,
            4.074290299218191
        ],
        "MIX-SI-SDR": [
            1.2282251433162177,
            0.6980700103264514
        ],
        "MIX-SD-SDR": [
            1.2282250925848845,
            0.6977411403663731
        ],
        "MIX-SNR": [
            1.2290400382822766,
            0.7672117408521104
        ]
    },
    "drums+other+vocals": {
        "SI-SDR": [
            1.3699239955562668,
            2.105793051657109
        ],
        "SI-SIR": [
            3.032422061116984,
            3.7072381421149943
        ],
        "SI-SAR": [
            6.344919817656177,
            7.214660713065989
        ],
        "SD-SDR": [
            0.10650174746729135,
            1.0197005177501253
        ],
        "SNR": [
            3.6068246451525665,
            4.054954154210319
        ],
        "SRR": [
            6.085267114868362,
            7.570610330734002
        ],
        "SI-SDRi": [
            2.600045515022103,
            2.955634046443123
        ],
        "SD-SDRi": [
            1.3366233176644657,
            1.8698703824962228
        ],
        "SNRi": [
            4.835864683434843,
            4.822165895062428
        ],
        "MIX-SI-SDR": [
            -1.230121519465836,
            -0.8498409947860139
        ],
        "MIX-SD-SDR": [
            -1.2301215701971744,
            -0.8501698647460975
        ],
        "MIX-SNR": [
            -1.2290400382822761,
            -0.7672117408521093
        ]
    }
}