{
    "combination": [
        0,
        1
    ],
    "permutation": [
        0,
        1
    ],
    "bass": {
        "SI-SDR": [
            8.328500822864655,
            9.036823862807656
        ],
        "SI-SIR": [
            12.747162254563268,
            14.09227322482028
        ],
        "SI-SAR": [
            10.277036499593244,
            10.662302761386686
        ],
        "SD-SDR": [
            6.690723152556256,
            7.349328745985749
        ],
        "SNR": [
            8.694285084892448,
            9.24201207182938
        ],
        "SRR": [
            11.719201657159207,
            12.271207907472085
        ],
        "SI-SDRi": [
            9.240553757927993,
            9.831294077844003
        ],
        "SD-SDRi": [
            7.603796696988998,
            8.14542687373259
        ],
        "SNRi": [
            9.75653642880211,
            10.224383421466165
        ],
        "MIX-SI-SDR": [
            -0.9120529350633386,
            -0.7944702150363457
        ],
        "MIX-SD-SDR": [
            -0.9130735444327419,
            -0.796098127746843
        ],
        "MIX-SNR": [
            -1.0622513439096632,
            -0.9823713496367841
        ]
    },
    "drums+other+vocals": {
        "SI-SDR": [
            9.378810319970784,
            9.860166559534752
        ],
        "SI-SIR": [
            13.168095440101204,
            13.737862577314816
        ],
        "SI-SAR": [
            11.728827986794471,
            12.147804525080373
        ],
        "SD-SDR": [
            8.16459062262456,
            8.857573924605104
        ],
        "SNR": [
            9.696820214728564,
            10.174844522200083
        ],
        "SRR": [
            14.292435177503434,
            15.715828617928745
        ],
        "SI-SDRi": [
            8.19851168439867,
            8.72728227770232
        ],
        "SD-SDRi": [
            6.985312596421849,
            7.726317555483164
        ],
        "SNRi": [
            8.634568870818901,
            9.192473172563298
        ],
        "MIX-SI-SDR": [
            1.180298635572115,
            1.1328842818324318
        ],
        "MIX-SD-SDR": [
            1.179278026202711,
            1.13125636912194
        ],
        "MIX-SNR": [
            1.0622513439096632,
            0.9823713496367843
        ]
    }
}