{
    "combination": [
        0,
        1
    ],
    "permutation": [
        0,
        1
    ],
    "bass": {
        "SI-SDR": [
            -5.926600334150285,
            -7.0799060284569215
        ],
        "SI-SIR": [
            -3.4346894782803092,
            -4.642072161442323
        ],
        "SI-SAR": [
            -2.3275399537725066,
            -3.4100561594315133
        ],
        "SD-SDR": [
            -5.996803267577856,
            -7.125850548724973
        ],
        "SNR": [
            -4.0407987848008196,
            -5.3065371969808295
        ],
        "SRR": [
            11.95254143324699,
            12.65260736045903
        ],
        "SI-SDRi": [
            3.028918342403122,
            2.84364363832146
        ],
        "SD-SDRi": [
            2.960327985301533,
            2.800040779765677
        ],
        "SNRi": [
            5.398841476503031,
            5.275845740513943
        ],
        "MIX-SI-SDR": [
            -8.955518676553407,
            -9.923549666778381
        ],
        "MIX-SD-SDR": [
            -8.957131252879389,
            -9.92589132849065
        ],
        "MIX-SNR": [
            -9.43964026130385,
            -10.582382937494772
        ]
    },
    "drums+other+vocals": {
        "SI-SDR": [
            4.364013640226744,
            4.195882829516513
        ],
        "SI-SIR": [
            18.057382975874134,
            19.18424571575723
        ],
        "SI-SAR": [
            4.553637987001883,
            4.335817709574634
        ],
        "SD-SDR": [
            0.8709797573398932,
            0.6025179424913754
        ],
        "SNR": [
            5.338012046177867,
            5.211163434617835
        ],
        "SRR": [
            3.446876067986584,
            3.0988477793482154
        ],
        "SI-SDRi": [
            -5.133506038581977,
            -6.448273708385717
        ],
        "SD-SDRi": [
            -8.62492734514285,
            -10.039296933698587
        ],
        "SNRi": [
            -4.1016282151259835,
            -5.371219502876937
        ],
        "MIX-SI-SDR": [
            9.497519678808722,
            10.64415653790223
        ],
        "MIX-SD-SDR": [
            9.495907102482743,
            10.641814876189963
        ],
        "MIX-SNR": [
            9.43964026130385,
            10.582382937494772
        ]
    }
}