{
    "combination": [
        0,
        1
    ],
    "permutation": [
        0,
        1
    ],
    "bass": {
        "SI-SDR": [
            2.3197735530263834,
            2.4314492347225216
        ],
        "SI-SIR": [
            5.092741898298292,
            5.384730290627681
        ],
        "SI-SAR": [
            5.5811282795610175,
            5.49952666866961
        ],
        "SD-SDR": [
            1.9888671039964931,
            2.1220256116317175
        ],
        "SNR": [
            3.683433477706391,
            3.7446261593046994
        ],
        "SRR": [
            13.334060634736407,
            13.748127336451589
        ],
        "SI-SDRi": [
            6.171422153571308,
            6.3996827373385985
        ],
        "SD-SDRi": [
            5.844615828449932,
            6.096176148106295
        ],
        "SNRi": [
            7.965385793437916,
            8.240588357793506
        ],
        "MIX-SI-SDR": [
            -3.8516486005449253,
            -3.968233502616077
        ],
        "MIX-SD-SDR": [
            -3.8557487244534387,
            -3.9741505364745775
        ],
        "MIX-SNR": [
            -4.281952315731525,
            -4.495962198488806
        ]
    },
    "drums+other+vocals": {
        "SI-SDR": [
            7.908489610046834,
            8.199013838573762
        ],
        "SI-SIR": [
            15.92546122494465,
            16.52624967669223
        ],
        "SI-SAR": [
            8.654704275177993,
            8.889453014634288
        ],
        "SD-SDR": [
            5.065771137781198,
            5.515442583266583
        ],
        "SNR": [
            7.9060174503816425,
            8.184866788879177
        ],
        "SRR": [
            8.250379496149794,
            8.879066059195118
        ],
        "SI-SDRi": [
            3.460972444386064,
            3.5082065755904503
        ],
        "SD-SDRi": [
            0.62235409602894,
            0.8305523541417772
        ],
        "SNRi": [
            3.6240651346501176,
            3.688904590390371
        ],
        "MIX-SI-SDR": [
            4.44751716566077,
            4.690807262983312
        ],
        "MIX-SD-SDR": [
            4.443417041752258,
            4.684890229124806
        ],
        "MIX-SNR": [
            4.281952315731525,
            4.495962198488805
        ]
    }
}