{
    "combination": [
        0,
        1
    ],
    "permutation": [
        0,
        1
    ],
    "bass": {
        "SI-SDR": [
            -3.5104112773267895,
            -3.933943364154533
        ],
        "SI-SIR": [
            0.7017519685854222,
            0.13819413264579622
        ],
        "SI-SAR": [
            -1.4404453617024542,
            -1.7761986120653928
        ],
        "SD-SDR": [
            -3.950458597686837,
            -4.3355112782570835
        ],
        "SNR": [
            -0.491491889948899,
            -0.8743832157698166
        ],
        "SRR": [
            6.210556708963076,
            6.203978740288642
        ],
        "SI-SDRi": [
            3.02127947338123,
            2.693382988219288
        ],
        "SD-SDRi": [
            2.5813752945318367,
            2.2920337142142593
        ],
        "SNRi": [
            5.935203460162262,
            5.6219795021737955
        ],
        "MIX-SI-SDR": [
            -6.5316907507080195,
            -6.627326352373821
        ],
        "MIX-SD-SDR": [
            -6.531833892218674,
            -6.627544992471343
        ],
        "MIX-SNR": [
            -6.426695350111161,
            -6.4963627179436125
        ]
    },
    "drums+other+vocals": {
        "SI-SDR": [
            4.5269944962408415,
            4.097481536733195
        ],
        "SI-SIR": [
            13.105558262906651,
            13.00562281110597
        ],
        "SI-SAR": [
            5.175558188967495,
            4.695224676706228
        ],
        "SD-SDR": [
            2.6705999533432925,
            2.1461590149560283
        ],
        "SNR": [
            5.799549997966025,
            5.491911010463619
        ],
        "SRR": [
            7.256924494216549,
            6.559902994228306
        ],
        "SI-SDRi": [
            -1.8760173921787624,
            -2.369878908818409
        ],
        "SD-SDRi": [
            -3.7322687935656536,
            -4.320982790498059
        ],
        "SNRi": [
            -0.6271453521451358,
            -1.0044517074799932
        ],
        "MIX-SI-SDR": [
            6.403011888419604,
            6.467360445551604
        ],
        "MIX-SD-SDR": [
            6.402868746908946,
            6.467141805454087
        ],
        "MIX-SNR": [
            6.426695350111161,
            6.4963627179436125
        ]
    }
}