{
    "combination": [
        0,
        1
    ],
    "permutation": [
        0,
        1
    ],
    "bass": {
        "SI-SDR": [
            1.986064708797088,
            1.1217154621688143
        ],
        "SI-SIR": [
            4.249377168124827,
            2.9026993159459935
        ],
        "SI-SAR": [
            5.899083065629749,
            5.85306164037098
        ],
        "SD-SDR": [
            1.2704326135272193,
            0.41433009434997237
        ],
        "SNR": [
            3.791327277105268,
            3.1464358744849186
        ],
        "SRR": [
            9.454281364085,
            8.644505396875193
        ],
        "SI-SDRi": [
            2.783320995538989,
            2.1018716425074526
        ],
        "SD-SDRi": [
            2.067982737616714,
            1.39457307635969
        ],
        "SNRi": [
            4.510913197738481,
            4.083316620713587
        ],
        "MIX-SI-SDR": [
            -0.7972562867419006,
            -0.9801561803386383
        ],
        "MIX-SD-SDR": [
            -0.7975501240894947,
            -0.9802429820097176
        ],
        "MIX-SNR": [
            -0.7195859206332131,
            -0.9368807462286686
        ]
    },
    "drums+other+vocals": {
        "SI-SDR": [
            2.755399017771483,
            2.1447153285229965
        ],
        "SI-SIR": [
            8.047084756381517,
            6.862020111748462
        ],
        "SI-SAR": [
            4.2777385932875065,
            3.932834823685636
        ],
        "SD-SDR": [
            -0.3398193738072921,
            -1.4970857793145766
        ],
        "SNR": [
            4.483159159439979,
            4.055830651750077
        ],
        "SRR": [
            2.587190780307158,
            0.9619891826036814
        ],
        "SI-SDRi": [
            2.1015336050604656,
            1.2426789378329781
        ],
        "SD-SDRi": [
            -0.9933909491707118,
            -2.3990353683335144
        ],
        "SNRi": [
            3.763573238806766,
            3.1189499055214087
        ],
        "MIX-SI-SDR": [
            0.6538654127110176,
            0.9020363906900185
        ],
        "MIX-SD-SDR": [
            0.6535715753634197,
            0.9019495890189378
        ],
        "MIX-SNR": [
            0.7195859206332131,
            0.9368807462286687
        ]
    }
}