{
    "combination": [
        0,
        1
    ],
    "permutation": [
        0,
        1
    ],
    "bass": {
        "SI-SDR": [
            1.2712544401478358,
            0.2046421796726572
        ],
        "SI-SIR": [
            4.601895675099924,
            3.0814330163124644
        ],
        "SI-SAR": [
            3.983227400008423,
            3.352686070828193
        ],
        "SD-SDR": [
            0.8175244967704836,
            -0.203108124566044
        ],
        "SNR": [
            3.0068840100042,
            2.1186856470218354
        ],
        "SRR": [
            10.852283204834855,
            10.273072201345268
        ],
        "SI-SDRi": [
            3.983852899548464,
            3.3411039649480108
        ],
        "SD-SDRi": [
            3.532585007984373,
            2.9341279021113618
        ],
        "SNRi": [
            6.00930458971734,
            5.42395555822448
        ],
        "MIX-SI-SDR": [
            -2.712598459400628,
            -3.1364617852753534
        ],
        "MIX-SD-SDR": [
            -2.7150605112138892,
            -3.1372360266774058
        ],
        "MIX-SNR": [
            -3.0024205797131396,
            -3.305269911202645
        ]
    },
    "drums+other+vocals": {
        "SI-SDR": [
            4.92383633610644,
            4.179239577905504
        ],
        "SI-SIR": [
            12.327174809299223,
            11.738611354981392
        ],
        "SI-SAR": [
            5.795402189618892,
            5.016876966736432
        ],
        "SD-SDR": [
            2.6241146043691166,
            1.461124945644464
        ],
        "SNR": [
            5.994061048957342,
            5.414755343310547
        ],
        "SRR": [
            6.484443198032695,
            4.784694985502008
        ],
        "SI-SDRi": [
            1.7738244764372935,
            0.7942906327272716
        ],
        "SD-SDRi": [
            -0.523435203486768,
            -1.9230497581317172
        ],
        "SNRi": [
            2.9916404692442025,
            2.109485432107901
        ],
        "MIX-SI-SDR": [
            3.1500118596691467,
            3.384948945178232
        ],
        "MIX-SD-SDR": [
            3.1475498078558846,
            3.384174703776181
        ],
        "MIX-SNR": [
            3.002420579713139,
            3.305269911202646
        ]
    }
}