{
    "combination": [
        0,
        1
    ],
    "permutation": [
        0,
        1
    ],
    "bass": {
        "SI-SDR": [
            -1.6617283142212977,
            -1.8526610052769246
        ],
        "SI-SIR": [
            2.2865395482106967,
            2.1451323911384783
        ],
        "SI-SAR": [
            0.5776386768797784,
            0.3536074199365802
        ],
        "SD-SDR": [
            -1.9957272500244576,
            -2.195984267341631
        ],
        "SNR": [
            0.5615878570523912,
            0.44282143614160485
        ],
        "SRR": [
            9.310594279997375,
            8.99535736726108
        ],
        "SI-SDRi": [
            4.659902780436022,
            4.446027760842087
        ],
        "SD-SDRi": [
            4.327289015069774,
            4.104134099174413
        ],
        "SNRi": [
            6.569190289427995,
            6.423427657344972
        ],
        "MIX-SI-SDR": [
            -6.32163109465732,
            -6.298688766119012
        ],
        "MIX-SD-SDR": [
            -6.323016265094232,
            -6.3001183665160445
        ],
        "MIX-SNR": [
            -6.007602432375604,
            -5.980606221203367
        ]
    },
    "drums+other+vocals": {
        "SI-SDR": [
            5.598299603343831,
            5.3924348835733324
        ],
        "SI-SIR": [
            15.296651239257555,
            14.998270041545972
        ],
        "SI-SAR": [
            6.090721828591032,
            5.896098553735749
        ],
        "SD-SDR": [
            3.525510329615709,
            3.351583181797917
        ],
        "SNR": [
            6.5131708883334465,
            6.374694459732989
        ],
        "SRR": [
            7.733053878085411,
            7.6118507745126145
        ],
        "SI-SDRi": [
            -0.3326676200790777,
            -0.5100858044015935
        ],
        "SD-SDRi": [
            -2.404071723370286,
            -2.5495079057799765
        ],
        "SNRi": [
            0.5055684559578442,
            0.3940882385296245
        ],
        "MIX-SI-SDR": [
            5.9309672234229085,
            5.902520687974926
        ],
        "MIX-SD-SDR": [
            5.929582052985995,
            5.9010910875778935
        ],
        "MIX-SNR": [
            6.007602432375602,
            5.980606221203365
        ]
    }
}