{
    "combination": [
        0,
        1
    ],
    "permutation": [
        0,
        1
    ],
    "bass": {
        "SI-SDR": [
            -8.70630144547639,
            -7.937779949357816
        ],
        "SI-SIR": [
            -7.300207645365527,
            -6.516803610241889
        ],
        "SI-SAR": [
            -3.1245063253894143,
            -2.394672042787142
        ],
        "SD-SDR": [
            -8.717207843784212,
            -7.958323063054126
        ],
        "SNR": [
            -7.604849010927368,
            -6.58177914829132
        ],
        "SRR": [
            17.289273783960162,
            15.303124860204708
        ],
        "SI-SDRi": [
            1.916811323797182,
            1.7629013249083592
        ],
        "SD-SDRi": [
            1.908957282293711,
            1.7443211141941815
        ],
        "SNRi": [
            3.841309452780279,
            3.7042534269747662
        ],
        "MIX-SI-SDR": [
            -10.623112769273572,
            -9.700681274266175
        ],
        "MIX-SD-SDR": [
            -10.626165126077924,
            -9.702644177248308
        ],
        "MIX-SNR": [
            -11.446158463707647,
            -10.286032575266086
        ]
    },
    "drums+other+vocals": {
        "SI-SDR": [
            2.4651415394773952,
            2.1547050850980676
        ],
        "SI-SIR": [
            19.892964599639868,
            18.09989596557716
        ],
        "SI-SAR": [
            2.5443840279289254,
            2.266609815547609
        ],
        "SD-SDR": [
            -3.0703653247683937,
            -3.3001334674251437
        ],
        "SNR": [
            3.8124091662802244,
            3.691587945413052
        ],
        "SRR": [
            -1.646443293363308,
            -1.8445034558586153
        ],
        "SI-SDRi": [
            -9.045490599584905,
            -8.18960386092045
        ],
        "SD-SDRi": [
            -14.577945107026338,
            -13.642479510461524
        ],
        "SNRi": [
            -7.633749297427423,
            -6.594444629853034
        ],
        "MIX-SI-SDR": [
            11.5106321390623,
            10.344308946018517
        ],
        "MIX-SD-SDR": [
            11.507579782257944,
            10.342346043036379
        ],
        "MIX-SNR": [
            11.446158463707647,
            10.286032575266086
        ]
    }
}