{
    "combination": [
        0,
        1
    ],
    "permutation": [
        0,
        1
    ],
    "bass": {
        "SI-SDR": [
            -6.2621467503907216,
            -3.6354511566069467
        ],
        "SI-SIR": [
            -5.168749826503573,
            -2.472792229862832
        ],
        "SI-SAR": [
            0.2631524861576811,
            2.6562367744219872
        ],
        "SD-SDR": [
            -6.757427867671706,
            -4.666289722739008
        ],
        "SNR": [
            -2.073523414313276,
            0.37427679304441686
        ],
        "SRR": [
            2.9171848855673272,
            2.084875908215988
        ],
        "SI-SDRi": [
            2.030896073259493,
            1.1698054851553774
        ],
        "SD-SDRi": [
            1.5400410345140658,
            0.14348446860939568
        ],
        "SNRi": [
            5.531679609633884,
            4.709979636207195
        ],
        "MIX-SI-SDR": [
            -8.293042823650215,
            -4.805256641762324
        ],
        "MIX-SD-SDR": [
            -8.297468902185772,
            -4.809774191348404
        ],
        "MIX-SNR": [
            -7.60520302394716,
            -4.335702843162778
        ]
    },
    "drums+other+vocals": {
        "SI-SDR": [
            5.772569557281261,
            3.627252136330037
        ],
        "SI-SIR": [
            10.845039723540918,
            6.633622714228505
        ],
        "SI-SAR": [
            7.390343911071047,
            6.641485030126671
        ],
        "SD-SDR": [
            0.37432862776423814,
            -0.6737471031324596
        ],
        "SNR": [
            5.517882074035379,
            4.701351468478768
        ],
        "SRR": [
            1.8527015970501584,
            1.3428528957259753
        ],
        "SI-SDRi": [
            -1.7207904210232732,
            -0.5412719784918321
        ],
        "SD-SDRi": [
            -7.11460527200474,
            -4.837753668368249
        ],
        "SNRi": [
            -2.0873209499117813,
            0.3656486253159894
        ],
        "MIX-SI-SDR": [
            7.493359978304534,
            4.168524114821869
        ],
        "MIX-SD-SDR": [
            7.488933899768978,
            4.164006565235789
        ],
        "MIX-SNR": [
            7.60520302394716,
            4.335702843162778
        ]
    }
}