{
    "combination": [
        0,
        1
    ],
    "permutation": [
        0,
        1
    ],
    "bass": {
        "SI-SDR": [
            6.107569091045751,
            7.308421082963083
        ],
        "SI-SIR": [
            14.77828256754333,
            15.943678228640831
        ],
        "SI-SAR": [
            6.741471858722727,
            7.947922285563499
        ],
        "SD-SDR": [
            5.53619274367809,
            6.759239287671014
        ],
        "SNR": [
            7.015124203206311,
            8.035491360013886
        ],
        "SRR": [
            14.627369701678166,
            16.011618770994215
        ],
        "SI-SDRi": [
            11.231953870471676,
            11.486523889785325
        ],
        "SD-SDRi": [
            10.660604250010685,
            10.937345091223062
        ],
        "SNRi": [
            12.178493110748526,
            12.225277171228438
        ],
        "MIX-SI-SDR": [
            -5.124384779425925,
            -4.178102806822242
        ],
        "MIX-SD-SDR": [
            -5.124411506332596,
            -4.178105803552047
        ],
        "MIX-SNR": [
            -5.163368907542215,
            -4.189785811214553
        ]
    },
    "drums+other+vocals": {
        "SI-SDR": [
            11.75804090062468,
            11.826493469813169
        ],
        "SI-SIR": [
            20.54299558880168,
            20.75864708047761
        ],
        "SI-SAR": [
            12.374260595421473,
            12.420704632279719
        ],
        "SD-SDR": [
            11.193001999017211,
            11.268585580359664
        ],
        "SNR": [
            11.991410740671872,
            12.055893046181932
        ],
        "SRR": [
            20.32951840492187,
            20.456771747314747
        ],
        "SI-SDRi": [
            6.582762151872693,
            7.632251738189398
        ],
        "SD-SDRi": [
            6.0177499771718965,
            7.074346845465699
        ],
        "SNRi": [
            6.8280418331296575,
            7.866107234967379
        ],
        "MIX-SI-SDR": [
            5.175278748751987,
            4.194241731623771
        ],
        "MIX-SD-SDR": [
            5.175252021845314,
            4.194238734893966
        ],
        "MIX-SNR": [
            5.163368907542215,
            4.189785811214553
        ]
    }
}