{
    "combination": [
        0,
        1
    ],
    "permutation": [
        0,
        1
    ],
    "bass": {
        "SI-SDR": [
            -8.161568246672868,
            -8.380925999199805
        ],
        "SI-SIR": [
            -5.499813294041731,
            -5.180869327907418
        ],
        "SI-SAR": [
            -4.7722904968920545,
            -5.552437634503855
        ],
        "SD-SDR": [
            -8.181863228722062,
            -8.410349104344133
        ],
        "SNR": [
            -6.780062640325381,
            -6.708902236045569
        ],
        "SRR": [
            15.132236708405685,
            13.295312218059635
        ],
        "SI-SDRi": [
            5.169211173177285,
            5.3120088183893905
        ],
        "SD-SDRi": [
            5.149882313298249,
            5.282825142255954
        ],
        "SNRi": [
            7.174675708853131,
            7.302019952310124
        ],
        "MIX-SI-SDR": [
            -13.330779419850153,
            -13.692934817589196
        ],
        "MIX-SD-SDR": [
            -13.331745542020311,
            -13.693174246600087
        ],
        "MIX-SNR": [
            -13.954738349178513,
            -14.010922188355693
        ]
    },
    "drums+other+vocals": {
        "SI-SDR": [
            7.070082638253329,
            6.944503208816508
        ],
        "SI-SIR": [
            26.00597606331388,
            25.544065980099813
        ],
        "SI-SAR": [
            7.1259276293811515,
            7.004876269047613
        ],
        "SD-SDR": [
            3.705553896486203,
            4.14066336383037
        ],
        "SNR": [
            7.1065170981219525,
            7.236244966073623
        ],
        "SRR": [
            6.388351248042334,
            7.367730403072169
        ],
        "SI-SDRi": [
            -6.911565320610205,
            -7.079500547035298
        ],
        "SD-SDRi": [
            -10.27512794020717,
            -9.883100963010543
        ],
        "SNRi": [
            -6.84822125105656,
            -6.77467722228207
        ],
        "MIX-SI-SDR": [
            13.981647958863533,
            14.024003755851806
        ],
        "MIX-SD-SDR": [
            13.980681836693373,
            14.023764326840913
        ],
        "MIX-SNR": [
            13.954738349178513,
            14.010922188355693
        ]
    }
}