{
    "combination": [
        0,
        1
    ],
    "permutation": [
        0,
        1
    ],
    "bass": {
        "SI-SDR": [
            -3.4763961602724476,
            -3.420632429048221
        ],
        "SI-SIR": [
            1.9350444386581447,
            1.690708355193519
        ],
        "SI-SAR": [
            -2.0033645202203725,
            -1.8202897016778394
        ],
        "SD-SDR": [
            -3.797792245826747,
            -3.7276136142330243
        ],
        "SNR": [
            -0.7915431776280328,
            -0.7973009099225157
        ],
        "SRR": [
            7.669352098222114,
            7.931698420364012
        ],
        "SI-SDRi": [
            6.593389891727398,
            5.776959408311479
        ],
        "SD-SDRi": [
            6.271994204389333,
            5.4701002788932565
        ],
        "SNRi": [
            9.286631701695681,
            8.534203215696849
        ],
        "MIX-SI-SDR": [
            -10.069786051999845,
            -9.197591837359699
        ],
        "MIX-SD-SDR": [
            -10.06978645021608,
            -9.19771389312628
        ],
        "MIX-SNR": [
            -10.078174879323713,
            -9.331504125619364
        ]
    },
    "drums+other+vocals": {
        "SI-SDR": [
            8.867543868722949,
            7.98426398748341
        ],
        "SI-SIR": [
            19.110026152372328,
            18.225702101793644
        ],
        "SI-SAR": [
            9.298993378762345,
            8.415822572548116
        ],
        "SD-SDR": [
            7.507758785924098,
            6.516003024723131
        ],
        "SNR": [
            9.223893755471554,
            8.474682969986908
        ],
        "SRR": [
            13.213066536917726,
            11.9392808845666
        ],
        "SI-SDRi": [
            -1.2114556461321246,
            -1.3630741474678425
        ],
        "SD-SDRi": [
            -2.5712403307147405,
            -2.8312130544615384
        ],
        "SNRi": [
            -0.854281123852159,
            -0.8568211556324581
        ],
        "MIX-SI-SDR": [
            10.078999514855074,
            9.347338134951253
        ],
        "MIX-SD-SDR": [
            10.078999116638839,
            9.347216079184669
        ],
        "MIX-SNR": [
            10.078174879323713,
            9.331504125619366
        ]
    }
}