{
    "combination": [
        0,
        1
    ],
    "permutation": [
        0,
        1
    ],
    "vocals": {
        "SI-SDR": [
            2.1546440180732067,
            1.671852750994628
        ],
        "SI-SIR": [
            7.48900089662631,
            6.03727155825551
        ],
        "SI-SAR": [
            3.6591935090953465,
            3.650827597263051
        ],
        "SD-SDR": [
            -0.5854023690938295,
            -0.7715953951806123
        ],
        "SNR": [
            4.184155479434266,
            3.9233123589215166
        ],
        "SRR": [
            2.7130910873148677,
            2.890809852115168
        ],
        "SI-SDRi": [
            3.4462930052519303,
            2.556372213320645
        ],
        "SD-SDRi": [
            0.7062732371459117,
            0.11320501429988539
        ],
        "SNRi": [
            5.500818779425859,
            4.885810522048595
        ],
        "MIX-SI-SDR": [
            -1.2916489871787238,
            -0.8845194623260167
        ],
        "MIX-SD-SDR": [
            -1.2916756062397412,
            -0.8848004094804977
        ],
        "MIX-SNR": [
            -1.3166632999915928,
            -0.9624981631270785
        ]
    },
    "bass+drums+other": {
        "SI-SDR": [
            4.110850505235495,
            3.2265558723186025
        ],
        "SI-SIR": [
            6.777563424325205,
            5.920156488033763
        ],
        "SI-SAR": [
            7.494273412548155,
            6.578479184251061
        ],
        "SD-SDR": [
            3.3508500069860623,
            2.209163005411877
        ],
        "SNR": [
            5.443503798825404,
            4.843902073306997
        ],
        "SRR": [
            11.295014450566146,
            9.010889460646222
        ],
        "SI-SDRi": [
            2.7757009509882313,
            2.2014687483128004
        ],
        "SD-SDRi": [
            2.0157270717998164,
            1.1843568285605572
        ],
        "SNRi": [
            4.12684049883381,
            3.8814039101799187
        ],
        "MIX-SI-SDR": [
            1.335149554247264,
            1.0250871240058022
        ],
        "MIX-SD-SDR": [
            1.335122935186246,
            1.0248061768513197
        ],
        "MIX-SNR": [
            1.3166632999915937,
            0.9624981631270779
        ]
    }
}