{
    "combination": [
        0,
        1
    ],
    "permutation": [
        0,
        1
    ],
    "vocals": {
        "SI-SDR": [
            4.774077286963853,
            6.471631239295296
        ],
        "SI-SIR": [
            16.227185816801686,
            14.962526381611472
        ],
        "SI-SAR": [
            5.096553360103082,
            7.134482198894365
        ],
        "SD-SDR": [
            0.281073542692182,
            2.314443225846306
        ],
        "SNR": [
            5.276355817678329,
            6.4038415882179045
        ],
        "SRR": [
            2.188072405404162,
            4.4183242847595245
        ],
        "SI-SDRi": [
            9.18727642987816,
            9.662319017440732
        ],
        "SD-SDRi": [
            4.694306158376064,
            5.505133141305583
        ],
        "SNRi": [
            9.649600525019622,
            9.585737819136696
        ],
        "MIX-SI-SDR": [
            -4.4131991429143085,
            -3.1906877781454352
        ],
        "MIX-SD-SDR": [
            -4.413232615683882,
            -3.1906899154592767
        ],
        "MIX-SNR": [
            -4.373244707341294,
            -3.1818962309187926
        ]
    },
    "bass+drums+other": {
        "SI-SDR": [
            9.1548800808321,
            8.986329973792198
        ],
        "SI-SIR": [
            11.131950359709215,
            11.021998230965703
        ],
        "SI-SAR": [
            13.523600310031643,
            13.255252264375557
        ],
        "SD-SDR": [
            9.022425466339648,
            8.719128611259304
        ],
        "SNR": [
            9.539485362673311,
            9.46384078219046
        ],
        "SRR": [
            24.245656637022815,
            20.961500757041826
        ],
        "SI-SDRi": [
            4.796189019859512,
            5.808656998144196
        ],
        "SD-SDRi": [
            4.663767878136637,
            5.5414577729251375
        ],
        "SNRi": [
            5.166240655332017,
            6.281944551271668
        ],
        "MIX-SI-SDR": [
            4.358691060972588,
            3.177672975648003
        ],
        "MIX-SD-SDR": [
            4.358657588203011,
            3.1776708383341665
        ],
        "MIX-SNR": [
            4.373244707341294,
            3.181896230918792
        ]
    }
}