{
    "combination": [
        0,
        1
    ],
    "permutation": [
        0,
        1
    ],
    "vocals": {
        "SI-SDR": [
            4.269264360918105,
            1.295596267531084
        ],
        "SI-SIR": [
            12.426463875897273,
            5.178125571947383
        ],
        "SI-SAR": [
            4.989687562049426,
            3.579885907521329
        ],
        "SD-SDR": [
            0.7712355310255719,
            -0.7744506246032845
        ],
        "SNR": [
            5.280145742413847,
            3.6963205498181937
        ],
        "SRR": [
            3.3430919902209757,
            3.4375800138025396
        ],
        "SI-SDRi": [
            6.286025987473742,
            3.675527604953527
        ],
        "SD-SDRi": [
            2.788010222319512,
            1.605914804884153
        ],
        "SNRi": [
            7.277938682078485,
            5.9632160828467935
        ],
        "MIX-SI-SDR": [
            -2.016761626555638,
            -2.3799313374224433
        ],
        "MIX-SD-SDR": [
            -2.01677469129394,
            -2.3803654294874375
        ],
        "MIX-SNR": [
            -1.997792939664638,
            -2.2668955330286
        ]
    },
    "bass+drums+other": {
        "SI-SDR": [
            6.475834690120043,
            4.652800546031494
        ],
        "SI-SIR": [
            8.818632227147434,
            7.696099605643675
        ],
        "SI-SAR": [
            10.275196933387862,
            7.630350247942026
        ],
        "SD-SDR": [
            6.148908897136666,
            3.3152906351226035
        ],
        "SNR": [
            7.230959021348352,
            5.9315399738519705
        ],
        "SRR": [
            17.544697674359156,
            9.081768952806499
        ],
        "SI-SDRi": [
            4.4900066206374865,
            2.4526192287009865
        ],
        "SD-SDRi": [
            4.163093892392411,
            1.1155434098570876
        ],
        "SNRi": [
            5.233166081683714,
            3.664644440823371
        ],
        "MIX-SI-SDR": [
            1.9858280694825563,
            2.2001813173305074
        ],
        "MIX-SD-SDR": [
            1.9858150047442549,
            2.199747225265516
        ],
        "MIX-SNR": [
            1.997792939664638,
            2.2668955330285994
        ]
    }
}