{
    "combination": [
        0,
        1
    ],
    "permutation": [
        0,
        1
    ],
    "vocals": {
        "SI-SDR": [
            -2.30986476369449,
            -1.8902553430530662
        ],
        "SI-SIR": [
            6.017909620362061,
            7.545027415275996
        ],
        "SI-SAR": [
            -1.6195183798447306,
            -1.365149545207738
        ],
        "SD-SDR": [
            -5.944199937820228,
            -5.895979126160153
        ],
        "SNR": [
            1.9891881416211612,
            2.167110996927891
        ],
        "SRR": [
            -3.4794302927109917,
            -3.694952535268775
        ],
        "SI-SDRi": [
            5.65424411066428,
            6.7934552407787905
        ],
        "SD-SDRi": [
            2.0200929678001707,
            2.787735113455394
        ],
        "SNRi": [
            10.096087203315724,
            10.872509266837588
        ],
        "MIX-SI-SDR": [
            -7.96410887435877,
            -8.683710583831857
        ],
        "MIX-SD-SDR": [
            -7.964292905620399,
            -8.683714239615547
        ],
        "MIX-SNR": [
            -8.106899061694563,
            -8.705398269909697
        ]
    },
    "bass+drums+other": {
        "SI-SDR": [
            9.650338774949791,
            10.528316309692123
        ],
        "SI-SIR": [
            11.873478301627898,
            12.56823421793175
        ],
        "SI-SAR": [
            13.622770145913206,
            14.790141004167038
        ],
        "SD-SDR": [
            9.368115715050621,
            10.322689103634293
        ],
        "SNR": [
            10.07916193073046,
            10.87394506904742
        ],
        "SRR": [
            21.38038125357005,
            23.672134417875952
        ],
        "SI-SDRi": [
            1.5210500498979727,
            1.8199897651517514
        ],
        "SD-SDRi": [
            1.2390110212604384,
            1.6143662148776112
        ],
        "SNRi": [
            1.972262869035898,
            2.1685467991377223
        ],
        "MIX-SI-SDR": [
            8.129288725051818,
            8.708326544540371
        ],
        "MIX-SD-SDR": [
            8.129104693790183,
            8.708322888756681
        ],
        "MIX-SNR": [
            8.106899061694563,
            8.705398269909697
        ]
    }
}