{
    "combination": [
        0,
        1
    ],
    "permutation": [
        0,
        1
    ],
    "vocals": {
        "SI-SDR": [
            -0.8974716235662085,
            0.17960795035360083
        ],
        "SI-SIR": [
            6.40605210675412,
            9.17452636115004
        ],
        "SI-SAR": [
            -0.0034078620871257686,
            0.7646920505857147
        ],
        "SD-SDR": [
            -3.458671920587511,
            -3.6283353822033373
        ],
        "SNR": [
            2.5356765784907065,
            3.062084304283962
        ],
        "SRR": [
            0.05258240877990462,
            -1.2916634735974029
        ],
        "SI-SDRi": [
            5.757938670854214,
            7.061283471248745
        ],
        "SD-SDRi": [
            3.1967692367928207,
            3.2535168309567597
        ],
        "SNRi": [
            9.14143909941906,
            10.067160737258153
        ],
        "MIX-SI-SDR": [
            -6.655410294420423,
            -6.881675520895144
        ],
        "MIX-SD-SDR": [
            -6.655441157380332,
            -6.881852213160097
        ],
        "MIX-SNR": [
            -6.605762520928352,
            -7.005076432974191
        ]
    },
    "bass+drums+other": {
        "SI-SDR": [
            8.51418192964355,
            9.578837246184555
        ],
        "SI-SIR": [
            11.634096878698173,
            11.768163411257145
        ],
        "SI-SAR": [
            11.417565578205034,
            13.602349789208299
        ],
        "SD-SDR": [
            8.01703497963172,
            9.339929965757953
        ],
        "SNR": [
            9.083781184400802,
            9.999851871705904
        ],
        "SRR": [
            17.676232801056532,
            22.054385287266484
        ],
        "SI-SDRi": [
            1.9192184036833124,
            2.5488865014994007
        ],
        "SD-SDRi": [
            1.4221023166313893,
            2.310155913337751
        ],
        "SNRi": [
            2.478018663472451,
            2.994775438731711
        ],
        "MIX-SI-SDR": [
            6.594963525960238,
            7.029950744685155
        ],
        "MIX-SD-SDR": [
            6.594932663000331,
            7.029774052420202
        ],
        "MIX-SNR": [
            6.6057625209283515,
            7.005076432974192
        ]
    }
}