{
    "combination": [
        0,
        1
    ],
    "permutation": [
        0,
        1
    ],
    "vocals": {
        "SI-SDR": [
            0.0630705152345414,
            -0.7485827137074518
        ],
        "SI-SIR": [
            5.37349959374332,
            3.3068026198160454
        ],
        "SI-SAR": [
            1.5775652662116362,
            1.4199766298340792
        ],
        "SD-SDR": [
            -2.2414669921732244,
            -2.3499644657323095
        ],
        "SNR": [
            3.010487757506242,
            2.4002055814524272
        ],
        "SRR": [
            1.6119728315056057,
            2.759045238665892
        ],
        "SI-SDRi": [
            6.3823888443613495,
            4.9238543269259
        ],
        "SD-SDRi": [
            4.077863979048064,
            3.3228909088407734
        ],
        "SNRi": [
            9.299196829195683,
            8.238425949488592
        ],
        "MIX-SI-SDR": [
            -6.3193183291268085,
            -5.672437040633352
        ],
        "MIX-SD-SDR": [
            -6.319330971221288,
            -5.672855374573083
        ],
        "MIX-SNR": [
            -6.28870907168944,
            -5.838220368036165
        ]
    },
    "bass+drums+other": {
        "SI-SDR": [
            8.719681682169544,
            7.59649811203322
        ],
        "SI-SIR": [
            11.84272868024326,
            11.356917646086195
        ],
        "SI-SAR": [
            11.620087706172725,
            9.96735777908452
        ],
        "SD-SDR": [
            7.865539620447369,
            6.230217942005525
        ],
        "SNR": [
            9.235498415071767,
            8.193216825482004
        ],
        "SRR": [
            15.34815546734941,
            11.917908715716163
        ],
        "SI-SDRi": [
            2.438147430552621,
            1.7144407609970527
        ],
        "SD-SDRi": [
            1.5840180109249271,
            0.34857892490908515
        ],
        "SNRi": [
            2.946789343382327,
            2.3549964574458384
        ],
        "MIX-SI-SDR": [
            6.281534251616923,
            5.882057351036167
        ],
        "MIX-SD-SDR": [
            6.281521609522442,
            5.88163901709644
        ],
        "MIX-SNR": [
            6.28870907168944,
            5.838220368036166
        ]
    }
}