{
    "combination": [
        0,
        1
    ],
    "permutation": [
        0,
        1
    ],
    "vocals": {
        "SI-SDR": [
            3.3937356356035044,
            2.3519607882118256
        ],
        "SI-SIR": [
            11.950819238631718,
            10.353250935898918
        ],
        "SI-SAR": [
            4.045768976989683,
            3.1011215202358127
        ],
        "SD-SDR": [
            0.10141128178299041,
            -0.9513612657480897
        ],
        "SNR": [
            4.81468517182895,
            4.222761373426951
        ],
        "SRR": [
            2.8468896387562697,
            1.7844435888952812
        ],
        "SI-SDRi": [
            6.023662194711218,
            6.23923213238494
        ],
        "SD-SDRi": [
            2.731404265522598,
            2.9361094408411827
        ],
        "SNRi": [
            7.490781964153392,
            8.20279228270571
        ],
        "MIX-SI-SDR": [
            -2.6299265591077137,
            -3.887271344173114
        ],
        "MIX-SD-SDR": [
            -2.6299929837396077,
            -3.8874707065892724
        ],
        "MIX-SNR": [
            -2.676096792324442,
            -3.980030909278759
        ]
    },
    "bass+drums+other": {
        "SI-SDR": [
            6.721830365740571,
            7.497957182583597
        ],
        "SI-SIR": [
            9.2834728342165,
            9.980139064581726
        ],
        "SI-SAR": [
            10.232534462295762,
            11.109603851726073
        ],
        "SD-SDR": [
            6.420851002001367,
            7.163154363025127
        ],
        "SNR": [
            7.4327208001875045,
            8.142911723792322
        ],
        "SRR": [
            18.162947517624964,
            18.459432440104692
        ],
        "SI-SDRi": [
            4.020740900074495,
            3.480589766464229
        ],
        "SD-SDRi": [
            3.719827960967186,
            3.14598630932192
        ],
        "SNRi": [
            4.756624007863062,
            4.162880814513562
        ],
        "MIX-SI-SDR": [
            2.701089465666076,
            4.0173674161193675
        ],
        "MIX-SD-SDR": [
            2.701023041034181,
            4.017168053703207
        ],
        "MIX-SNR": [
            2.6760967923244423,
            3.9800309092787596
        ]
    }
}