{
    "combination": [
        0,
        1
    ],
    "permutation": [
        0,
        1
    ],
    "vocals": {
        "SI-SDR": [
            0.35827897019393196,
            0.16275596908848708
        ],
        "SI-SIR": [
            5.237274051046148,
            4.907257843881915
        ],
        "SI-SAR": [
            2.066287074430349,
            1.9370857546055738
        ],
        "SD-SDR": [
            -0.6543009386993464,
            -1.2914211945399554
        ],
        "SNR": [
            2.8194242245865815,
            2.8931788750474805
        ],
        "SRR": [
            6.16570651158858,
            4.167068226483853
        ],
        "SI-SDRi": [
            5.543602945100173,
            6.109260073334099
        ],
        "SD-SDRi": [
            4.531038781501783,
            4.655112967293781
        ],
        "SNRi": [
            8.034860468737586,
            8.794517578430543
        ],
        "MIX-SI-SDR": [
            -5.185323974906241,
            -5.946504104245611
        ],
        "MIX-SD-SDR": [
            -5.185339720201129,
            -5.946534161833736
        ],
        "MIX-SNR": [
            -5.215436244151004,
            -5.901338703383062
        ]
    },
    "bass+drums+other": {
        "SI-SDR": [
            7.364705100088198,
            8.28762421931585
        ],
        "SI-SIR": [
            12.924678648778853,
            12.617896477872266
        ],
        "SI-SAR": [
            8.779170837255046,
            10.287017258888273
        ],
        "SD-SDR": [
            6.049685938933038,
            7.066081857102049
        ],
        "SNR": [
            8.02054103688577,
            8.789718895222594
        ],
        "SRR": [
            11.879139631380855,
            13.171304257501752
        ],
        "SI-SDRi": [
            2.1401853795626122,
            2.3978464681246603
        ],
        "SD-SDRi": [
            0.8251819637023381,
            1.1763341634989848
        ],
        "SNRi": [
            2.8051047927347668,
            2.8883801918395307
        ],
        "MIX-SI-SDR": [
            5.224519720525586,
            5.88977775119119
        ],
        "MIX-SD-SDR": [
            5.2245039752307,
            5.889747693603065
        ],
        "MIX-SNR": [
            5.215436244151004,
            5.901338703383063
        ]
    }
}