{
    "combination": [
        0,
        1
    ],
    "permutation": [
        0,
        1
    ],
    "vocals": {
        "SI-SDR": [
            -3.5413530910933053,
            -3.13935753135575
        ],
        "SI-SIR": [
            1.0325269835364561,
            0.941489824270568
        ],
        "SI-SAR": [
            -1.6783067633577131,
            -0.9872085073797926
        ],
        "SD-SDR": [
            -5.009046832301829,
            -4.439609353502415
        ],
        "SNR": [
            0.8062182971472613,
            0.8945246115232963
        ],
        "SRR": [
            0.41564146325009965,
            1.4318767399973962
        ],
        "SI-SDRi": [
            5.255333579635981,
            4.692089816542565
        ],
        "SD-SDRi": [
            3.7876402705559737,
            3.39200164038727
        ],
        "SNRi": [
            9.595365346209825,
            8.85849540121323
        ],
        "MIX-SI-SDR": [
            -8.796686670729287,
            -7.831447347898315
        ],
        "MIX-SD-SDR": [
            -8.796687102857803,
            -7.831610993889685
        ],
        "MIX-SNR": [
            -8.789147049062564,
            -7.963970789689934
        ]
    },
    "bass+drums+other": {
        "SI-SDR": [
            9.198022038941257,
            8.391718593809648
        ],
        "SI-SIR": [
            13.516615703313601,
            12.85085137188193
        ],
        "SI-SAR": [
            11.204257798954941,
            10.317504600551526
        ],
        "SD-SDR": [
            7.923064745846134,
            6.9085484841312415
        ],
        "SNR": [
            9.52538180166125,
            8.796581956338201
        ],
        "SRR": [
            13.867845943513757,
            12.294982431492283
        ],
        "SI-SDRi": [
            0.4098706421848721,
            0.4062959115695932
        ],
        "SD-SDRi": [
            -0.865086218781733,
            -1.0767105521174427
        ],
        "SNRi": [
            0.7362347525986852,
            0.832611166648265
        ],
        "MIX-SI-SDR": [
            8.788151396756385,
            7.9854226822400545
        ],
        "MIX-SD-SDR": [
            8.788150964627867,
            7.985259036248684
        ],
        "MIX-SNR": [
            8.789147049062565,
            7.963970789689936
        ]
    }
}