{
    "combination": [
        0,
        1
    ],
    "permutation": [
        0,
        1
    ],
    "vocals": {
        "SI-SDR": [
            0.9636287934231205,
            1.7199296902922854
        ],
        "SI-SIR": [
            5.901303713351255,
            7.413218951127498
        ],
        "SI-SAR": [
            2.643643275584229,
            3.084141880359331
        ],
        "SD-SDR": [
            -2.8032573192864767,
            -3.0781152152211373
        ],
        "SNR": [
            3.4386354306876497,
            3.633216111449456
        ],
        "SRR": [
            -0.4370875219098358,
            -1.330556891125623
        ],
        "SI-SDRi": [
            1.485894827586007,
            1.2019418435838425
        ],
        "SD-SDRi": [
            -2.2802785036500826,
            -3.5959863009332773
        ],
        "SNRi": [
            3.8442343632488063,
            3.073018173405552
        ],
        "MIX-SI-SDR": [
            -0.5222660341628866,
            0.517987846708443
        ],
        "MIX-SD-SDR": [
            -0.5229788156363944,
            0.51787108571214
        ],
        "MIX-SNR": [
            -0.40559893256115676,
            0.5601979380439038
        ]
    },
    "bass+drums+other": {
        "SI-SDR": [
            2.069790020839532,
            1.3714994347132659
        ],
        "SI-SIR": [
            3.8525525703631285,
            2.7434851837855496
        ],
        "SI-SAR": [
            6.797629700759225,
            7.043795000763055
        ],
        "SD-SDR": [
            1.3920319360684492,
            0.9442974475051775
        ],
        "SNR": [
            3.828690397688992,
            3.051416236963034
        ],
        "SRR": [
            9.793600807352036,
            11.227658114188683
        ],
        "SI-SDRi": [
            1.770327458217238,
            1.9797511759338797
        ],
        "SD-SDRi": [
            1.0932821549196625,
            1.5526659497220925
        ],
        "SNRi": [
            3.423091465127836,
            3.6116141750069377
        ],
        "MIX-SI-SDR": [
            0.2994625626222942,
            -0.6082517412206139
        ],
        "MIX-SD-SDR": [
            0.29874978114878664,
            -0.608368502216915
        ],
        "MIX-SNR": [
            0.4055989325611559,
            -0.5601979380439036
        ]
    }
}