{
    "combination": [
        0,
        1
    ],
    "permutation": [
        0,
        1
    ],
    "vocals": {
        "SI-SDR": [
            5.845482103309594,
            6.446199596917328
        ],
        "SI-SIR": [
            13.753232575653879,
            14.57491934099397
        ],
        "SI-SAR": [
            6.612481400443841,
            7.171781513067677
        ],
        "SD-SDR": [
            3.254581887782872,
            3.5311379705734387
        ],
        "SNR": [
            6.54658490317043,
            6.851742196528246
        ],
        "SRR": [
            6.729155216862061,
            6.638811696849252
        ],
        "SI-SDRi": [
            10.851438682569004,
            11.269516104931608
        ],
        "SD-SDRi": [
            8.260601082904063,
            8.354674106418708
        ],
        "SNRi": [
            11.611493226238604,
            11.783581690861169
        ],
        "MIX-SI-SDR": [
            -5.00595657925941,
            -4.82331650801428
        ],
        "MIX-SD-SDR": [
            -5.0060191951211905,
            -4.823536135845269
        ],
        "MIX-SNR": [
            -5.064908323068175,
            -4.931839494332922
        ]
    },
    "bass+drums+other": {
        "SI-SDR": [
            11.322254979271733,
            11.491928888997796
        ],
        "SI-SIR": [
            14.423411883515456,
            14.27505020580088
        ],
        "SI-SAR": [
            14.243559883411185,
            14.741950287290123
        ],
        "SD-SDR": [
            10.911946494430588,
            11.136126132846453
        ],
        "SNR": [
            11.624421281707848,
            11.787022912175487
        ],
        "SRR": [
            21.362223794076414,
            22.178563041100745
        ],
        "SI-SDRi": [
            6.238895064369156,
            6.524932040693523
        ],
        "SD-SDRi": [
            5.8286491953897945,
            6.169348912373173
        ],
        "SNRi": [
            6.559512958639673,
            6.855183417842564
        ],
        "MIX-SI-SDR": [
            5.083359914902577,
            4.966996848304273
        ],
        "MIX-SD-SDR": [
            5.083297299040793,
            4.96677722047328
        ],
        "MIX-SNR": [
            5.064908323068175,
            4.931839494332923
        ]
    }
}