{
    "combination": [
        0,
        1
    ],
    "permutation": [
        0,
        1
    ],
    "vocals": {
        "SI-SDR": [
            2.5851666587928843,
            2.9439165661349183
        ],
        "SI-SIR": [
            6.58611407239543,
            7.378912449395508
        ],
        "SI-SAR": [
            4.789348434387033,
            4.883230471613698
        ],
        "SD-SDR": [
            0.719652557681012,
            0.2416235614387814
        ],
        "SNR": [
            4.492278681133197,
            4.653999634179476
        ],
        "SRR": [
            5.288929694586223,
            3.583453598194446
        ],
        "SI-SDRi": [
            5.079599846430369,
            4.1240415936403805
        ],
        "SD-SDRi": [
            3.2143969124826333,
            1.4218513921470715
        ],
        "SNRi": [
            7.085562370521955,
            5.882772784323819
        ],
        "MIX-SI-SDR": [
            -2.4944331876374854,
            -1.180125027505462
        ],
        "MIX-SD-SDR": [
            -2.4947443548016213,
            -1.18022783070829
        ],
        "MIX-SNR": [
            -2.593283689388758,
            -1.228773150144344
        ]
    },
    "bass+drums+other": {
        "SI-SDR": [
            6.118672020652952,
            4.603461735058144
        ],
        "SI-SIR": [
            9.425092978647267,
            7.04646118413549
        ],
        "SI-SAR": [
            8.851759400086594,
            8.266461139209628
        ],
        "SD-SDR": [
            4.818794371831272,
            3.665997972257661
        ],
        "SNR": [
            7.044268474146053,
            5.870483197571145
        ],
        "SRR": [
            10.691352647467301,
            10.784599678746911
        ],
        "SI-SDRi": [
            3.4707036974520973,
            3.3379783938856
        ],
        "SD-SDRi": [
            2.171137215794552,
            2.40061743428795
        ],
        "SNRi": [
            4.450984784757295,
            4.641710047426801
        ],
        "MIX-SI-SDR": [
            2.647968323200855,
            1.2654833411725446
        ],
        "MIX-SD-SDR": [
            2.64765715603672,
            1.2653805379697112
        ],
        "MIX-SNR": [
            2.593283689388758,
            1.2287731501443446
        ]
    }
}