{
    "combination": [
        0,
        1
    ],
    "permutation": [
        0,
        1
    ],
    "vocals": {
        "SI-SDR": [
            3.3434470607206905,
            2.36382137831853
        ],
        "SI-SIR": [
            11.258744792170337,
            9.571534211922684
        ],
        "SI-SAR": [
            4.108990013707111,
            3.280086411436911
        ],
        "SD-SDR": [
            0.6408703258647144,
            -0.8695730503479373
        ],
        "SNR": [
            4.896546388718229,
            4.240174099252951
        ],
        "SRR": [
            3.9823716407621457,
            1.9285348909146593
        ],
        "SI-SDRi": [
            5.364163886198103,
            3.0262881327001145
        ],
        "SD-SDRi": [
            2.6630324448616327,
            -0.20694430927014096
        ],
        "SNRi": [
            6.721002382206027,
            4.960244166014996
        ],
        "MIX-SI-SDR": [
            -2.020716825477412,
            -0.6624667543815845
        ],
        "MIX-SD-SDR": [
            -2.0221621189969183,
            -0.6626287410777963
        ],
        "MIX-SNR": [
            -1.8244559934877982,
            -0.7200700667620442
        ]
    },
    "bass+drums+other": {
        "SI-SDR": [
            5.80134790063622,
            3.744656492744665
        ],
        "SI-SIR": [
            8.840264514369686,
            6.1496234460448695
        ],
        "SI-SAR": [
            8.783218528209044,
            7.458542054343997
        ],
        "SD-SDR": [
            5.36064849540829,
            3.337182782130549
        ],
        "SNR": [
            6.706381837451872,
            4.94822595765611
        ],
        "SRR": [
            15.515553498787085,
            13.816173970097676
        ],
        "SI-SDRi": [
            4.104827990146376,
            2.9757348105597288
        ],
        "SD-SDRi": [
            3.665573878437953,
            2.568423086641821
        ],
        "SNRi": [
            4.881925843964074,
            4.228155890894065
        ],
        "MIX-SI-SDR": [
            1.6965199104898439,
            0.7689216821849361
        ],
        "MIX-SD-SDR": [
            1.6950746169703372,
            0.768759695488728
        ],
        "MIX-SNR": [
            1.8244559934877982,
            0.7200700667620443
        ]
    }
}