{
    "combination": [
        0,
        1
    ],
    "permutation": [
        0,
        1
    ],
    "vocals": {
        "SI-SDR": [
            3.2635782714586266,
            2.0845088930813986
        ],
        "SI-SIR": [
            11.23852856267142,
            9.597564405428011
        ],
        "SI-SAR": [
            4.017715995531112,
            2.932063131089061
        ],
        "SD-SDR": [
            -0.8632822288672886,
            -2.3659554932575304
        ],
        "SNR": [
            4.550326681367675,
            3.875033690023229
        ],
        "SRR": [
            1.2596084527128768,
            -0.4353246451295703
        ],
        "SI-SDRi": [
            6.1831125572498085,
            5.752970085499012
        ],
        "SD-SDRi": [
            2.056272721651793,
            1.3025395682878225
        ],
        "SNRi": [
            7.443405644835761,
            7.506603403063348
        ],
        "MIX-SI-SDR": [
            -2.9195342857911823,
            -3.6684611924176136
        ],
        "MIX-SD-SDR": [
            -2.9195549505190814,
            -3.668495061545353
        ],
        "MIX-SNR": [
            -2.893078963468086,
            -3.6315697130401197
        ]
    },
    "bass+drums+other": {
        "SI-SDR": [
            6.6837431336809825,
            6.726276043302898
        ],
        "SI-SIR": [
            8.618931596236367,
            8.4716469688312
        ],
        "SI-SAR": [
            11.126077595479714,
            11.528739774590445
        ],
        "SD-SDR": [
            6.3899788530878485,
            6.4197137522291445
        ],
        "SNR": [
            7.394076075303621,
            7.440217269083938
        ],
        "SRR": [
            18.233886312178022,
            18.084749059229456
        ],
        "SI-SDRi": [
            3.8042335925795445,
            3.110654946882242
        ],
        "SD-SDRi": [
            3.5104899767143127,
            2.8041265249362275
        ],
        "SNRi": [
            4.500997111835535,
            3.8086475560438187
        ],
        "MIX-SI-SDR": [
            2.879509541101438,
            3.6156210964206554
        ],
        "MIX-SD-SDR": [
            2.879488876373536,
            3.615587227292917
        ],
        "MIX-SNR": [
            2.893078963468086,
            3.631569713040119
        ]
    }
}