{
    "combination": [
        0,
        1
    ],
    "permutation": [
        0,
        1
    ],
    "vocals": {
        "SI-SDR": [
            -1.0171201015676854,
            -1.6251771839814946
        ],
        "SI-SIR": [
            4.120426270946101,
            2.9691807449306786
        ],
        "SI-SAR": [
            0.5715973545823817,
            0.22693887211917343
        ],
        "SD-SDR": [
            -4.2330233081407425,
            -4.267043818410201
        ],
        "SNR": [
            2.52603886304467,
            2.191117162123288
        ],
        "SRR": [
            -1.4190313507678374,
            -0.8541326651626828
        ],
        "SI-SDRi": [
            2.7262027798954858,
            1.8607056832365234
        ],
        "SD-SDRi": [
            -0.48879136548400837,
            -0.779329655661507
        ],
        "SNRi": [
            6.079013786606803,
            5.416371235727313
        ],
        "MIX-SI-SDR": [
            -3.743322881463171,
            -3.485882867218018
        ],
        "MIX-SD-SDR": [
            -3.744231942656734,
            -3.487714162748694
        ],
        "MIX-SNR": [
            -3.5529749235621324,
            -3.2252540736040247
        ]
    },
    "bass+drums+other": {
        "SI-SDR": [
            4.851940921969479,
            3.935527127565883
        ],
        "SI-SIR": [
            7.084481237111532,
            6.550282484425434
        ],
        "SI-SAR": [
            8.81034667383161,
            7.381039944861897
        ],
        "SD-SDR": [
            4.099794364317477,
            2.9373856030318417
        ],
        "SNR": [
            6.029200497377333,
            5.369345676762838
        ],
        "SRR": [
            12.085259770562658,
            9.812823971211786
        ],
        "SI-SDRi": [
            1.381933857091009,
            0.832346182376356
        ],
        "SD-SDRi": [
            0.6306963606325704,
            -0.16396404662700848
        ],
        "SNRi": [
            2.4762255738152006,
            2.144091603158813
        ],
        "MIX-SI-SDR": [
            3.4700070648784704,
            3.103180945189527
        ],
        "MIX-SD-SDR": [
            3.4690980036849064,
            3.10134964965885
        ],
        "MIX-SNR": [
            3.552974923562133,
            3.2252540736040247
        ]
    }
}