{
    "combination": [
        0,
        1
    ],
    "permutation": [
        0,
        1
    ],
    "vocals": {
        "SI-SDR": [
            0.21807757767536406,
            -0.09615257410203872
        ],
        "SI-SIR": [
            6.241218225262503,
            6.825060228525469
        ],
        "SI-SAR": [
            1.4666183625251685,
            0.8902394612842036
        ],
        "SD-SDR": [
            -2.950682002608917,
            -3.980722192950882
        ],
        "SNR": [
            3.116674562144757,
            2.93021892333355
        ],
        "SRR": [
            -0.09326295619096031,
            -1.69784411686192
        ],
        "SI-SDRi": [
            4.749341729744664,
            4.510995420066955
        ],
        "SD-SDRi": [
            1.580650304441722,
            0.626428851746998
        ],
        "SNRi": [
            7.590225141879397,
            7.525005994624389
        ],
        "MIX-SI-SDR": [
            -4.5312641520692996,
            -4.607147994168994
        ],
        "MIX-SD-SDR": [
            -4.531332307050639,
            -4.60715104469788
        ],
        "MIX-SNR": [
            -4.47355057973464,
            -4.594787071290839
        ]
    },
    "bass+drums+other": {
        "SI-SDR": [
            6.7122611180202805,
            6.709085951137067
        ],
        "SI-SIR": [
            9.107011334167703,
            8.695753237665468
        ],
        "SI-SAR": [
            10.439995324105189,
            11.061210653898915
        ],
        "SD-SDR": [
            6.131250027825186,
            6.315363988574525
        ],
        "SNR": [
            7.529733734337716,
            7.470870046664343
        ],
        "SRR": [
            15.154516227930802,
            16.93668452314952
        ],
        "SI-SDRi": [
            2.259225265599545,
            2.118586029362169
        ],
        "SD-SDRi": [
            1.6782823303857874,
            1.7248671173285164
        ],
        "SNRi": [
            3.056183154603076,
            2.876082975373504
        ],
        "MIX-SI-SDR": [
            4.453035852420736,
            4.590499921774898
        ],
        "MIX-SD-SDR": [
            4.452967697439399,
            4.590496871246009
        ],
        "MIX-SNR": [
            4.47355057973464,
            4.594787071290839
        ]
    }
}