{
    "combination": [
        0,
        1
    ],
    "permutation": [
        0,
        1
    ],
    "vocals": {
        "SI-SDR": [
            2.8706042390874646,
            2.0284471782464237
        ],
        "SI-SIR": [
            12.08028571105633,
            9.91494853080893
        ],
        "SI-SAR": [
            3.4255738393358053,
            2.79956303612318
        ],
        "SD-SDR": [
            -1.6747670113104185,
            -2.6221555522932913
        ],
        "SNR": [
            4.244615289548906,
            3.807472726357048
        ],
        "SRR": [
            0.20362864536021602,
            -0.7996582796248813
        ],
        "SI-SDRi": [
            9.618422570331383,
            8.678162445933042
        ],
        "SD-SDRi": [
            5.073072136056058,
            4.027589552710354
        ],
        "SNRi": [
            10.951198950589825,
            10.408401227972698
        ],
        "MIX-SI-SDR": [
            -6.747818331243919,
            -6.649715267686618
        ],
        "MIX-SD-SDR": [
            -6.747839147366476,
            -6.649745105003645
        ],
        "MIX-SNR": [
            -6.706583661040919,
            -6.60092850161565
        ]
    },
    "bass+drums+other": {
        "SI-SDR": [
            10.583397736369127,
            9.99000546379052
        ],
        "SI-SIR": [
            12.37597482095113,
            11.666239750854706
        ],
        "SI-SAR": [
            15.291965590471136,
            14.935694763876201
        ],
        "SD-SDR": [
            10.380670797742102,
            9.72481018750695
        ],
        "SNR": [
            10.924702373937546,
            10.38880218565577
        ],
        "SRR": [
            23.790368465082633,
            21.998918379774658
        ],
        "SI-SDRi": [
            3.885583729470505,
            3.399701333385037
        ],
        "SD-SDRi": [
            3.6828776069660396,
            3.1345358944184927
        ],
        "SNRi": [
            4.218118712896626,
            3.787873684040118
        ],
        "MIX-SI-SDR": [
            6.697814006898622,
            6.5903041304054835
        ],
        "MIX-SD-SDR": [
            6.697793190776062,
            6.5902742930884575
        ],
        "MIX-SNR": [
            6.70658366104092,
            6.600928501615652
        ]
    }
}