{
    "combination": [
        0,
        1
    ],
    "permutation": [
        0,
        1
    ],
    "vocals": {
        "SI-SDR": [
            0.6722093177073107,
            0.1998663314489551
        ],
        "SI-SIR": [
            6.658124713026069,
            4.61821443266771
        ],
        "SI-SAR": [
            1.9332200206850523,
            2.1485794330926717
        ],
        "SD-SDR": [
            -6.172229522253718,
            -6.56036776992737
        ],
        "SNR": [
            2.8099315453120317,
            2.659367560842253
        ],
        "SRR": [
            -5.1660420253863215,
            -5.531955404217839
        ],
        "SI-SDRi": [
            3.0764794426438478,
            2.613431013511649
        ],
        "SD-SDRi": [
            -3.767934931066219,
            -4.146802524011128
        ],
        "SNRi": [
            5.187077932718461,
            5.0770660111661154
        ],
        "MIX-SI-SDR": [
            -2.404270124936537,
            -2.413564682062694
        ],
        "MIX-SD-SDR": [
            -2.404294591187499,
            -2.413565245916242
        ],
        "MIX-SNR": [
            -2.3771463874064294,
            -2.4176984503238623
        ]
    },
    "bass+drums+other": {
        "SI-SDR": [
            4.190286430622149,
            3.9153429444575982
        ],
        "SI-SIR": [
            5.004192444300605,
            4.632621606902053
        ],
        "SI-SAR": [
            11.862986288707697,
            12.090011335393477
        ],
        "SD-SDR": [
            3.9412248712837608,
            3.5608579252811383
        ],
        "SNR": [
            5.154951899287053,
            5.041138027664766
        ],
        "SRR": [
            16.479936613777646,
            14.6187591604752
        ],
        "SI-SDRi": [
            1.8288098148184293,
            1.4952749516276196
        ],
        "SD-SDRi": [
            1.5797727217310071,
            1.1407904963047053
        ],
        "SNRi": [
            2.777805511880624,
            2.6234395773409025
        ],
        "MIX-SI-SDR": [
            2.3614766158037197,
            2.4200679928299786
        ],
        "MIX-SD-SDR": [
            2.3614521495527536,
            2.420067428976433
        ],
        "MIX-SNR": [
            2.3771463874064294,
            2.417698450323863
        ]
    }
}