{
    "combination": [
        0,
        1
    ],
    "permutation": [
        0,
        1
    ],
    "vocals": {
        "SI-SDR": [
            0.5756867380217169,
            0.24571284068825722
        ],
        "SI-SIR": [
            8.592978225853942,
            7.659774072472158
        ],
        "SI-SAR": [
            1.321841440228111,
            1.114899256920748
        ],
        "SD-SDR": [
            -3.0498096322128676,
            -3.530372065378041
        ],
        "SNR": [
            3.2647397249462555,
            3.0953681973274283
        ],
        "SRR": [
            -0.5782757764035191,
            -1.1708529593915349
        ],
        "SI-SDRi": [
            7.027421038601134,
            7.076848888510909
        ],
        "SD-SDRi": [
            3.4019268975668764,
            3.3008006153630762
        ],
        "SNRi": [
            9.729565381017807,
            9.871328736297244
        ],
        "MIX-SI-SDR": [
            -6.451734300579417,
            -6.831136047822652
        ],
        "MIX-SD-SDR": [
            -6.451736529779744,
            -6.831172680741117
        ],
        "MIX-SNR": [
            -6.464825656071551,
            -6.775960538969816
        ]
    },
    "bass+drums+other": {
        "SI-SDR": [
            9.21681090078238,
            9.376575140774294
        ],
        "SI-SIR": [
            11.440992669003053,
            11.45932245839023
        ],
        "SI-SAR": [
            13.18768355387422,
            13.56788789158021
        ],
        "SD-SDR": [
            8.903328232862801,
            9.017013521032592
        ],
        "SNR": [
            9.689071943205953,
            9.843444403282387
        ],
        "SRR": [
            20.47483455273798,
            20.01566386362359
        ],
        "SI-SDRi": [
            2.7490271718245056,
            2.612148364164387
        ],
        "SD-SDRi": [
            2.4355467331052507,
            2.2526233773411466
        ],
        "SNRi": [
            3.2242462871344015,
            3.067483864312571
        ],
        "MIX-SI-SDR": [
            6.467783728957875,
            6.764426776609907
        ],
        "MIX-SD-SDR": [
            6.4677814997575505,
            6.764390143691445
        ],
        "MIX-SNR": [
            6.464825656071551,
            6.775960538969816
        ]
    }
}