{
    "combination": [
        0,
        1
    ],
    "permutation": [
        0,
        1
    ],
    "vocals": {
        "SI-SDR": [
            -3.3969618149776295,
            -5.46736790874491
        ],
        "SI-SIR": [
            2.794765701109245,
            0.6613703311384211
        ],
        "SI-SAR": [
            -2.2031506368651095,
            -4.253436457133022
        ],
        "SD-SDR": [
            -8.923498061921396,
            -8.538652255345102
        ],
        "SNR": [
            1.6298900433188779,
            0.7181025638922063
        ],
        "SRR": [
            -7.496090356842683,
            -5.58849218025655
        ],
        "SI-SDRi": [
            -0.3008867672728184,
            2.0394128910945497
        ],
        "SD-SDRi": [
            -5.827076769159529,
            -1.0318354501083329
        ],
        "SNRi": [
            4.616240648891015,
            8.165767800401111
        ],
        "MIX-SI-SDR": [
            -3.096075047704811,
            -7.50678079983946
        ],
        "MIX-SD-SDR": [
            -3.096421292761867,
            -7.506816805236769
        ],
        "MIX-SNR": [
            -2.9863506055721367,
            -7.447665236508905
        ]
    },
    "bass+drums+other": {
        "SI-SDR": [
            3.4213088118014894,
            7.414985703618255
        ],
        "SI-SIR": [
            4.579850360468494,
            9.864269032024849
        ],
        "SI-SAR": [
            9.726436807656313,
            11.069677074861877
        ],
        "SD-SDR": [
            3.0872280663020204,
            6.832876168471854
        ],
        "SNR": [
            4.603348779925555,
            8.13160305490109
        ],
        "SRR": [
            14.392526346247092,
            15.848476426499625
        ],
        "SI-SDRi": [
            0.4897772833879981,
            -0.022098896061271134
        ],
        "SD-SDRi": [
            0.15604278294559037,
            -0.6041724258103596
        ],
        "SNRi": [
            1.6169981743534185,
            0.6839378183921854
        ],
        "MIX-SI-SDR": [
            2.9315315284134913,
            7.437084599679526
        ],
        "MIX-SD-SDR": [
            2.93118528335643,
            7.4370485942822135
        ],
        "MIX-SNR": [
            2.9863506055721363,
            7.447665236508905
        ]
    }
}