{
    "combination": [
        0,
        1
    ],
    "permutation": [
        0,
        1
    ],
    "vocals": {
        "SI-SDR": [
            -2.565431189488892,
            -2.6642837110034723
        ],
        "SI-SIR": [
            1.1474926063852136,
            0.7145982199765668
        ],
        "SI-SAR": [
            -0.15975259495142377,
            0.0062830863124875205
        ],
        "SD-SDR": [
            -4.581238316173515,
            -4.6207452739435455
        ],
        "SNR": [
            1.5799294872641743,
            1.5085495585837514
        ],
        "SRR": [
            -0.27889708497177634,
            -0.2160464281516147
        ],
        "SI-SDRi": [
            3.2307606083537395,
            3.0586321552427176
        ],
        "SD-SDRi": [
            1.2160951312832715,
            1.1029150818755307
        ],
        "SNRi": [
            7.656183838099864,
            7.454832667116566
        ],
        "MIX-SI-SDR": [
            -5.796191797842631,
            -5.72291586624619
        ],
        "MIX-SD-SDR": [
            -5.797333447456786,
            -5.723660355819076
        ],
        "MIX-SNR": [
            -6.076254350835689,
            -5.946283108532815
        ]
    },
    "bass+drums+other": {
        "SI-SDR": [
            6.838120987602481,
            6.644693044608272
        ],
        "SI-SIR": [
            9.824999431936654,
            9.573461976029957
        ],
        "SI-SAR": [
            9.871969454029887,
            9.738083957317015
        ],
        "SD-SDR": [
            5.521932362379609,
            5.164847580604942
        ],
        "SNR": [
            7.603251897615124,
            7.420308642257294
        ],
        "SRR": [
            11.348080787505966,
            10.559459522751435
        ],
        "SI-SDRi": [
            0.6910456257658675,
            0.6405058807326114
        ],
        "SD-SDRi": [
            -0.6240013498428478,
            -0.8385950936978332
        ],
        "SNRi": [
            1.526997546779434,
            1.4740255337244799
        ],
        "MIX-SI-SDR": [
            6.147075361836613,
            6.0041871638756605
        ],
        "MIX-SD-SDR": [
            6.145933712222456,
            6.003442674302775
        ],
        "MIX-SNR": [
            6.07625435083569,
            5.946283108532814
        ]
    }
}