{
    "combination": [
        0,
        1
    ],
    "permutation": [
        0,
        1
    ],
    "vocals": {
        "SI-SDR": [
            6.1869548153176845,
            5.916146051825257
        ],
        "SI-SIR": [
            13.244407813805989,
            13.187660370445238
        ],
        "SI-SAR": [
            7.139280583084675,
            6.817560037878461
        ],
        "SD-SDR": [
            2.3220487789235342,
            2.335451119464233
        ],
        "SNR": [
            6.336791586826798,
            6.268298967169707
        ],
        "SRR": [
            4.61857769584034,
            4.841648259658989
        ],
        "SI-SDRi": [
            7.278073057766243,
            6.8209150586625675
        ],
        "SD-SDRi": [
            3.4131910704454165,
            3.2403828869759326
        ],
        "SNRi": [
            7.404789309484353,
            7.114418419835292
        ],
        "MIX-SI-SDR": [
            -1.0911182424485586,
            -0.9047690068373103
        ],
        "MIX-SD-SDR": [
            -1.0911422915218822,
            -0.9049317675116993
        ],
        "MIX-SNR": [
            -1.0679977226575554,
            -0.8461194526655855
        ]
    },
    "bass+drums+other": {
        "SI-SDR": [
            6.609709058158783,
            6.291545577217134
        ],
        "SI-SIR": [
            8.570459624584393,
            8.457266964925294
        ],
        "SI-SAR": [
            11.006881468889823,
            10.351316716653113
        ],
        "SD-SDR": [
            6.223721490841124,
            5.890689669800505
        ],
        "SNR": [
            7.380385109704123,
            7.109957944307088
        ],
        "SRR": [
            16.927395928004103,
            16.43753633104083
        ],
        "SI-SDRi": [
            5.559780807756127,
            5.493635536394397
        ],
        "SD-SDRi": [
            5.173817289511787,
            5.092942389652158
        ],
        "SNRi": [
            6.312387387046567,
            6.263838491641503
        ],
        "MIX-SI-SDR": [
            1.0499282504026564,
            0.7979100408227366
        ],
        "MIX-SD-SDR": [
            1.0499042013293372,
            0.797747280148347
        ],
        "MIX-SNR": [
            1.0679977226575554,
            0.8461194526655851
        ]
    }
}