{
    "combination": [
        0,
        1
    ],
    "permutation": [
        0,
        1
    ],
    "vocals": {
        "SI-SDR": [
            2.119581959693303,
            -0.07828865846413455
        ],
        "SI-SIR": [
            7.022023739077876,
            3.7928496333725144
        ],
        "SI-SAR": [
            3.816337578776143,
            2.213902363356049
        ],
        "SD-SDR": [
            -0.27289573512999254,
            -1.7829730710507339
        ],
        "SNR": [
            4.189694042853454,
            2.823992622137879
        ],
        "SRR": [
            3.4579292967581763,
            3.1029280782183193
        ],
        "SI-SDRi": [
            4.212426794188022,
            3.1792686061024034
        ],
        "SD-SDRi": [
            1.820037690694103,
            1.4746629957308452
        ],
        "SNRi": [
            6.3326900432531055,
            6.027959038677425
        ],
        "MIX-SI-SDR": [
            -2.0928448344947186,
            -3.257557264566538
        ],
        "MIX-SD-SDR": [
            -2.0929334258240955,
            -3.257636066781579
        ],
        "MIX-SNR": [
            -2.142996000399651,
            -3.2039664165395463
        ]
    },
    "bass+drums+other": {
        "SI-SDR": [
            5.129514309775276,
            4.739612713934437
        ],
        "SI-SIR": [
            8.005075106810661,
            8.303634428967253
        ],
        "SI-SAR": [
            8.278867899602709,
            7.258873264388948
        ],
        "SD-SDR": [
            4.221487985148476,
            3.285839680778519
        ],
        "SNR": [
            6.278142181366104,
            5.990845973984968
        ],
        "SRR": [
            11.4644522941719,
            8.745345406294726
        ],
        "SI-SDRi": [
            2.955831188383789,
            1.5611905846346454
        ],
        "SD-SDRi": [
            2.0478934550863657,
            0.10749635369376698
        ],
        "SNRi": [
            4.135146180966453,
            2.7868795574454226
        ],
        "MIX-SI-SDR": [
            2.173683121391487,
            3.1784221292997916
        ],
        "MIX-SD-SDR": [
            2.1735945300621107,
            3.178343327084752
        ],
        "MIX-SNR": [
            2.142996000399651,
            3.203966416539546
        ]
    }
}