{
    "combination": [
        0,
        1
    ],
    "permutation": [
        0,
        1
    ],
    "vocals": {
        "SI-SDR": [
            2.620308577523527,
            2.4279622022044833
        ],
        "SI-SIR": [
            10.278571579788906,
            10.074685521575788
        ],
        "SI-SAR": [
            3.4371962940090017,
            3.247241873939746
        ],
        "SD-SDR": [
            1.307769797786261,
            0.6952707019836604
        ],
        "SNR": [
            4.470958327847708,
            4.385983070580407
        ],
        "SRR": [
            7.144245104708964,
            5.523481615028505
        ],
        "SI-SDRi": [
            5.397862922851829,
            5.639938424850612
        ],
        "SD-SDRi": [
            4.085441570573728,
            3.9072589447447736
        ],
        "SNRi": [
            7.311039057838211,
            7.6189123894742
        ],
        "MIX-SI-SDR": [
            -2.777554345328302,
            -3.211976222646129
        ],
        "MIX-SD-SDR": [
            -2.7776717727874676,
            -3.2119882427611133
        ],
        "MIX-SNR": [
            -2.840080729990503,
            -3.232929318893794
        ]
    },
    "bass+drums+other": {
        "SI-SDR": [
            6.4449708906591106,
            6.816867058750029
        ],
        "SI-SIR": [
            11.73067608396748,
            11.169788499257255
        ],
        "SI-SAR": [
            7.969823688360426,
            8.803072276408454
        ],
        "SD-SDR": [
            5.8533064707127,
            6.27628738634103
        ],
        "SNR": [
            7.304994510003578,
            7.61094452520247
        ],
        "SRR": [
            14.802869200326047,
            15.593019939435829
        ],
        "SI-SDRi": [
            3.5722649717991133,
            3.5739721048950646
        ],
        "SD-SDRi": [
            2.980717979311866,
            3.0334044526010486
        ],
        "SNRi": [
            4.464913780013074,
            4.3780152063086755
        ],
        "MIX-SI-SDR": [
            2.8727059188599973,
            3.2428949538549645
        ],
        "MIX-SD-SDR": [
            2.8725884914008337,
            3.2428829337399816
        ],
        "MIX-SNR": [
            2.8400807299905035,
            3.2329293188937944
        ]
    }
}