{
    "combination": [
        0,
        1
    ],
    "permutation": [
        0,
        1
    ],
    "vocals": {
        "SI-SDR": [
            -14.00352537601786,
            -6.804267185612513
        ],
        "SI-SIR": [
            -12.575499200311471,
            -5.224221325842021
        ],
        "SI-SAR": [
            -8.478578120515175,
            -1.647023813470627
        ],
        "SD-SDR": [
            -14.134227544597598,
            -7.019225401742485
        ],
        "SNR": [
            -8.66772942864544,
            -3.5377160025133882
        ],
        "SRR": [
            1.1459748237754317,
            6.142113019576476
        ],
        "SI-SDRi": [
            -0.286565951056156,
            2.369955690211457
        ],
        "SD-SDRi": [
            -0.4169700093598898,
            2.1551710982716124
        ],
        "SNRi": [
            4.70724855045267,
            5.796055807532452
        ],
        "MIX-SI-SDR": [
            -13.716959424961704,
            -9.17422287582397
        ],
        "MIX-SD-SDR": [
            -13.717257535237708,
            -9.174396500014097
        ],
        "MIX-SNR": [
            -13.37497797909811,
            -9.33377181004584
        ]
    },
    "bass+drums+other": {
        "SI-SDR": [
            4.133890421499161,
            5.779966605052902
        ],
        "SI-SIR": [
            14.567345820977728,
            14.146992999415161
        ],
        "SI-SAR": [
            4.545869239297554,
            6.4635859864147305
        ],
        "SD-SDR": [
            -1.1317098606151035,
            1.0681722382027345
        ],
        "SNR": [
            4.690397291739461,
            5.776334033396759
        ],
        "SRR": [
            0.40162783709780736,
            2.859101575507008
        ],
        "SI-SDRi": [
            -9.22594236110665,
            -3.5727100451907177
        ],
        "SD-SDRi": [
            -14.491244532944908,
            -8.284330787850756
        ],
        "SNRi": [
            -8.68458068735865,
            -3.5574377766490812
        ],
        "MIX-SI-SDR": [
            13.359832782605812,
            9.35267665024362
        ],
        "MIX-SD-SDR": [
            13.359534672329804,
            9.35250302605349
        ],
        "MIX-SNR": [
            13.37497797909811,
            9.33377181004584
        ]
    }
}