{
    "combination": [
        0,
        1
    ],
    "permutation": [
        0,
        1
    ],
    "vocals": {
        "SI-SDR": [
            5.509341013820789,
            5.445118042152274
        ],
        "SI-SIR": [
            13.73414499795375,
            14.373682038388978
        ],
        "SI-SAR": [
            6.217677244837716,
            6.039855778579012
        ],
        "SD-SDR": [
            3.303243860605229,
            3.2616871113048513
        ],
        "SNR": [
            6.418796012962659,
            6.379376141011763
        ],
        "SRR": [
            7.301295995107249,
            7.294208411020239
        ],
        "SI-SDRi": [
            8.375989026515567,
            9.341396399382205
        ],
        "SD-SDRi": [
            6.169918351758483,
            7.158086427443367
        ],
        "SNRi": [
            9.315355174170456,
            10.347862790401257
        ],
        "MIX-SI-SDR": [
            -2.8666480126947786,
            -3.8962783572299324
        ],
        "MIX-SD-SDR": [
            -2.866674491153254,
            -3.896399316138516
        ],
        "MIX-SNR": [
            -2.896559161207797,
            -3.9684866493894932
        ]
    },
    "bass+drums+other": {
        "SI-SDR": [
            8.751571881713208,
            9.898168083456437
        ],
        "SI-SIR": [
            12.388578836943388,
            13.625831575596585
        ],
        "SI-SAR": [
            11.214301627470341,
            12.292970324689032
        ],
        "SD-SDR": [
            8.32614017126875,
            9.543385293184091
        ],
        "SNR": [
            9.288211623847847,
            10.318563225145896
        ],
        "SRR": [
            18.62666424258811,
            20.597786800522385
        ],
        "SI-SDRi": [
            5.8396345577201645,
            5.900581098556097
        ],
        "SD-SDRi": [
            5.414229325734186,
            5.545919267192334
        ],
        "SNRi": [
            6.3916524626400495,
            6.350076575756403
        ],
        "MIX-SI-SDR": [
            2.911937323993043,
            3.9975869849003387
        ],
        "MIX-SD-SDR": [
            2.911910845534565,
            3.997466025991758
        ],
        "MIX-SNR": [
            2.8965591612077968,
            3.968486649389493
        ]
    }
}