{
    "combination": [
        0,
        1
    ],
    "permutation": [
        0,
        1
    ],
    "vocals": {
        "SI-SDR": [
            2.9167455166185476,
            5.757196294471749
        ],
        "SI-SIR": [
            6.920209242773168,
            10.728617845346715
        ],
        "SI-SAR": [
            5.119264342714188,
            7.421362374647672
        ],
        "SD-SDR": [
            1.3524417184886417,
            4.919800285650571
        ],
        "SNR": [
            4.702713038849811,
            6.7719370796101765
        ],
        "SRR": [
            6.5457738447135485,
            12.480306926021889
        ],
        "SI-SDRi": [
            3.303079856220556,
            5.713332853316181
        ],
        "SD-SDRi": [
            1.7388433732729012,
            4.876366581835862
        ],
        "SNRi": [
            5.124940204665161,
            6.81490052393235
        ],
        "MIX-SI-SDR": [
            -0.38633433960200836,
            0.043863441155567666
        ],
        "MIX-SD-SDR": [
            -0.3864016547842595,
            0.04343370381470926
        ],
        "MIX-SNR": [
            -0.4222271658153506,
            -0.04296344432217329
        ]
    },
    "bass+drums+other": {
        "SI-SDR": [
            3.5257349366024378,
            5.8066310846501725
        ],
        "SI-SIR": [
            7.303471506353184,
            11.996567233679317
        ],
        "SI-SAR": [
            5.884062463483888,
            7.001009168518253
        ],
        "SD-SDR": [
            2.1109819106424106,
            4.487800367334993
        ],
        "SNR": [
            5.116980194832794,
            6.801766223019719
        ],
        "SRR": [
            7.670209323676973,
            10.306493940263987
        ],
        "SI-SDRi": [
            3.070927791821032,
            5.677687067446499
        ],
        "SD-SDRi": [
            1.6562420810432565,
            4.359286087472173
        ],
        "SNRi": [
            4.694753029017445,
            6.758802778697546
        ],
        "MIX-SI-SDR": [
            0.4548071447814055,
            0.12894401720367352
        ],
        "MIX-SD-SDR": [
            0.45473982959915404,
            0.12851427986282024
        ],
        "MIX-SNR": [
            0.42222716581534975,
            0.0429634443221731
        ]
    }
}