{
    "combination": [
        0,
        1
    ],
    "permutation": [
        0,
        1
    ],
    "vocals": {
        "SI-SDR": [
            -13.690111754774929,
            -14.09908686854771
        ],
        "SI-SIR": [
            -6.157842243670184,
            -6.666761992874267
        ],
        "SI-SAR": [
            -12.846687048352115,
            -13.233936769206325
        ],
        "SD-SDR": [
            -14.344089566621454,
            -14.480285648769128
        ],
        "SNR": [
            -4.948774288769238,
            -6.399161233724824
        ],
        "SRR": [
            -5.798990184541496,
            -3.7247522224875724
        ],
        "SI-SDRi": [
            7.132222811097382,
            7.861237434543229
        ],
        "SD-SDRi": [
            6.478496565593863,
            7.480133719838298
        ],
        "SNRi": [
            16.63275065680987,
            16.086073538495214
        ],
        "MIX-SI-SDR": [
            -20.82233456587231,
            -21.96032430309094
        ],
        "MIX-SD-SDR": [
            -20.822586132215317,
            -21.960419368607425
        ],
        "MIX-SNR": [
            -21.581524945579105,
            -22.48523477222004
        ]
    },
    "bass+drums+other": {
        "SI-SDR": [
            16.65205281268106,
            16.123684373761645
        ],
        "SI-SIR": [
            24.64428410631458,
            26.18275250916819
        ],
        "SI-SAR": [
            17.402921194157972,
            16.574745471237875
        ],
        "SD-SDR": [
            15.960416817660683,
            15.35324707510921
        ],
        "SNR": [
            16.475454567070212,
            15.931497193626555
        ],
        "SRR": [
            24.280713585476366,
            23.243242524449595
        ],
        "SI-SDRi": [
            -4.935232133428617,
            -6.364697525178155
        ],
        "SD-SDRi": [
            -5.626616562105994,
            -7.135039758314111
        ],
        "SNRi": [
            -5.106070378508893,
            -6.553737578593484
        ],
        "MIX-SI-SDR": [
            21.587284946109676,
            22.4883818989398
        ],
        "MIX-SD-SDR": [
            21.587033379766677,
            22.48828683342332
        ],
        "MIX-SNR": [
            21.581524945579105,
            22.48523477222004
        ]
    }
}