{
    "combination": [
        0,
        1
    ],
    "permutation": [
        0,
        1
    ],
    "vocals": {
        "SI-SDR": [
            -19.600509805055466,
            -20.36380060432125
        ],
        "SI-SIR": [
            -13.259708788370688,
            -14.20713939336869
        ],
        "SI-SAR": [
            -18.452816421620533,
            -19.158835945423156
        ],
        "SD-SDR": [
            -20.847586961710796,
            -20.551291341305106
        ],
        "SNR": [
            -4.578491854401342,
            -10.474821369716466
        ],
        "SRR": [
            -14.820049037552128,
            -6.809838275890759
        ],
        "SI-SDRi": [
            5.377440733218535,
            5.287773844923208
        ],
        "SD-SDRi": [
            4.130677283211025,
            5.100762628008127
        ],
        "SNRi": [
            19.18010620190459,
            13.583337607646147
        ],
        "MIX-SI-SDR": [
            -24.977950538274,
            -25.651574449244457
        ],
        "MIX-SD-SDR": [
            -24.97826424492182,
            -25.652053969313233
        ],
        "MIX-SNR": [
            -23.75859805630593,
            -24.058158977362613
        ]
    },
    "bass+drums+other": {
        "SI-SDR": [
            13.57736797844179,
            13.19261636370284
        ],
        "SI-SIR": [
            26.57364674428338,
            26.86623120235503
        ],
        "SI-SAR": [
            13.800871138400783,
            13.383124448950799
        ],
        "SD-SDR": [
            -1.37373841769152,
            12.740934541033965
        ],
        "SNR": [
            5.284995982749475,
            13.348806515535227
        ],
        "SRR": [
            -1.2325781187647653,
            22.794335253322636
        ],
        "SI-SDRi": [
            -10.176753448033603,
            -10.860300123221954
        ],
        "SD-SDRi": [
            -25.127546137519097,
            -11.311502425822052
        ],
        "SNRi": [
            -18.473602073556457,
            -10.709352461827386
        ],
        "MIX-SI-SDR": [
            23.754121426475393,
            24.052916486924794
        ],
        "MIX-SD-SDR": [
            23.753807719827577,
            24.052436966856018
        ],
        "MIX-SNR": [
            23.75859805630593,
            24.058158977362613
        ]
    }
}