{
    "combination": [
        0,
        1
    ],
    "permutation": [
        0,
        1
    ],
    "vocals": {
        "SI-SDR": [
            3.858193732206401,
            3.46114779239585
        ],
        "SI-SIR": [
            14.44566813688773,
            13.9379465800303
        ],
        "SI-SAR": [
            4.2551412451725525,
            3.868837222071427
        ],
        "SD-SDR": [
            2.2712532446554627,
            0.9550933011698577
        ],
        "SNR": [
            5.35333983032832,
            5.000501572184178
        ],
        "SRR": [
            7.412825422505978,
            4.5359709319052035
        ],
        "SI-SDRi": [
            10.865179991469557,
            9.813959007918744
        ],
        "SD-SDRi": [
            9.278242393315917,
            7.307912970147839
        ],
        "SNRi": [
            12.344469875630061,
            11.328176262458083
        ],
        "MIX-SI-SDR": [
            -7.006986259263156,
            -6.352811215522893
        ],
        "MIX-SD-SDR": [
            -7.006989148660454,
            -6.352819668977982
        ],
        "MIX-SNR": [
            -6.99113004530174,
            -6.327674690273904
        ]
    },
    "bass+drums+other": {
        "SI-SDR": [
            12.02311571159405,
            10.966330778647668
        ],
        "SI-SIR": [
            16.99020060591042,
            14.416771014245356
        ],
        "SI-SAR": [
            13.689308296653454,
            13.577020821868025
        ],
        "SD-SDR": [
            11.743144751912205,
            10.734048445460662
        ],
        "SNR": [
            12.287253862188203,
            11.291784391436948
        ],
        "SRR": [
            23.78909148931278,
            23.567353289650143
        ],
        "SI-SDRi": [
            5.0351512382674555,
            4.6444982508240145
        ],
        "SD-SDRi": [
            4.755183167982902,
            4.412224371092095
        ],
        "SNRi": [
            5.296123816886462,
            4.964109701163045
        ],
        "MIX-SI-SDR": [
            6.987964473326595,
            6.321832527823654
        ],
        "MIX-SD-SDR": [
            6.9879615839293026,
            6.321824074368567
        ],
        "MIX-SNR": [
            6.991130045301741,
            6.327674690273904
        ]
    }
}