{
    "combination": [
        0,
        1
    ],
    "permutation": [
        0,
        1
    ],
    "vocals": {
        "SI-SDR": [
            1.454564291025813,
            1.2313669813427415
        ],
        "SI-SIR": [
            7.653303401545232,
            7.424769876473403
        ],
        "SI-SAR": [
            2.6461594994374127,
            2.42464823839165
        ],
        "SD-SDR": [
            -2.857822993345742,
            -2.6081922760590133
        ],
        "SNR": [
            3.597089507335518,
            3.560606566711542
        ],
        "SRR": [
            -0.847938893098526,
            -0.2939116446293825
        ],
        "SI-SDRi": [
            7.001024344595192,
            6.36616996419492
        ],
        "SD-SDRi": [
            2.688654832949239,
            2.5266245392578397
        ],
        "SNRi": [
            9.110355560902503,
            8.72346566061424
        ],
        "MIX-SI-SDR": [
            -5.546460053569379,
            -5.134802982852178
        ],
        "MIX-SD-SDR": [
            -5.546477826294981,
            -5.134816815316853
        ],
        "MIX-SNR": [
            -5.513266053566985,
            -5.162859093902697
        ]
    },
    "bass+drums+other": {
        "SI-SDR": [
            8.523306333106289,
            8.091500786016438
        ],
        "SI-SIR": [
            10.187398121754645,
            10.006029767420063
        ],
        "SI-SAR": [
            13.494886986298756,
            12.570879282225713
        ],
        "SD-SDR": [
            8.103402909313152,
            7.627634774582518
        ],
        "SNR": [
            9.083311789665972,
            8.706559060947292
        ],
        "SRR": [
            18.458012086287855,
            17.57142119101649
        ],
        "SI-SDRi": [
            3.0193414867325785,
            2.920076900254039
        ],
        "SD-SDRi": [
            2.5994558356650472,
            2.4562247212847925
        ],
        "SNRi": [
            3.5700457360989883,
            3.5436999670445957
        ],
        "MIX-SI-SDR": [
            5.5039648463737105,
            5.171423885762398
        ],
        "MIX-SD-SDR": [
            5.503947073648105,
            5.171410053297725
        ],
        "MIX-SNR": [
            5.5132660535669835,
            5.162859093902696
        ]
    }
}