{
    "combination": [
        0,
        1
    ],
    "permutation": [
        0,
        1
    ],
    "vocals": {
        "SI-SDR": [
            4.236565859001132,
            7.040271786097813
        ],
        "SI-SIR": [
            9.682310441391987,
            13.195305887234587
        ],
        "SI-SAR": [
            5.695822212498893,
            8.245756865727154
        ],
        "SD-SDR": [
            2.7135154656592624,
            4.936120605888437
        ],
        "SNR": [
            5.623325827178226,
            7.549482836330302
        ],
        "SRR": [
            8.00350853250375,
            9.092875253825905
        ],
        "SI-SDRi": [
            6.88234078067139,
            8.229723490959067
        ],
        "SD-SDRi": [
            5.359292190356227,
            6.125603653504037
        ],
        "SNRi": [
            8.276695349564498,
            8.712248373333688
        ],
        "MIX-SI-SDR": [
            -2.645774921670258,
            -1.1894517048612545
        ],
        "MIX-SD-SDR": [
            -2.645776724696964,
            -1.1894830476155993
        ],
        "MIX-SNR": [
            -2.6533695223862725,
            -1.1627655370033867
        ]
    },
    "bass+drums+other": {
        "SI-SDR": [
            7.593352574470618,
            8.084292063704176
        ],
        "SI-SIR": [
            11.931740146988776,
            11.56111258497652
        ],
        "SI-SAR": [
            9.588007835121994,
            10.673359674016915
        ],
        "SD-SDR": [
            6.607775233917514,
            7.364469477740281
        ],
        "SNR": [
            8.267553460462553,
            8.70884773230488
        ],
        "SRR": [
            13.532184557754254,
            15.524999193798363
        ],
        "SI-SDRi": [
            4.935858834668783,
            6.94192960937438
        ],
        "SD-SDRi": [
            3.950283297142383,
            6.222138366164831
        ],
        "SNRi": [
            5.61418393807628,
            7.546082195301493
        ],
        "MIX-SI-SDR": [
            2.6574937398018355,
            1.1423624543297959
        ],
        "MIX-SD-SDR": [
            2.657491936775131,
            1.1423311115754498
        ],
        "MIX-SNR": [
            2.653369522386273,
            1.1627655370033867
        ]
    }
}