{
    "combination": [
        0,
        1
    ],
    "permutation": [
        0,
        1
    ],
    "vocals": {
        "SI-SDR": [
            2.2998744665490265,
            1.2292439629092513
        ],
        "SI-SIR": [
            7.469227315851217,
            5.512203483529941
        ],
        "SI-SAR": [
            3.8746171615269764,
            3.2565400957804176
        ],
        "SD-SDR": [
            -1.199366233813767,
            -1.97354961651881
        ],
        "SNR": [
            4.162520321085099,
            3.6312893035721383
        ],
        "SRR": [
            1.371511345440891,
            0.8524277812223651
        ],
        "SI-SDRi": [
            4.028726702480146,
            4.389344431130111
        ],
        "SD-SDRi": [
            0.5305177697762915,
            1.1866274756824637
        ],
        "SNRi": [
            6.057333780157182,
            6.739130172190741
        ],
        "MIX-SI-SDR": [
            -1.728852235931119,
            -3.1601004682208593
        ],
        "MIX-SD-SDR": [
            -1.7298840035900584,
            -3.1601770922012737
        ],
        "MIX-SNR": [
            -1.8948134590720833,
            -3.107840868618603
        ]
    },
    "bass+drums+other": {
        "SI-SDR": [
            4.937556987484104,
            5.685868022537673
        ],
        "SI-SIR": [
            6.8738677525904475,
            7.701467974254975
        ],
        "SI-SAR": [
            9.377893113268073,
            9.988560020624876
        ],
        "SD-SDR": [
            4.328590381311267,
            4.804330674815009
        ],
        "SNR": [
            6.054006485535438,
            6.718290899362089
        ],
        "SRR": [
            13.161424719967636,
            12.163082197587949
        ],
        "SI-SDRi": [
            2.9347398881181124,
            2.603498069395779
        ],
        "SD-SDRi": [
            2.3268050496042196,
            1.7220373456535318
        ],
        "SNRi": [
            4.159193026463354,
            3.610450030743486
        ],
        "MIX-SI-SDR": [
            2.0028170993659917,
            3.082369953141894
        ],
        "MIX-SD-SDR": [
            2.0017853317070475,
            3.0822933291614776
        ],
        "MIX-SNR": [
            1.894813459072084,
            3.107840868618603
        ]
    }
}