{
    "combination": [
        0,
        1
    ],
    "permutation": [
        0,
        1
    ],
    "vocals": {
        "SI-SDR": [
            2.1263937075174626,
            1.5947468444708448
        ],
        "SI-SIR": [
            10.071213956813232,
            9.074200826934318
        ],
        "SI-SAR": [
            2.8862687993547773,
            2.4495764309578067
        ],
        "SD-SDR": [
            -0.35252096706960767,
            -0.7154087332530827
        ],
        "SNR": [
            4.188761983888788,
            3.880416176588826
        ],
        "SRR": [
            3.2633669982631686,
            3.1300180779902673
        ],
        "SI-SDRi": [
            8.750931598530606,
            8.250005033574531
        ],
        "SD-SDRi": [
            6.272017485977821,
            5.939858390910768
        ],
        "SNRi": [
            10.820002337814731,
            10.56253087432148
        ],
        "MIX-SI-SDR": [
            -6.6245378910131425,
            -6.655258189103687
        ],
        "MIX-SD-SDR": [
            -6.624538453047428,
            -6.65526712416385
        ],
        "MIX-SNR": [
            -6.631240353925943,
            -6.682114697732654
        ]
    },
    "bass+drums+other": {
        "SI-SDR": [
            10.333480882084789,
            10.039364389148043
        ],
        "SI-SIR": [
            13.705578417613825,
            13.558707869417159
        ],
        "SI-SAR": [
            13.0098194287193,
            12.594075822412908
        ],
        "SD-SDR": [
            9.890606394032416,
            9.53312037523863
        ],
        "SNR": [
            10.716172341567361,
            10.444958106550084
        ],
        "SRR": [
            20.02519851431042,
            19.118027958332636
        ],
        "SI-SDRi": [
            3.7007838194624343,
            3.3514701604838955
        ],
        "SD-SDRi": [
            3.257909893444344,
            2.8452350816346463
        ],
        "SNRi": [
            4.08493198764142,
            3.76284340881743
        ],
        "MIX-SI-SDR": [
            6.632697062622355,
            6.687894228664147
        ],
        "MIX-SD-SDR": [
            6.632696500588072,
            6.687885293603983
        ],
        "MIX-SNR": [
            6.631240353925941,
            6.682114697732654
        ]
    }
}