{
    "combination": [
        0,
        1
    ],
    "permutation": [
        0,
        1
    ],
    "vocals": {
        "SI-SDR": [
            6.312322010626543,
            6.674276369828885
        ],
        "SI-SIR": [
            14.62820612384755,
            15.323718607206988
        ],
        "SI-SAR": [
            7.004720247198561,
            7.311531440919366
        ],
        "SD-SDR": [
            4.21042595320927,
            4.6113269665451755
        ],
        "SNR": [
            7.017252765099242,
            7.292431024281844
        ],
        "SRR": [
            8.370800732227268,
            8.835005307498356
        ],
        "SI-SDRi": [
            8.661755942233356,
            9.247915745110047
        ],
        "SD-SDRi": [
            6.559964417831562,
            7.184984712986719
        ],
        "SNRi": [
            9.31112001764069,
            9.842096413081116
        ],
        "MIX-SI-SDR": [
            -2.3494339316068116,
            -2.573639375281163
        ],
        "MIX-SD-SDR": [
            -2.349538464622292,
            -2.573657746441543
        ],
        "MIX-SNR": [
            -2.293867252541447,
            -2.549665388799271
        ]
    },
    "bass+drums+other": {
        "SI-SDR": [
            8.745547354667444,
            9.34291696176356
        ],
        "SI-SIR": [
            12.571407508607264,
            13.27855119737118
        ],
        "SI-SAR": [
            11.069495898888945,
            11.590828655567538
        ],
        "SD-SDR": [
            8.298060810617695,
            8.928509364966539
        ],
        "SNR": [
            9.285258906777623,
            9.818709514099323
        ],
        "SRR": [
            18.389926395888793,
            19.337631689038076
        ],
        "SI-SDRi": [
            6.48436034931681,
            6.806563502060893
        ],
        "SD-SDRi": [
            6.036978338282545,
            6.3921742764242495
        ],
        "SNRi": [
            6.991391654236176,
            7.269044125300053
        ],
        "MIX-SI-SDR": [
            2.261187005350634,
            2.5363534597026676
        ],
        "MIX-SD-SDR": [
            2.261082472335151,
            2.536335088542289
        ],
        "MIX-SNR": [
            2.293867252541447,
            2.54966538879927
        ]
    }
}