{
    "combination": [
        0,
        1
    ],
    "permutation": [
        0,
        1
    ],
    "vocals": {
        "SI-SDR": [
            3.140991638444395,
            3.266314588462614
        ],
        "SI-SIR": [
            10.43704923461779,
            9.856527889013659
        ],
        "SI-SAR": [
            4.036763874706588,
            4.341304376149252
        ],
        "SD-SDR": [
            -0.1243981451473326,
            0.9593543679730656
        ],
        "SNR": [
            4.674009839573964,
            4.90398264996684
        ],
        "SRR": [
            2.644967491353223,
            4.809335609106666
        ],
        "SI-SDRi": [
            6.356530772300862,
            6.739370386512668
        ],
        "SD-SDRi": [
            3.091143322163509,
            4.432411418607277
        ],
        "SNRi": [
            7.898775521700447,
            8.384000392894942
        ],
        "MIX-SI-SDR": [
            -3.2155391338564665,
            -3.4730557980500536
        ],
        "MIX-SD-SDR": [
            -3.2155414673108416,
            -3.4730570506342118
        ],
        "MIX-SNR": [
            -3.2247656821264825,
            -3.4800177429281014
        ]
    },
    "bass+drums+other": {
        "SI-SDR": [
            7.13266537130917,
            7.637663275163171
        ],
        "SI-SIR": [
            9.56893601914758,
            10.93555636067568
        ],
        "SI-SAR": [
            10.80459208241824,
            10.378237659193362
        ],
        "SD-SDR": [
            6.720386155154188,
            7.021145351653676
        ],
        "SNR": [
            7.849504368948433,
            8.326042631670973
        ],
        "SRR": [
            17.150823832167845,
            15.804144303734642
        ],
        "SI-SDRi": [
            3.903506252127279,
            4.154520023873817
        ],
        "SD-SDRi": [
            3.4912293694266725,
            3.53800335294848
        ],
        "SNRi": [
            4.624738686821951,
            4.84602488874287
        ],
        "MIX-SI-SDR": [
            3.229159119181891,
            3.483143251289354
        ],
        "MIX-SD-SDR": [
            3.229156785727515,
            3.4831419987051957
        ],
        "MIX-SNR": [
            3.2247656821264825,
            3.4800177429281023
        ]
    }
}