{
    "combination": [
        0,
        1
    ],
    "permutation": [
        0,
        1
    ],
    "vocals": {
        "SI-SDR": [
            -1.2492133090472743,
            -0.7197541977238588
        ],
        "SI-SIR": [
            4.244791409339822,
            4.146549266851008
        ],
        "SI-SAR": [
            0.19091932300034692,
            0.9943824795095618
        ],
        "SD-SDR": [
            -7.28309210042036,
            -7.0676597842807904
        ],
        "SNR": [
            2.2710183249724465,
            2.409231647858128
        ],
        "SRR": [
            -6.038122019855208,
            -5.922113066998741
        ],
        "SI-SDRi": [
            4.004803927452329,
            4.285818116278051
        ],
        "SD-SDRi": [
            -2.0272826941968614,
            -2.0620874137648117
        ],
        "SNRi": [
            7.856106207485933,
            7.416567305930782
        ],
        "MIX-SI-SDR": [
            -5.254017236499603,
            -5.00557231400191
        ],
        "MIX-SD-SDR": [
            -5.255809406223499,
            -5.005572370515979
        ],
        "MIX-SNR": [
            -5.585087882513486,
            -5.007335658072654
        ]
    },
    "bass+drums+other": {
        "SI-SDR": [
            7.057570311185094,
            6.53824138340497
        ],
        "SI-SIR": [
            8.120549062863642,
            7.474073492284797
        ],
        "SI-SAR": [
            13.690821766316066,
            13.66362203835211
        ],
        "SD-SDR": [
            6.7636380669480936,
            6.175490818508107
        ],
        "SNR": [
            7.727968169373835,
            7.306250674393166
        ],
        "SRR": [
            18.605146133895246,
            17.13736584439132
        ],
        "SI-SDRi": [
            1.3784322598946996,
            1.5303489707140319
        ],
        "SD-SDRi": [
            1.0862921853815948,
            1.167598462331239
        ],
        "SNRi": [
            2.1428802868603505,
            2.298915016320512
        ],
        "MIX-SI-SDR": [
            5.679138051290394,
            5.007892412690938
        ],
        "MIX-SD-SDR": [
            5.677345881566499,
            5.0078923561768685
        ],
        "MIX-SNR": [
            5.585087882513484,
            5.007335658072654
        ]
    }
}