{
    "combination": [
        0,
        1
    ],
    "permutation": [
        0,
        1
    ],
    "vocals": {
        "SI-SDR": [
            -1.6900332833527731,
            -3.124471233028887
        ],
        "SI-SIR": [
            4.53104573199384,
            2.2034885117832728
        ],
        "SI-SAR": [
            -0.5054671618042856,
            -1.6172704525472634
        ],
        "SD-SDR": [
            -3.361349213817827,
            -4.155924787143233
        ],
        "SNR": [
            1.8984016141777496,
            0.6646020277507013
        ],
        "SRR": [
            1.5948001505645117,
            2.59294599626632
        ],
        "SI-SDRi": [
            8.156523114131536,
            6.586503620008006
        ],
        "SD-SDRi": [
            6.4853909690661675,
            5.5550707977068114
        ],
        "SNRi": [
            11.571338606649062,
            10.317742349768606
        ],
        "MIX-SI-SDR": [
            -9.84655639748431,
            -9.710974853036893
        ],
        "MIX-SD-SDR": [
            -9.846740182883995,
            -9.710995584850044
        ],
        "MIX-SNR": [
            -9.672936992471312,
            -9.653140322017904
        ]
    },
    "bass+drums+other": {
        "SI-SDR": [
            11.339809636426498,
            10.056193247740161
        ],
        "SI-SIR": [
            15.631685730599587,
            15.782841849440853
        ],
        "SI-SAR": [
            13.361810097096443,
            11.408158419705892
        ],
        "SD-SDR": [
            10.543807107643023,
            8.897742751125941
        ],
        "SNR": [
            11.540230952899048,
            10.28900843050029
        ],
        "SRR": [
            18.304429694874585,
            15.203168576557225
        ],
        "SI-SDRi": [
            1.6852622179267733,
            0.4092801713102485
        ],
        "SD-SDRi": [
            0.8894434745429791,
            -0.7491495934908183
        ],
        "SNRi": [
            1.8672939604277357,
            0.6358681084823861
        ],
        "MIX-SI-SDR": [
            9.654547418499725,
            9.646913076429913
        ],
        "MIX-SD-SDR": [
            9.654363633100044,
            9.64689234461676
        ],
        "MIX-SNR": [
            9.672936992471312,
            9.653140322017904
        ]
    }
}