{
    "combination": [
        0,
        1
    ],
    "permutation": [
        0,
        1
    ],
    "vocals": {
        "SI-SDR": [
            -0.43273948454853706,
            -0.8246948607497524
        ],
        "SI-SIR": [
            4.618014632849363,
            3.7269359185299167
        ],
        "SI-SAR": [
            1.1948724717567512,
            1.0503173287648793
        ],
        "SD-SDR": [
            -1.74278361838154,
            -1.5157097864256668
        ],
        "SNR": [
            2.46722307094612,
            1.7514397728265128
        ],
        "SRR": [
            4.1007692089198935,
            6.8081862741817325
        ],
        "SI-SDRi": [
            4.457894038215345,
            4.26583068615833
        ],
        "SD-SDRi": [
            3.147850442156507,
            3.57488761609606
        ],
        "SNRi": [
            7.3524915145849015,
            6.905756709324915
        ],
        "MIX-SI-SDR": [
            -4.890633522763882,
            -5.090525546908083
        ],
        "MIX-SD-SDR": [
            -4.890634060538047,
            -5.090597402521727
        ],
        "MIX-SNR": [
            -4.885268443638782,
            -5.154316936498402
        ]
    },
    "bass+drums+other": {
        "SI-SDR": [
            6.473097159602192,
            5.970796146218332
        ],
        "SI-SIR": [
            11.229454392508323,
            12.780640566212057
        ],
        "SI-SAR": [
            8.241456505933499,
            6.986048583555796
        ],
        "SD-SDR": [
            5.314547373778295,
            4.421747269817651
        ],
        "SNR": [
            7.338710540828348,
            6.893637401508796
        ],
        "SRR": [
            11.619648427356202,
            9.650466411454296
        ],
        "SI-SDRi": [
            1.5895699939982153,
            0.7969112710582902
        ],
        "SD-SDRi": [
            0.4310207459484827,
            -0.7520657497287475
        ],
        "SNRi": [
            2.4534420971895665,
            1.739320465010394
        ],
        "MIX-SI-SDR": [
            4.883527165603977,
            5.1738848751600415
        ],
        "MIX-SD-SDR": [
            4.883526627829812,
            5.173813019546398
        ],
        "MIX-SNR": [
            4.885268443638782,
            5.154316936498402
        ]
    }
}