{
    "combination": [
        0,
        1
    ],
    "permutation": [
        0,
        1
    ],
    "vocals": {
        "SI-SDR": [
            1.5580712098284168,
            0.10571152279457158
        ],
        "SI-SIR": [
            7.40550216992046,
            6.021575560572966
        ],
        "SI-SAR": [
            2.8667507301042194,
            1.3905797675850595
        ],
        "SD-SDR": [
            -3.786854581871692,
            -4.35023390596133
        ],
        "SNR": [
            3.452115227515521,
            2.9658940497889885
        ],
        "SRR": [
            -2.286673293955188,
            -2.4226682133847603
        ],
        "SI-SDRi": [
            4.286265534949943,
            3.6734369399950944
        ],
        "SD-SDRi": [
            -1.0585030096053467,
            -0.781785044318744
        ],
        "SNRi": [
            6.10920702086494,
            6.36691163236569
        ],
        "MIX-SI-SDR": [
            -2.7281943251215264,
            -3.567725417200523
        ],
        "MIX-SD-SDR": [
            -2.7283515722663454,
            -3.5684488616425862
        ],
        "MIX-SNR": [
            -2.657091793349418,
            -3.401017582576701
        ]
    },
    "bass+drums+other": {
        "SI-SDR": [
            5.062194834278121,
            5.284256617553124
        ],
        "SI-SIR": [
            6.3661914934591515,
            6.948388476503564
        ],
        "SI-SAR": [
            10.922969842981713,
            10.25575145534928
        ],
        "SD-SDR": [
            4.685558065355342,
            4.812361287109578
        ],
        "SNR": [
            6.034800860751469,
            6.2822082405379245
        ],
        "SRR": [
            15.491131519253452,
            14.685559011577567
        ],
        "SI-SDRi": [
            2.4435219597937747,
            1.9586283043195438
        ],
        "SD-SDRi": [
            2.0670424380158203,
            1.4874564183180623
        ],
        "SNRi": [
            3.3777090674020513,
            2.881190657961223
        ],
        "MIX-SI-SDR": [
            2.6186728744843464,
            3.3256283132335804
        ],
        "MIX-SD-SDR": [
            2.6185156273395216,
            3.3249048687915157
        ],
        "MIX-SNR": [
            2.6570917933494176,
            3.4010175825767015
        ]
    }
}