{
    "combination": [
        0,
        1
    ],
    "permutation": [
        0,
        1
    ],
    "vocals": {
        "SI-SDR": [
            3.633424244762842,
            4.087286278074969
        ],
        "SI-SIR": [
            9.111080230956713,
            10.015979648379608
        ],
        "SI-SAR": [
            5.0800020825416485,
            5.3677465110027365
        ],
        "SD-SDR": [
            1.3442051853638457,
            1.6551238608534078
        ],
        "SNR": [
            5.141312070603602,
            5.412418801418051
        ],
        "SRR": [
            5.219622066090977,
            5.332516943404496
        ],
        "SI-SDRi": [
            7.542384086071655,
            7.644806976328031
        ],
        "SD-SDRi": [
            5.25316990547406,
            5.212833463832419
        ],
        "SNRi": [
            9.03585012001722,
            9.05684263451508
        ],
        "MIX-SI-SDR": [
            -3.9089598413088127,
            -3.557520698253062
        ],
        "MIX-SD-SDR": [
            -3.9089647201102142,
            -3.5577096029790116
        ],
        "MIX-SNR": [
            -3.8945380494136166,
            -3.6444238330970293
        ]
    },
    "bass+drums+other": {
        "SI-SDR": [
            8.470286914734404,
            8.461120226592522
        ],
        "SI-SIR": [
            11.595625367719846,
            11.482093954307441
        ],
        "SI-SAR": [
            11.368517114274251,
            11.46077258106563
        ],
        "SD-SDR": [
            7.6415499169636245,
            7.766381985157031
        ],
        "SNR": [
            9.026930797185017,
            9.034848929973949
        ],
        "SRR": [
            15.243006970824196,
            16.068752453709653
        ],
        "SI-SDRi": [
            4.581625630457222,
            4.77893430640215
        ],
        "SD-SDRi": [
            3.752893511487847,
            4.084384969692607
        ],
        "SNRi": [
            5.1323927477714,
            5.390425096876921
        ],
        "MIX-SI-SDR": [
            3.8886612842771813,
            3.6821859201903715
        ],
        "MIX-SD-SDR": [
            3.8886564054757775,
            3.681997015464423
        ],
        "MIX-SNR": [
            3.8945380494136166,
            3.6444238330970276
        ]
    }
}