{
    "combination": [
        0,
        1
    ],
    "permutation": [
        0,
        1
    ],
    "vocals": {
        "SI-SDR": [
            0.28779104584762344,
            1.5281775776033184
        ],
        "SI-SIR": [
            5.1891863756931444,
            7.189069047859517
        ],
        "SI-SAR": [
            1.985046960910057,
            2.9044076885565207
        ],
        "SD-SDR": [
            -4.420150327183215,
            -3.170364386615038
        ],
        "SNR": [
            3.013034120016445,
            3.563650605936208
        ],
        "SRR": [
            -2.6272530906091136,
            -1.3726553591257205
        ],
        "SI-SDRi": [
            5.373553617544895,
            5.611517338996847
        ],
        "SD-SDRi": [
            0.665927696797807,
            0.9132204607604093
        ],
        "SNRi": [
            7.967170380450958,
            7.543445059731942
        ],
        "MIX-SI-SDR": [
            -5.085762571697271,
            -4.083339761393528
        ],
        "MIX-SD-SDR": [
            -5.086078023981022,
            -4.083584847375447
        ],
        "MIX-SNR": [
            -4.954136260434513,
            -3.9797944537957344
        ]
    },
    "bass+drums+other": {
        "SI-SDR": [
            7.182271806338134,
            6.7342292001056645
        ],
        "SI-SIR": [
            8.530572848868921,
            8.168832025901354
        ],
        "SI-SAR": [
            12.918969451494647,
            12.242329345086238
        ],
        "SD-SDR": [
            6.64378746090458,
            6.2863812503726155
        ],
        "SNR": [
            7.92486601586519,
            7.513876110642896
        ],
        "SRR": [
            15.976360322572683,
            16.374918337062145
        ],
        "SI-SDRi": [
            2.2697691885591613,
            2.7955533450415366
        ],
        "SD-SDRi": [
            1.731600295409356,
            2.347950481290406
        ],
        "SNRi": [
            2.9707297554306766,
            3.5340816568471616
        ],
        "MIX-SI-SDR": [
            4.912502617778973,
            3.938675855064128
        ],
        "MIX-SD-SDR": [
            4.912187165495224,
            3.9384307690822093
        ],
        "MIX-SNR": [
            4.954136260434513,
            3.979794453795735
        ]
    }
}