{
    "combination": [
        0,
        1
    ],
    "permutation": [
        0,
        1
    ],
    "vocals": {
        "SI-SDR": [
            0.23869810827987153,
            1.2547543905559724
        ],
        "SI-SIR": [
            8.583237759948165,
            11.745677151460853
        ],
        "SI-SAR": [
            0.9261625477741284,
            1.6610562001986475
        ],
        "SD-SDR": [
            -4.979056433281626,
            -2.9494715216839626
        ],
        "SNR": [
            2.9219573568935924,
            3.5194590342000485
        ],
        "SRR": [
            -3.4252998493013322,
            -0.8746516649129683
        ],
        "SI-SDRi": [
            7.176160418254331,
            8.7179705483118
        ],
        "SD-SDRi": [
            1.959224619447828,
            4.513750812987454
        ],
        "SNRi": [
            9.599115460107482,
            10.958255043065693
        ],
        "MIX-SI-SDR": [
            -6.9374623099744595,
            -7.463216157755829
        ],
        "MIX-SD-SDR": [
            -6.938281052729454,
            -7.463222334671417
        ],
        "MIX-SNR": [
            -6.67715810321389,
            -7.438796008865644
        ]
    },
    "bass+drums+other": {
        "SI-SDR": [
            9.116848515141001,
            10.60590567553539
        ],
        "SI-SIR": [
            10.526815649435315,
            12.58585506583049
        ],
        "SI-SAR": [
            14.688528874534965,
            14.969636714819803
        ],
        "SD-SDR": [
            8.889930321854369,
            10.447309466998044
        ],
        "SNR": [
            9.56706297032806,
            10.927797596171441
        ],
        "SRR": [
            21.822045353675815,
            24.901281361841235
        ],
        "SI-SDRi": [
            2.494334668295199,
            3.171503746641849
        ],
        "SD-SDRi": [
            2.26823521776356,
            3.012913715020092
        ],
        "SNRi": [
            2.8899048671141694,
            3.489001587305797
        ],
        "MIX-SI-SDR": [
            6.622513846845802,
            7.43440192889354
        ],
        "MIX-SD-SDR": [
            6.621695104090809,
            7.434395751977952
        ],
        "MIX-SNR": [
            6.67715810321389,
            7.438796008865644
        ]
    }
}