{
    "combination": [
        0,
        1
    ],
    "permutation": [
        0,
        1
    ],
    "vocals": {
        "SI-SDR": [
            3.683803195870319,
            3.684234488761901
        ],
        "SI-SIR": [
            10.62736774441773,
            10.701610189826384
        ],
        "SI-SAR": [
            4.664514186848238,
            4.646443173859177
        ],
        "SD-SDR": [
            1.1110198128115334,
            1.219074534555677
        ],
        "SNR": [
            5.129715487511266,
            5.147827223278069
        ],
        "SRR": [
            4.607901658058104,
            4.852898827192597
        ],
        "SI-SDRi": [
            7.305688356160112,
            7.658233701493982
        ],
        "SD-SDRi": [
            4.733428425041739,
            5.193791114618277
        ],
        "SNRi": [
            8.898042735855055,
            9.300764751183825
        ],
        "MIX-SI-SDR": [
            -3.6218851602897932,
            -3.9739992127320805
        ],
        "MIX-SD-SDR": [
            -3.6224086122302057,
            -3.9747165800625996
        ],
        "MIX-SNR": [
            -3.7683272483437893,
            -4.152937527905756
        ]
    },
    "bass+drums+other": {
        "SI-SDR": [
            8.29629694549505,
            8.75075826887912
        ],
        "SI-SIR": [
            11.291576510938004,
            11.865675915583102
        ],
        "SI-SAR": [
            11.321669422795313,
            11.658901516209
        ],
        "SD-SDR": [
            7.792236109848936,
            8.250489421957028
        ],
        "SNR": [
            8.891972788687806,
            9.293472517641932
        ],
        "SRR": [
            17.39484271904807,
            17.884031527217008
        ],
        "SI-SDRi": [
            4.465873165908279,
            4.528174089750514
        ],
        "SD-SDRi": [
            3.962335782202575,
            4.028622610158942
        ],
        "SNRi": [
            5.123645540344016,
            5.140534989736176
        ],
        "MIX-SI-SDR": [
            3.83042377958677,
            4.222584179128606
        ],
        "MIX-SD-SDR": [
            3.829900327646361,
            4.221866811798085
        ],
        "MIX-SNR": [
            3.7683272483437897,
            4.152937527905756
        ]
    }
}