{
    "combination": [
        0,
        1
    ],
    "permutation": [
        0,
        1
    ],
    "vocals": {
        "SI-SDR": [
            0.5151741957463328,
            -0.4285720399570295
        ],
        "SI-SIR": [
            7.988865609073112,
            6.18336133178302
        ],
        "SI-SAR": [
            1.371258380253908,
            0.6403371079735821
        ],
        "SD-SDR": [
            -8.055416303967442,
            -8.658936898632826
        ],
        "SNR": [
            2.434406125138669,
            2.2172709489203064
        ],
        "SRR": [
            -7.405567030672824,
            -7.951585061908732
        ],
        "SI-SDRi": [
            4.966236754351453,
            4.516184515004015
        ],
        "SD-SDRi": [
            -3.6043466546043916,
            -3.714092472704996
        ],
        "SNRi": [
            6.866967795223751,
            7.093350820907025
        ],
        "MIX-SI-SDR": [
            -4.45106255860512,
            -4.944756554961045
        ],
        "MIX-SD-SDR": [
            -4.451069649363051,
            -4.94484442592783
        ],
        "MIX-SNR": [
            -4.432561670085082,
            -4.876079871986718
        ]
    },
    "bass+drums+other": {
        "SI-SDR": [
            6.283522878875187,
            6.477987127586421
        ],
        "SI-SIR": [
            6.896692394985276,
            7.11414494243808
        ],
        "SI-SAR": [
            15.0885386311874,
            15.134378472760861
        ],
        "SD-SDR": [
            6.163434772911524,
            6.315370375214422
        ],
        "SNR": [
            6.841758000652071,
            7.085032156959109
        ],
        "SRR": [
            21.806183630110137,
            20.662615323908224
        ],
        "SI-SDRi": [
            1.857619220601432,
            1.6241343603323948
        ],
        "SD-SDRi": [
            1.7375382053956994,
            1.461605478927182
        ],
        "SNRi": [
            2.4091963305669877,
            2.2089522849723906
        ],
        "MIX-SI-SDR": [
            4.425903658273755,
            4.853852767254026
        ],
        "MIX-SD-SDR": [
            4.425896567515824,
            4.85376489628724
        ],
        "MIX-SNR": [
            4.432561670085083,
            4.876079871986718
        ]
    }
}