{
    "combination": [
        0,
        1
    ],
    "permutation": [
        0,
        1
    ],
    "vocals": {
        "SI-SDR": [
            -0.3172071628504711,
            1.9494153279491597
        ],
        "SI-SIR": [
            7.052515459555478,
            12.16621854166637
        ],
        "SI-SAR": [
            0.5618649571954899,
            2.383555722978207
        ],
        "SD-SDR": [
            -5.3926186880688665,
            -3.5794484498786074
        ],
        "SNR": [
            2.7196811461648753,
            3.58416000879087
        ],
        "SRR": [
            -3.7761713162936097,
            -2.1529461040810625
        ],
        "SI-SDRi": [
            9.149338493025205,
            10.028678499118735
        ],
        "SD-SDRi": [
            4.073927381541795,
            4.4998408316538265
        ],
        "SNRi": [
            12.194203671645786,
            11.71760516939652
        ],
        "MIX-SI-SDR": [
            -9.466545655875676,
            -8.079263171169575
        ],
        "MIX-SD-SDR": [
            -9.466546069610661,
            -8.079289281532434
        ],
        "MIX-SNR": [
            -9.47452252548091,
            -8.13344516060565
        ]
    },
    "bass+drums+other": {
        "SI-SDR": [
            11.808134419505654,
            11.345387857160993
        ],
        "SI-SIR": [
            13.301813178695863,
            12.80322691083229
        ],
        "SI-SAR": [
            17.16886074226381,
            16.794683507357956
        ],
        "SD-SDR": [
            11.53893147281285,
            11.229032947589433
        ],
        "SNR": [
            12.085426439667248,
            11.60829930673615
        ],
        "SRR": [
            23.749882700884815,
            27.007076496949217
        ],
        "SI-SDRi": [
            2.332710874726077,
            3.2035711884017797
        ],
        "SD-SDRi": [
            2.0635083417682676,
            3.0872423891930776
        ],
        "SNRi": [
            2.6109039141863377,
            3.4748541461305003
        ],
        "MIX-SI-SDR": [
            9.475423544779577,
            8.141816668759214
        ],
        "MIX-SD-SDR": [
            9.475423131044582,
            8.141790558396355
        ],
        "MIX-SNR": [
            9.47452252548091,
            8.13344516060565
        ]
    }
}