{
    "combination": [
        0,
        1
    ],
    "permutation": [
        0,
        1
    ],
    "vocals": {
        "SI-SDR": [
            4.7145001028871425,
            3.177296060528094
        ],
        "SI-SIR": [
            15.932241540414536,
            11.996419215862499
        ],
        "SI-SAR": [
            5.055658796655455,
            3.788330317922128
        ],
        "SD-SDR": [
            2.394511871864071,
            0.6902450401344211
        ],
        "SNR": [
            5.84841690738242,
            4.825936221619125
        ],
        "SRR": [
            6.225974744666534,
            4.295584463382295
        ],
        "SI-SDRi": [
            13.548701778363938,
            11.45517898853709
        ],
        "SD-SDRi": [
            11.229471618919451,
            8.9691282644086
        ],
        "SNRi": [
            15.006644816148938,
            13.453635813509463
        ],
        "MIX-SI-SDR": [
            -8.834201675476795,
            -8.277882928008996
        ],
        "MIX-SD-SDR": [
            -8.834959747055379,
            -8.278883224274178
        ],
        "MIX-SNR": [
            -9.158227908766518,
            -8.627699591890337
        ]
    },
    "bass+drums+other": {
        "SI-SDR": [
            14.826241240597229,
            13.228698553042882
        ],
        "SI-SIR": [
            18.543107917215572,
            16.554094450655715
        ],
        "SI-SAR": [
            17.229004112568045,
            15.94522555007967
        ],
        "SD-SDR": [
            14.636878832296286,
            12.903572453912279
        ],
        "SNR": [
            14.963332337304717,
            13.416213000910009
        ],
        "SRR": [
            28.336121445433346,
            24.322446166074915
        ],
        "SI-SDRi": [
            5.627366612494898,
            4.551317731491817
        ],
        "SD-SDRi": [
            5.43876227577254,
            4.2271919286264
        ],
        "SNRi": [
            5.805104428538199,
            4.7885134090196715
        ],
        "MIX-SI-SDR": [
            9.198874628102331,
            8.677380821551065
        ],
        "MIX-SD-SDR": [
            9.198116556523747,
            8.676380525285879
        ],
        "MIX-SNR": [
            9.158227908766518,
            8.627699591890337
        ]
    }
}