{
    "combination": [
        0,
        1
    ],
    "permutation": [
        0,
        1
    ],
    "vocals": {
        "SI-SDR": [
            2.774048110095361,
            4.122647029650187
        ],
        "SI-SIR": [
            10.506504767068556,
            11.37160682634037
        ],
        "SI-SAR": [
            3.5757385855733377,
            5.029280321541899
        ],
        "SD-SDR": [
            -0.9206165367994599,
            1.577543229532627
        ],
        "SNR": [
            4.382951728278942,
            5.414016870615448
        ],
        "SRR": [
            1.4986247919037818,
            5.108913820368205
        ],
        "SI-SDRi": [
            2.269539908460157,
            3.76714998165908
        ],
        "SD-SDRi": [
            -1.4251115127729164,
            1.222053634698142
        ],
        "SNRi": [
            3.8641662180532785,
            5.069456537146062
        ],
        "MIX-SI-SDR": [
            0.5045082016352042,
            0.3554970479911069
        ],
        "MIX-SD-SDR": [
            0.5044949759734566,
            0.3554895948344849
        ],
        "MIX-SNR": [
            0.518785510225664,
            0.344560333469387
        ]
    },
    "bass+drums+other": {
        "SI-SDR": [
            2.5199493635014854,
            3.7984436498575436
        ],
        "SI-SIR": [
            4.662007725457508,
            6.874733876484186
        ],
        "SI-SAR": [
            6.61657584138859,
            6.74374105734159
        ],
        "SD-SDR": [
            2.1810891634863574,
            3.3098904472771995
        ],
        "SNR": [
            3.859245355823806,
            5.05719847697608
        ],
        "SRR": [
            13.42705514897051,
            13.040601796224564
        ],
        "SI-SDRi": [
            3.0548270799520125,
            4.131165452787397
        ],
        "SD-SDRi": [
            2.715980105598637,
            3.642619703363673
        ],
        "SNRi": [
            4.378030866049469,
            5.401758810445466
        ],
        "MIX-SI-SDR": [
            -0.5348777164505272,
            -0.3327218029298537
        ],
        "MIX-SD-SDR": [
            -0.5348909421122795,
            -0.3327292560864733
        ],
        "MIX-SNR": [
            -0.5187855102256635,
            -0.344560333469387
        ]
    }
}