{
    "combination": [
        0,
        1
    ],
    "permutation": [
        0,
        1
    ],
    "vocals": {
        "SI-SDR": [
            -1.648920703527028,
            -3.02250439125386
        ],
        "SI-SIR": [
            4.400240830676109,
            1.624550873509837
        ],
        "SI-SAR": [
            -0.40901228813181817,
            -1.1981562414330322
        ],
        "SD-SDR": [
            -9.228874986392569,
            -9.77043959604799
        ],
        "SNR": [
            1.9667135605494712,
            1.6750712672955843
        ],
        "SRR": [
            -8.395603537665044,
            -8.738735201302188
        ],
        "SI-SDRi": [
            5.644782432108268,
            4.541407964299357
        ],
        "SD-SDRi": [
            -1.9350500309236605,
            -2.206510186193209
        ],
        "SNRi": [
            9.367726548623445,
            9.280216612057304
        ],
        "MIX-SI-SDR": [
            -7.293703135635296,
            -7.563912355553217
        ],
        "MIX-SD-SDR": [
            -7.293824955468908,
            -7.56392940985478
        ],
        "MIX-SNR": [
            -7.401012988073974,
            -7.60514534476172
        ]
    },
    "bass+drums+other": {
        "SI-SDR": [
            8.878041692825434,
            8.697101422844245
        ],
        "SI-SIR": [
            9.601111970756271,
            9.483315891795472
        ],
        "SI-SAR": [
            17.020599910637273,
            16.506712634509643
        ],
        "SD-SDR": [
            8.68139449490818,
            8.360434917583937
        ],
        "SNR": [
            9.32928373986355,
            9.222250887966382
        ],
        "SRR": [
            22.220312584009207,
            19.633524791749647
        ],
        "SI-SDRi": [
            1.4573077281655316,
            1.0847709541944468
        ],
        "SD-SDRi": [
            1.2607823500818975,
            0.7481215032357023
        ],
        "SNRi": [
            1.9282707517895759,
            1.6171055432046622
        ],
        "MIX-SI-SDR": [
            7.420733964659902,
            7.612330468649798
        ],
        "MIX-SD-SDR": [
            7.420612144826282,
            7.612313414348235
        ],
        "MIX-SNR": [
            7.401012988073974,
            7.60514534476172
        ]
    }
}