{
    "combination": [
        0,
        1
    ],
    "permutation": [
        0,
        1
    ],
    "vocals": {
        "SI-SDR": [
            0.8595613611560848,
            2.405867704760831
        ],
        "SI-SIR": [
            4.73472156403906,
            5.988133593676363
        ],
        "SI-SAR": [
            3.1489585724074325,
            4.910838607615542
        ],
        "SD-SDR": [
            -2.155321622849386,
            0.28471229957434474
        ],
        "SNR": [
            3.450481469996247,
            4.375611884459597
        ],
        "SRR": [
            0.8504001377087838,
            4.414326965873199
        ],
        "SI-SDRi": [
            3.6365307286860182,
            4.136284323687388
        ],
        "SD-SDRi": [
            0.6216617886206715,
            2.015267093484696
        ],
        "SNRi": [
            6.205987644257391,
            6.046577066622975
        ],
        "MIX-SI-SDR": [
            -2.7769693675299334,
            -1.730416618926557
        ],
        "MIX-SD-SDR": [
            -2.7769834114700576,
            -1.7305547939103514
        ],
        "MIX-SNR": [
            -2.7555061742611437,
            -1.6709651821633777
        ]
    },
    "bass+drums+other": {
        "SI-SDR": [
            5.000307531784988,
            4.77524884943368
        ],
        "SI-SIR": [
            7.060055165028359,
            7.614810420712245
        ],
        "SI-SAR": [
            9.229256795449032,
            7.963275260038952
        ],
        "SD-SDR": [
            3.9859403555564286,
            3.3779174565177588
        ],
        "SNR": [
            6.1871666625149535,
            6.020037059219576
        ],
        "SRR": [
            10.799147900421433,
            8.982715413046758
        ],
        "SI-SDRi": [
            2.256168183693882,
            3.144658789281014
        ],
        "SD-SDRi": [
            1.2418150514054456,
            1.7474655713488836
        ],
        "SNRi": [
            3.4316604882538106,
            4.349071877056199
        ],
        "MIX-SI-SDR": [
            2.744139348091106,
            1.6305900601526662
        ],
        "MIX-SD-SDR": [
            2.744125304150983,
            1.6304518851688752
        ],
        "MIX-SNR": [
            2.755506174261143,
            1.6709651821633775
        ]
    }
}